page_id,doc_id,text,category,label_source
dominy_001_p002,dominy_001,"Sag Harbor Jany 17 1834
Majr Dominy
Dr Sir I send pr
Mr Seay a gold watch be so good
as to put in good order and
keep it till it till is regulated
Should the expence be much inform
me before you do it and be
so good as to let me know what
is the matter with it, and whether
the screw pinion does it any injury
should like to have the watch as soon
as it is #### put in good order
Respectfully
Geo. B Brown",dominy_accounts,silver_claude
dominy_001_p003,dominy_001,"Majr F Dominy
E Hampton
with a watch",dominy_accounts,silver_claude
dominy_002_p002,dominy_002,"WASHINGTON BALL.
E PLURIBUS UNUM
The Managers of the WASHINGTON BALL, respectfully
solicit the company of Mr. N Dominy
and Lady, at the HALL OF THE PECONIC
HOUSE, on Tuesday Eve February March 3d, 1846.
MANAGERS.
AMOS W. LEWIS, ORIN F. BROWN,
CHARLES BATES, GEORGE CORWIN.
Printed by J. M. Scofield, New London, Conn.",dominy_accounts,human
dominy_002_p003,dominy_002,"2
Mr N Dominy
Easthampton
SAG HARBOR N.Y.
FEB 26",dominy_accounts,silver_claude
dominy_007_p002,dominy_007,"+ Paid 2 $ 50 Cts
To get Fanny Mulford a trunk 26 inches Long = sent = 2 $ -
Do Nancy a crape frock sent = 7 $ - Paid 7 $
- Stephen Sherril a gun sent = 7½ $ Paid 7 $ -
- John D. Tuthill a brass kettle sent = 4 $ at 60 Cts per pound
Abm Osborn 50 oil flints - Paid 3/ - per hund
100 Oil flints
Copper plate cut at Stouts paid 3 $ -
Johna D. Tuthill sent 4 $ fr kettle paid 4 26 at 58 Cts lb
Paid for Powder 38 Cts for Shot 1 $ 25 Cts -",dominy_accounts,silver_claude
dominy_008_p002,dominy_008,"Mr Nathaniel Dominy To J H Youngs Dr
1857
May 29 ironing a fish cart 6 50
8 sett 4 pair shews a whiffle hook &c 1 00
30 setting tire on fish cart wheels
80 pounds at 6 cts two dollars for setting 6 80
June 1 3/4 of a pound nails 10
6 bands &c on cart tung 62
17 found & sett a shew 13
July 10 2 sett a pair shews 22
14 2 12 hinges for stage sett a pair shews &c 1 57
17 2 long braces 2 plats & clipses for stage 75
20 6 sett 3 pair shews one new pair 1 00
24 ironing a sett of whiffle trees 75
5 2 screw bolts for stage 25
Aug 13 30 copper nails a plate for sneath 25
14 4 sett 2 pair shews new shews 1 12
1 sett a new shew 28
24 4 sett 2 pair shews one new pair fixt the others 81
25 2 sett a pair new shews 56
Sep 1 1 sett a new shew 28
ironing fish cart for Nathan Sweezy 12 00
21 spliceing an auger 9
ironing a coff stand 1 25
29 2 sett a pair shews one new one toed the other 45
Oct 6 working a copper bolt in to copper nails 50
18 a sett of staples & hog iron plats band &c for a sett of side boards 1 75
21 6 sett 3 shews one new one put nails in others &c 56
a pair hings nails &c 4 pounds at 10 cts 40
38 amount caried over 39 91",dominy_accounts,silver_claude
dominy_008_p003,dominy_008,"Amount brought over 39 91
38 a hasp & staples 15
spliceing whipple hook 9
1858 sett 3 shews toed two 46
Jan 13 to an axe 50
plats nail &c for a sett of sids 31
2 pounds boat nails 34
4 1 sett a shew 11
9 2 sett a pair new shews 56
12 4 sett 2 pair new shews 3 new ones toed the other 1 00
18 1 fixt & sett a shew 15
29 sharpning a colter a clevise pin &c 44
April 3 one pound nails 16
13 2 whipple rings 11
May 18 strapping 2 blocks for purse sein fish &c mended &c 1 00
27 a hup for ancor stock 19
June 1 2 shewing horse fixt shews &c 62
5 a bolt for mill 10
8 8 shewing 2 horses 1 00
9 ancor flews for cap ron 1 00
15 mending hup for mill 13
26 1 found & sett a shew 13
July 2 sett a new tire 24 lbs at 5 cts 1 20
for labor in setting 50
6 sett a new tire 15 lb at 5 cts 75
for setting 50
mending 2 pitch forks 19
amount caried over to 3 page 52 19",dominy_accounts,silver_claude
dominy_008_p004,dominy_008,"Amount Brought over from Page 2, 52 19
19 an eye in hames 13
29 4 fixt & sett 2 pair shews 50
52 82
21 22
31 60
1857
May 14 Credit for ballance on account 9 37 52 82
30 for a bolt of copper 1½ lbs 35 31 84
Aug 20 2 passags to sag harber 50 20 98
Sep 21 4 passags to sag harber 1 00
65 shews
making fish cart 10 00
21 22
(Johns fishing $2 21 Walstins 1 96) 4 17
By Copper Bolts ,50 Baldwin 26 15
Apr "" two neck yokes ,62½ Collum Bill 42 93
two Bushl Buck Wheat 2,00 Lew N $11 77
Aug 4 By 3500 Shad $100 3,50
By 3500 do 3,50
March "" Bu#y 2 lbs flour & Ha#ter 50
10 62½
21 22
31 84
Collum $42 93
Ha Iron 926 cast
530 wrot
cart age $1,00",dominy_accounts,silver_claude
dominy_010_p002,dominy_010,"New York July 7th 1831 -
Mr Downing
Bot - of A Mathey
2 ½ Dozen watch Glasses - 4/- $1,25
,,25
1 Watch Dail - ,,25
1 Center pinion - $1,75
Received payment Aimé Mathey
81 Chatham st N Y
If the pinion is not of right size you will
please send it back and I will give you
the size you want
A M",dominy_accounts,silver_claude
dominy_010_p003,dominy_010,"$ 1.75
Mr
Downing
East Hampton
L I",dominy_accounts,silver_claude
dominy_011_p002,dominy_011,"1860
G Miller Dr
To N. Domeny
for ten bushels Wheat
recieved form
Hook Mill
$ cts $ cts
1.50 per bush 15.00",dominy_accounts,silver_claude
dominy_012_p002,dominy_012,"1860
J. T. Parsons.
Dr to N Domany
for Wheat recieved
at sundray times
from Hook Mill
11 eleven bushels. 1.50 pr bush $ cts 16,50",dominy_accounts,silver_claude
dominy_013_p002,dominy_013,"Mr N D Tuthill
Bought of Thomas Richards
1. 13 Inch plain Dial - $3.50
1 pair hands 1/6 - ½ dozen Watch Keys 4/- "" 69
½ dozen Watch Seals @ 24/doz - 1.50
1 Black Lead Pot, Round No 5 @ 6d pr No "" 31
1 - do - Square "" 4 - "" 5/100 - "" 20
1 dozen fuzee chain hooks - "" 06
soft solder ½ dozen #### Verges @ 16/doz - 1.00
Dolls 7.26
Newyork
June 1st. 1822
Received Payment
Thomas Richards
Pr J H Whitney
hard soldered verges cost 5$ per doz
F. D.",dominy_accounts,silver_claude
dominy_013_p003,dominy_013,"do fa
bill of
Thomas Richds
No 36 Cheapside
N york",dominy_accounts,silver_claude
dominy_015_p002,dominy_015,"Sag Harbor Sept 24th 1846.
Friend D -
Next Wednesday Sept 30th we are going
to have a Grand Ball and I wish you to come down and
also to use all your influence in the good cause. Invite all
you acquintaces and every one else. I want you to turn out
all East Hampton - the rich and poor - old and young - male
and female. and I was going to say black and white -. You
must do all you can to help it along. If those young bloods
boarding at Mrs Millers are in town you must make them
Come as this is the first of the season we want something
rich - ""So go it while you are young for when you
get old you cant"". If you Come down before Wednesday
give us a call. Excuse this as I am in a D-l of a
hurry -
Yours &c R E Gardiner
Tickets 75 cts
P.S.
If you think best - I will send you some tickets to sell.
Drop me a line by the morning mail -",dominy_accounts,silver_claude
dominy_015_p003,dominy_015,"5
PAID
Nat- Dominy Esqr
East Hampton
L I
SAG HARBOR SEP 24 N.Y.",dominy_accounts,silver_claude
dominy_016_p002,dominy_016,"New York 23d. May 1829
Mr. F Downing
Bot. of A Mathey
2 Watch faces - - - -- 2/ $0,,50
3 Square files - - - - - "" 18¾
1 Dozn common Keys - - - - "" 25
$0,,93¾
Received payment
Aimé Mathey
I have no other Keys at present",dominy_accounts,silver_claude
dominy_016_p003,dominy_016,"Matheys Bill
12¼
25
2
50
2/0 2 5/6
12 ½ ¼
East Hampton
Mr Felix Dominy
Long Island
Babylon
Babylon Suffolk County",dominy_accounts,silver_claude
dominy_017_p002,dominy_017,"Dr Brother New York; September 27th 1829
I sent by sloop regulator on Friday
last a button and tassles as requested in your
last letter - the price of a pair of Holsters
varies from three to five dollars - and a pair
of good pistols with iron barrels can be
purchased for five dollars.
I shall endeavour to be at Huntington
on the afternoon of the 8th October next, and
if you wish, can bring any articles with
me that you may desire.
I have nothing new to commu-
=nicate and am
Your afft
Jere Miller Jr
Majr Felix Dominy Brigade Inspr
33 Brigade
N. Y. S. Infantry",dominy_accounts,silver_claude
dominy_017_p003,dominy_017,"FREE
Genl Jeremiah Miller
Post Master
East Hampton
Long Island
NEW-YORK SEP 27",dominy_accounts,silver_claude
dominy_018_p002,dominy_018,"January 1st 1796 . Dr L. S. D.
1 - Abraham Baker To Repair Dutch #### 0 2 0
5 - David Fithin To Repair Dut#### 4 0
8 - Mary #### To screws to dutch wheel 0 1 6
8 - John Gan To can#### stand 0 2 0
9 - Thomas Baker To 4 light frame and sash & putin 0 6 6
11 - Daniel Conkling To rockers on cradle 0 1 6
14 - Stephen Hedges To boring samp mortar 0 1
14 - Matthew Barns To repair dutch wheel 0 5
14 - Abraham Mulford To 1 spool & wire flyars 0 1
15 - Daniel Hedges To repair dutch wheel 0
15 - Zebulon Conkling To repair dutch wheel 0 4
15 - Ebenezer Hedges To 1 spool & wire flyars 0 1
16 - Jeremiah Miller To repair dutch wheel 0 1
18 - Selah Pike To mend spindle 0 1
23 - Daniel Hedges To repair dutch wheel 0 2
23 - Isaac Conkling To dutch wheel 0 6
26 - John Hunting To small chair 0 5
Feb 2 - John Hunting To 3 spools 1 whirl wire flyars & 0
2 - Samuel Dayton To heads on 2 spools & whirl 0
2 - Stephen Hedges To repair dutch wheel 0 1
2 - Uriah Miller To wire 2 pair of flyars & 0 1
5 - Deacon David Talmage To neck yoke 0 1
6 - #### Rysam #### 0 4
10 - #### Whit#### To 1 reel 0 8
10 - #### Mulford To wire flyars 0 0
12 - #### Rysam To repair reel 0 5
13 - Matthew Tuthill To whet #### 1 crosscut saw 0 1
1# - William Mulford To mend spindle new flyars & spool 0 3
15 - #### Hand To 2 spools & wire flyars 0 2
1# - #### Campbell To hitchel board 0 2
2# - #### Cuff To flyars & spool 0 2
## - ####eph Miller To repair dutch wheel 0 3
## - #### Hedges To repair dutch wheel 0 1
## - ####jamin Parsons To a spool head 0 0
## - #### Tuthill To repair dutch wheel 0 6
## - #### Mulford To mend auger 0 0
## - ####ns fireplace To trim saw 0
## - #### To 1 spool head 0 0
## - #### Edwards To wire flyars 0 0
## - #### Hedges To repair woolen wheel 0 1
## - #### & 2 #### spools 0 10
## - #### To repair woolen wheel 0 1
## - #### 3 #### 0 4 0
## - #### 4 0",dominy_accounts,silver_claude
dominy_018_p003,dominy_018,"1796
2 Tables L S D 3 12 0
April 1 Chest upon Chest 10 0 0
6 #### Chairs 3 0 0
4 Fiddle back Do 1 12 0
2 Slat back Do 0 8 0
1 Long chest 0 10 0.
1 Bedsted 2 long posts 0 18 0
1 Reel 0 10 0
1 Stand 0 10 0
1 Woolen wheel 0 10 0
1 Frame To looking Glass 1 4 0
1 Spindle for woolen wheel 0 3 0
The above articles for our family
1796 Mulatto Ben To 1 Reel 8/ 1 wheel 12/ 1 0 0
Jacob Hand To Woolen wheel box hub & steel spindle 1 4 0
Nathan Mulford To dining table 2 0 0
Nathan Mulford To repair desk & looking glass frame 0 8 0.
Widow Elizabeth Miller To repair a chest 0 3 1
0 Henry Dominy To Meal trough 1 4 0
Henry Dominy To clock case 5 0 0
Henry Dominy To repairing old desk & book case 0 12 0
Thomas Baker To trim tennon saw 0 2 0
y 5 Puah Cuff To bedsted short posts 0 12 0
9 Elisha Payne To an old Dutch wheel 0 13 0
12 Stephen Hedges To 1 Days work on hog house 0 6 0
12 Robart Parsons signor To mend woolen wheel 0 1 9
16 Thomas Baker To mend table & great chair 0 6 0
16 Christopher Hedges To 1 woolen wheel spindle & 1 4 0
21 Capt Jeremiah Osborn To woolen w spindle 0 3 0
23 Isaac V Scoy To woolen W spindle 0 3 0
26 John Gan To mend woolen wheel 1 6
28 Abraham Edwards To 2 spokes in d wheel & 0 0 6
31 John Lyon Gardiner To 22 lights of sash & sto## 0 1 0
31 Elnathan Parsons To 4 weavers shafts 0 9
3 Jeremiah Dayton To mend shovel hand## 1 6
3 Stephen Hedges To finish woolen spindle 1 6
3 Samuell Conkling 2nd To Corn harrow 5 6
3 Benjamin Miller To 1 Quill wheel 0 10 0
To 1 pair of temples 3 shuttles & 3 Doz spools 1 13 6
4 Samuell Conkling To 1 rake 2 6
4 Eli Parsons To rake handle and bows 1 3
6 Stephen Hedges To trim hand saw 0 1 0
# Daniel Hedges To #### D and #### 0 3 6
# ####min #### #### pair of #### 0 0",dominy_accounts,silver_claude
dominy_018_p004,dominy_018,"L S D
# 7 Daniel Hedges to 2 rakes at 3/ 0 6 0
Isaac Payne to 1 rake 0 2 6
10 ##oel Miller to 1 rake 0 3 0
1# Little Mill To making Tub &c 0 3 0
1# Stephen Babcock To small waggon 0 6 0
1# Burnham Sherrill To stamp 0 2 0
13 Stephen Hedges To finish 2 rake handles 0 1 0
1# John Tillinghast To boot key 0 3 0
13 Deacon Talmage To mend 3 rakes 0 1 0.
13 Elnathan Parsons To 1 pound of 10 penny N. 0 1 3
13 Stephen Hugh - To stocking 1 gun &c paid 15/6 1 4 0
16 Miller Dayton To a stock pistol 0 12 0
16 Joel Miller To rake head and bows 0 1 9
16 John Parsons To mend 2 chairs 0 1 8
16 David Hedges To 1 neb 0 0 3
18 Deacon Talmage To put tailpiece on cart 0 2 6
21 Elnathan Parsons To axletreeing 2 wheels 0 1 6
To put one spoke in wooling wheel and 1 rake 0 3 0
22 Eli Parsons To 1 rake at 3/ 0 3 0
22 Deacon Talmage To spliceing Sneath 0 0 #
22 David Lester To 1 neb 0 0 4
23 Nathan Dayton To mend 2 rakes 0 2 6
24 Stephen Hedges To hewing stick & for #### for axletree 0 1 6
24 Jeremiah Dayton To 1 rake 0 3 0
24 Abraham Edwards To 1 rake 0 2 #
26 Abraham Edwards to another rake 0 2 6
26 Jeremiah Dayton To new head & bows to 3 rakes 0 # 0
26 Samuell Parsons To mend 1 rake 0 0 9
28 Daniel Hedges To head & bows to 3 rakes 0 6 0
28 Samuell Gardiner To 1 pair of nebs 0 0 6
29 Phebe Miller To woolen wheel 0 12 0
July 9 Isaac Hedges To 1 rake 0 3 0
9 Sam Bennet To wire flyars and 1 head 0 0 10
12 David Hedges To back top and bottom chair #### 0 1 9
12 John Stratten To 1 rake 0 3 0
12 Ebenezer Sage To teasters &c 0 4 0
12 Jeremiah Parsons To head & bows to rake 0 2 0
12 Joel Miller To painting room 0 6 0
15 John Davis To repair 2 rakes &c 0 1 6
16 Elnathan Parsons To woolen w Spindle 0 3 0
16 David Hedges To hooping bottle & head 0 1 9
16 Samuell Dayton To rake handle found 0 2 6
18 Nathaniel Hand To woolen wheel & sp#### 0 17 0
21 Capt Abraham Gardiner to mend 2 crad#### 0 2 0
26 Eli Parsons To 1 rake 0 3 0
28 Deacon Talmage To cheese fat 0 2 6
28 Jeremiah Parsons To an old rake 0 2 0",dominy_accounts,silver_claude
dominy_018_p005,dominy_018,"####phen ####dges To axltree & tailpiece to ####
####ch Parsons To 3 posts & 1 brace to ca#### 6
#### e Payne To making 4 window fra#### 6 0
5 Stephen Hedges To pitch fork handle 1
16 Isaac Payne To myself & boy 6 Days work on house 2
20 Elnathan Parsons To 5 ½ Days work o#### 16
3 John L. Gardiner To myself & boy 12 Days work 4 16
10 Elnathan Parsons To myself and boy 6 days work
14 Abraham Sherril To churn top 1 19
15 Abraham Edwards To work on cart Wheel 0 0
15 Jonathan Baker To cut pair of bench screws 0 1
16 Widow Mary Loper To 4 lights of sash & glass 0
22 Abraham Sherril To 1 ½ Days on Mill 0 2
22 Jeremiah Parsons To mend W Wheel 0 12 0
23 Abraham Edwards To mend Card 0 1 6
23 David Leek To grind 2 pair of shears & point Sh#### 0 0 4
23 Selah Pike To 1 rake - paid in part the bushel #### 0 0 6
25 Daniel Conkling To make sword To waggon 0 3 0
25 Matthew Stratten To whet saw 0 1 6
2# David Leek To point another Shuttle 0 1
Oct 1 David Miller fireplace To chest for Nath #### 0 0 6
Isaac Payne To myself and boy 2 days #### 0 16 0
17 Ezekiel Jones To printers jack & spool#### 1 14 0
22 Widow Sally Stratten 2 dozen butten #### 0 3
26 William Rysam To hinges & screws 0 0
To turning screws 0 11
To finish 3 tables at 16/ per table 0 4 0
Nov 1 Ezekiel Jones To trim hand saw 2 8 0
10 Elnathan Parsons To pair of chair wheels 0 2 0
14 Abraham Edwards To mend Chair 2 1#
15 Jacob Hand To 4 spools & repair D Wheel 0 0 3
18 Daniel Hedges To trim Saw 0 5 #
Accounts Posted 0 1 3
Dec 2 Eli Parsons To mending 3 chairs
3 Abraham Mulford To makin Table
3 Josiah Mulford To puut hinges on Table &c 3 0
3 Daniel Dayton To trim hand Saw 0 1 3
6 Eli Parsons To mend another chair 0 1 #
6 John Terry To mend 1 chair 0 1 #
John L. Gardiner To 1 Reel 0 #
18 Mary #### Simon To square table 12 #
8 ####ard Bennet To mend Wheel 0 3 6
8 ####ie Fanning To woolen Wheel 0 1#
13 ####seph Barns To Wiring flyars 0 0 3",dominy_accounts,silver_claude
dominy_020_p002,dominy_020,"Sag-Harbor, March 4 - 1806
Mr Nathaniel Dominy to Alden Spooner, Dr.
To the SUFFOLK GAZETTE, from No. 79 to No. 104 - being
26 papers, 75 Cents.
Received payment for A. Spooner. Jonathan Tuthill",dominy_accounts,human
dominy_024_p002,dominy_024,"27th August 1815 $ 5..50
8 Septr 10.
30 Octr 5.
6 Nov. 3.
4 Novr 5..
23 4 Spoons 5.. 2¼
9 Dec. 5..
17 5..
6 Jany 1816 5..
13 5..
20 5..
27 5.
10 Feby 5..
24 5.
2 March 2.
9 5..
16 5.
19 2..
23 5..
30 5..
6 5.",dominy_accounts,silver_claude
dominy_027_p002,dominy_027,"Dear Sir
I am in want of a woolin wheel and wish to
make have one with an iron axeltree as those
you made for me before I wish to have it
as soon as you can make it, & likewise
two Spindles with whirls on them for our
other wheels in so doing you will much
oblige your friend
Mr Nathaniel Dominy Daniel T Terry
Oysterponds May 1st 1819",dominy_accounts,silver_claude
dominy_027_p003,dominy_027,"Mr Nathl Dominy
D T Terry East Hampton",dominy_accounts,silver_claude
dominy_029_p002,dominy_029,"Sag Harbor 5th Decr 1821 -
Mr Felix Dominy
Sir
Some two or three weeks since
I recd a letter from you by mail, without date -
It came to hand on Monday; I had not
heard of the watches being down at the untill the saturday
before, and then by accident, although I had seen
Mr Gelston almost daily; and when I called on Mr
Gelston on Monday he informed me you brought
them down yourself. - I was then the more sur
=prised as I was in hopes & exspectations you would
have been so good as to have called and seen
me agreeable to my desire; which as you passed
the house were I now reside would have given
you but little trouble. -
By your letter you appear rather disple:
=ased at my writing you that Mr Harris did not
wish a glass put in his watch and observed that
Simons put them in for 12½ Cts. - I conceive there
was no harm in this - I know very well there
is a difference in the prices of Glasses, and
some costing twice as much as others, and a
real cristal I judge would cost four times
the price of a Glass - But people will do as
they",dominy_accounts,silver_claude
dominy_029_p003,dominy_029,"please and in general to let them do as they please
is the best for all tradesmen - Some chooses their
garments made in one fashion & some of another -
Some prefer high prised broad cloths & some lower
prised - But for me to refuse to do the work
in making or repairing Clothes, because they
would not purchace my cloths, but prefered others,
would I think be against my interest as I
think it may be against yours; that is if there
is any proffit of in cleaning Watches at the price
you usually charge -
I had no other views in sending you the
Watches that I have, than for your profit, and I
have been requested to send up others but did not
know as you would wish to receive them to
clean or repair, as possibly Simons might have
put in the Glasses. -
When I asked you the price of your watch
in Easthampton, I judged your price of 10 $
included the Chain, but 50 cts extra would make
no difference, or no great, in the purchace of the
Watch; could I procure means to buy her with.
My Wood and provisions for the winter
have cost me so much that I find it not
in",dominy_accounts,silver_claude
dominy_029_p004,dominy_029,"my power to master Cash to pay for a watch -
Your watch I like very well and have
kept her hanging up in my house, longer than
I should have done was it not for the hopes of seeing
you down at the harbor - When Mr Rogers gave
me the Watch I observed the Christal a little cracked
if it happened in his hands I feel desirous to pay for
a new one, and also any thing you may charge, within
reason, for the use of the watch, if it has been any
disappointment to you on account of my
keeping the Watch so much longer than
I calculated when I took her. -
I should be pleased to see you if you
will take the trouble to call on me when you come
to the harbor. - I was intimately acquainted with
your Grandfather; between us, there was quite a
friendship & good understanding on all subjects. -
I have some acquaintance with your
father, & your unfortunate brother, was quite intimate
in my family; and ## had a desire of cultivating
a good understanding with you & thought I might
possibly be of some advantage to you in obtaining
customers - I leave your Watch as you direct
with Mr A. H. Gardiner. I am Dear Sir with
respect your friend H. P. Dering",dominy_accounts,silver_claude
dominy_029_p005,dominy_029,"HPD
H. P. Dering
Mr Felix Dominy
Easthampton
Care of
A. H. Gardiner Esq
with a Watch",dominy_accounts,silver_claude
dominy_034_p002,dominy_034,"New-York 10th March 1829
Mr Downing
Bot of A Mathey
½ Dozn Main Springs - - $0,87½
1 pc Watch Dials - 2,50
2 Dzn watch Glasses - 1 ""
$ 4,37½
Received payment in full Aimé Mathey
61 Chatham St New-York",dominy_accounts,silver_claude
dominy_034_p003,dominy_034,"$4 38/100
A Mathys
Bill
N yok",dominy_accounts,silver_claude
dominy_036_p002,dominy_036,"Sagharbor - 19 March 1828
Mr Domeny Sir I wish you to repair my
watch as soon as convenient & send it to Mr Ripleys
Store with the bill and I will pay him when I
Calvin Moore
take it - --",dominy_accounts,silver_claude
dominy_036_p003,dominy_036,"Capt F. Domeny
East Hampton",dominy_accounts,silver_claude
kade_007_p005,kade_007,"Sonntag abend
Lieber Sohn!
       Habe Deinen Brief
erhalten, wolte auch gleich
Schreiben, ist aber nichts
geworden. Norman ist
rein gekommen, u. nun
will Er rauf gehen nach
Blums, denn Er ist wohl
einsam. Herman Lauers-
dorf ist im Hustisford
Hospital, seit letzten
Montag. Er hat Sinus,
u. ein Mastne. Irma
war Mitwoch hier, u. hat
gefragt ob Norman könnte
helfen Holz sägen, Nachmittag
Edie Ihr Bruder hat es
gesägt, Sie haben 3 cord
gekauft. Mitwoch Abend",kade_letters,human
kade_007_p006,kade_007,"waren wir nach Hilbert, Norman
hat eine Wasch Bank gemacht für
Lorina, Albert war auch mit.
Lorina war zwei Tage zu Hause
beim Schlachten. Hilbert sagt das war
zu einsam wie Er alein war.
Wie sie denn Dinstag hier waren
hat Er sich den Kuh Scherrer mit
genommen. Sie hatten Mitwoch schon
10 Kühe geschoren. Es ist nun wieder
eins von die größten weißen
Schweine Todt. Es wurde so Krank
das es nicht mehr stehen konnte
so hat Norman es Todt geschlagen.
Es scheint mit die weißen ist nicht
viel los. Die meesten Eier wo wir
gekriegt haben waren 16, sie waren
Donnerstag blos noch 16ct. Ich war
zum Arzt D. Da hab Ich Ihm gefagt
von das xray, Er sagte, daß Er kein
Bild genommen hat, nur das Licht
gebraucht, so hat er auch wieder
Donnerstag es gebraucht, die Knie
ist jetzt viel besser, seitdem Ich die
Salbe brauche, aber kratzen
mus Ich doch noch.",kade_letters,human
kade_007_p007,kade_007,"Mein Kalt ist immer
noch nicht besser. Wir
waren Heute zur Kirche,
der Pastor hat so schön
gepredigt. Denk blos
Frau H. Bartel ist Neu=
Jahrs die Keller Treppe
runter gefallen 15 Stuffen
bei Raymond, u. hat sich
den rechten Arm gebrochen
u. Kreutz u. Kopf sehr
weh gethan. Edgar war
noch nicht hier, Sie waren
bei Edna letzten Sonntag.
Was haben den Manthes
zu die Wurst gesagt?
Wir sind Donnerstag von
Juneau nach Kanlitz u.
haben die Wurst geholt.
Die Kappe hab Ich gefunden
Sie war im closet Nun Leb
wohl   In Liebe    Ma.

				Postmark January 24, 1939",kade_letters,human
kade_007_p010,kade_007,"Dinstag Morgen
Lieber Sohn!
       Habe Deinen Brief
jestern erhalten, so werde
Ich auch gleich Antworten.
Haben jestern gewaschen,
so wolte Ich Dein Zeug
Morgen schicken, weil
Du kommen willst, brauche
Ich es wohl nicht zu
schicken. Heute sieht es
recht Winterlich aus, ist
aber nicht so kalt wie
jestern. Lichtenbergs
waren letzten Donnerstag
hier, da haben Sie gesagt
das Frau Kanlitz am
Mitwoch Operirt ist
sie hatte ein gewäx",kade_letters,human
kade_007_p011,kade_007,"Sie ist im Hartford Hospital.
Der kleine Herman ist
letzten Samstag operirt
an seine Nase, haben
noch nichts wieder gehört,
Norman war Freitag
hin. Zieh Dich warmes
Unterzeug an, u. auch
Deine rubbers.
Wenn Du Abens mit
die Bus kommst, wenn
es Milch zeit ist, dann
geh nach Tente Guste,
ring dann auf, dann
15 Mi. nach 7 bin ich
drin, dein zeug kanst Du
ja bei Schönike lassen.
       Nun leb wohl
       In Liebe
                    Ma

				Postmark February 23, 1939",kade_letters,human
kade_007_p014,kade_007,"Dinstag Abend
Lieber Sohn!
       Habe heute Deinen Brief erhalten,
u. so werde Ich gleich Antworten, sonst wird
es wieder nichts. Wir waren Heute zum
Begräbnis, bei Frau Bergman, den Hühner
Emil seine Mutter. Sie war über 78 Jahre
Alt. Ihn haben sie müssen anfassen, Er
sieht auch sehr schlecht aus, und Emil ist
Ohnmächtig geworden in die Kirche, Er
war ganz steif, musten Ihm den Mund
aufmachen, um ein bischen Wasser rein
zu thun. Frau Lichtenberg hat gesagt, Er
hätte die ganze Zeit noch nichts gegessen.
       Emil seine Frau ist fort von Ihm",kade_letters,human
kade_007_p016,kade_007,"Im Stall ist alles
beim Alten, blos ich
thu jetzt  fanny Melken
den die kleine Nancy thut
aus den Pail Trinken.
Wann fangen dies Jahr
die Ostern Ferien an?
Nun werd Ich aber
Müde. Blums haben
Heute schon 28 Schweine
Verkauft. Ich mus
jetzt anhalten, den Ich
mus immerzu das
Maul aufreißen, des
es war jestern Abend
schon spät.
	Nun leb wohl
	In Liebe
	Deine Mutter
Grüß die Lehmans
Walter L. hat auch blos 18 kleine von
		Drei Alte Schweine",kade_letters,human
kade_007_p017,kade_007,"3. So ging es recht gut,
war die road aber schlecht
von das Tau Wetter.
(Der Name wird so geschrieben
Gerwing)
Ja wie Ich bei Tante
Ida in Jorkville war,
hatten wir Chop suey,
Ich Eß es sehr gerne,
lieber wie schilly
Sie hatte noch extra
Schnitzel zu gekocht
u. da wurde es rüber
gefühlt. Wir haben
jestern gewaschen, Ich
werde die letzten Tage
Dein Zeug Schicken, denn
Ich mus erst die Strümpfe
stopfen. Morgen Nach=
mittag haben sie was
in die Schule bei Ray u. Rose
und da soll Ich auch hin
 	kommen",kade_letters,human
kade_007_p018,kade_007,"2 Onkel Aug u. Tante Em sind mit uns gefahren
wir sind nicht mit zum Kirchhoff, weil wir
noch in Juneau mussten anhalten. Jestern
Abend waren wir nach Farmers Instituin
nach Juneau, Es war im Hi. school G. John 8
Schulen hatten Programs , u. die auch wo Ray
u. Rose hin gehn, die haben auch den ersten
Preis gekriegt, $5. es war sehr schön.
Hib u. Lo waren Samstag Abend
hier, u. wir waren Sonntag hin, Lo
hat $5 von Ihre Ma gekriegt zum Geburts
Tag geschenk, da solte Sie sich einen Rug
in die Küche für kaufen, so wolten
Sie den gerne legen, Norman solte
helfen, Albert war mit, Sie haben
den Ofen so lange auf die Portch gethan",kade_letters,human
kade_007_p022,kade_007,"Mitwoch Morgen
Lieber Sohn!
	Habe Deinen Brief jestern erhalten.
Hoffe das Du bis Heute gut Fühlst. Ich hab
auch wieder kalt, u. Norman auch ein
bischen, Wir können aber beide Arbeiten.
zieh Dich nach das Wetter an, den wenn
es so kalt u naß ist, sind die langen
Beine nicht warm genug mit die shorts.
Letzten Sonntag sind die beiden Kühe
Frischmelk geworden, Rose u. Blakie, auch
wird es kleine Schweine geben, doch
Albert u. Norman denken, die junge
kriegt nicht viele. Norman hat Sie jestern
	im Stall gebracht",kade_letters,human
kade_007_p024,kade_007,"Hilbert hat von Drei Alte 21 gekriegt.
Sie waren Sonntag Abend bei Onkel Augs
Wir waren runter nach Hus. nach Fritz
Lichtenbergs. Edgar war Montag hier.
Er hatte auch wieder Gninsy, konnte etliche
Tage nicht Arbeiten, u. drei Tage nichts
Essen, Vic u. die Kinder haben die Flue
Morgen ist Grace Ihr Geburts-Tag. Ich hab Ihr
ein Kleid genäht, will es Heute hin Schicken.
Wir haben dies Jahr die Deuschen Pasions
Gottes Dinste Donnerstag Abends, wann
sind Sie bei Euch? Leb wohl
		In Liebe
	Deine Mutter",kade_letters,human
kade_007_p028,kade_007,"Freitag Morgen
Lieber Sohn!
	Habe die Karte erhalten,
Du Schreibst, daß Du
den nächsten Tag woltest
Dein Zeug Schicken, Es
ist noch nicht gekommen,
es wird doch nicht ver=
loren sein. Wir sind
beide so zimlich Gesund,
Ray u. Rose haben Mitwoch
nicht gut gefühlt. Wir
waren alle Mitwoch
Abend nach Lorinas
Geburts-Tag, die von
Mayville waren bei Tag
da Bosins, Griepentrogs,
Bonacks alle vier, Jonny
Frank u. Viola, Viola
ist da geblieben, bis Heute
	over",kade_letters,human
kade_007_p030,kade_007,"Hilbert will Heute hin Fahren,
Vater Bosin u. Ray wollen
seine car zum truck machen
Er sagt in die schlechte road
ist es nichts mit den trailer.
Die road war sehr schlecht
letzt Abens, nach Hause
sind wir runter nach
Clymen1, u. dann auf
den cement, daß war
besser. Ich hab gewünscht
wir wären zu Hause
geblieben. Es wolten noch
mehr kommen am Abend
von die jungen Leute, es
wird Ihr wohl zu schlecht
gewesen sein. Albert ist
grade zurück von die
factory, so mus Ich wieder
Kannen waschen. Wir
haben 6 kleine pigs sie
hatte Sieben, eins hat Sie Todt
	gedrückt",kade_letters,human
kade_007_p031,kade_007,"Norman war Montag
u. jestern zum Zahnarzt.
Er hat Ihm Drei gefült.
Seine Taschen Uhr war
auch schon wieder kaput.
Irma war auch wieder
Krank, Sie wolte diese
Woche hin gehn, zur Operation.
Tante Guste ist auch nicht
gut. Ich war Dinstag
Abend hin, Ihr Herz ist
so groß, u. was Denkst
Du Sie hat den Tape worm
Sie geht zum Arzt, wo
Martha war, der sagte Sie
mus zum Hospital kommen
für die trietment, weil Sie
Alt ist u Ihr Herz so schlecht ist.
Num mus ich Schließen es ist
9 Uhr. Leb wohl. In Liebe
 			Ma
soll Ich Dich wieder eine
 	Wurst mit schicken

Tante Guste will nicht daß Es einer
 	Wissen soll sag es zu
 				keinen

				Postmark March 22, 1939",kade_letters,human
kade_007_p034,kade_007,"Dinstag Abend
Lieber Sohn!
      Habe Heute Deinen
Brief erhalten, So mus
Ich auch gleich Antworten,
den Ich bin Heute Abend
so viel besser, daß Ich
doch Schreiben kann, ob
Ich den Brief kann fertig
Schreiben, weis Ich nicht,
Ich war drei Tage im
Bett mit die Flue, Schmerzen
hatte Ich kaum zu beschreiben
mein Kopf war sehr sehr
schlim, meine Haare gehn
so aus, mit Wurtzeln
fallen sie raus, seit
jestern Fühle Ich ein bischen
besser, u. Heute hat das Essen
schon geschmeckt, Ich war
nicht raus seit Donnerstag
      Morgen",kade_letters,human
kade_007_p036,kade_007,"2
auch Norman hatte Es, einen
Tag konnte Er den Stall
nicht rein machen, Es war
auch schlecht für Ihm, nun
mus Er das Melken aleine
thun, u. Milch Geschirr Waschen
Norman hat uns dann
Medizin geholt, vom Arzt.
Leo u. die Kinder hatten
es auch. Edna war Heute
Nachmittag hier, Norman
nimt Sie jetzt zurück.
Hilbert u Lorina waren
hier, Hib thut Hafer umtauschen
den wo Er mit nihmt
thun Sie gleich rein machen
Lorina hatte Es auch, Sie
war zwei Tage im Bett,
Sie sieht auch noch Krank
aus. Norman muste mich
noch Helfen, den Laundry
case zumachen, Ich hatte",kade_letters,human
kade_007_p038,kade_007,"3
keine Kraft. Es freut mich
das Du Gesund bist. Ich hab
schon imerzu an Deinen suit
gedacht, Wie Ist es denn
in Madison, Nehmen die
mehr? Wenn es nicht
mehr so lange wäre bis
die Frühlings Ferien, soltest Du
einen in Watertown kaufen
Ich Denke das beste wäre
Du thust den für Alttag
tragen, u. den Neuen
für gut, Hast Du schon
welche angeschaut? Wir
haben die Schweine ver=
kauft, der check ist aber
noch hier, wenn Ich besser
fühle will Ich nach die
Stadt, dann könnte Ich
dich das Geld Schicken,
soll Ich es im Moneyorder ?
      Schicken?",kade_letters,human
kade_007_p040,kade_007,"4
Die junge Sau, hatte 7
kleine, aber eins hat Sie
Todt gedrückt, u. eins ist
klein. Nellie haben wir
auch verkauf, den Sie gab
nur sehr wenig Milch noch.
Norman wolte gerne Ich
solte Zastrow bezahlen für
die Windmühle. Es werden
diesen Freitag zwei Wochen
das Irma Operiert ist,
Sie soll ja zimlich gut
sein. Es war Schade das
Du Deinen Feder verloren
hast, Sie hat wohl Ihre
Dinste gethan, wilst Du dich
wieder solche teure kaufen?
Ruth hat Ihr zeug schon alles
auch die Haare sind schon fertig
Hoffe das Ich Sonntag gut Fühle
das wir nach Kirche können",kade_letters,human
kade_007_p041,kade_007,"Werden die Kinder da
auch Confirmirt?
     Hilbert u. Lorina
werden sihch wohl in
Clyman an die Kirche
schließen.
Nun Leb wohl
In Liebe Ma

				Postmark March 29, 1939",kade_letters,human
kade_007_p044,kade_007,"Mitwoch Morgen

Lieber Sohn!
      Du wirst wohl
schon jestern gedacht haben,
daß Du von mich hören
würdest, wir waren
jestern Nachmittag erst
nach Horicon, denn Ich
wolte Wilke u Hintz
etwas geben. Montag
haben wir gewaschen.
Wir waren Sonntag hin
nach Horicon Kirche, die
Kinder konnten gut Ant=
worten, es waren 21.
Es war auch sehr Schönes
Wetter, wenn es Sonntag
nur auch so ist. Unsere
road ist hier zimlich gut",kade_letters,human
kade_007_p046,kade_007,"aber die bei Bartels ist
sehr schlecht, da kann kein
truck mehr durch, Albert
sagte Heute Morgen, den weg
nach die Factory ist jestern
ein car Stecken geblieben.
das alte Schweichen hatte 15
Babys, 7 Leben nur noch,
4 waren Todt u. 4 hat Sie
Todt gedrückt, daß andre ist
alles beim Alten. Wenn Du
noch Geld übrig hast, kauf
dich einen Hut, Ich werde
Dich $30.00 Schicken. Dein
Zeug werde Ich Morgen
Schicken. Nun leb wohl
      In Liebe
        Deine Mutter",kade_letters,human
kade_007_p049,kade_007,"Mit. M.
Lieber Sohn!
	Nur ein paar
Zeilen, daß Du weist
das wir Gesund sind.
Norman ist beim Säen.
Er hat nur erst 5 1/2
Acker gesät, hat aber
alles aufgearbeitet
bei Köhlers. u. das
hohe Land hier beim
Haus gesät. Letzte Woche
Donnerstag waren
wir zum Begräbnis
bei Mr. Weigel, haben
aber mit keinen ge=
sprochen, waren nicht
zum Kirchhof weil es
so geregnet hat. Es war
nicht im Haus. In Liebe
		Ma

				Postmark May 12, 1939",kade_letters,human
kade_007_p052,kade_007,"Donnerstag Abend
Lieber Sohn!
	Habe Deinen Brief
erhalten, wolte auch gleich
Schreiben, wurde aber
nichts draus, bei Tag ist
so viel Arbeit, und jestern
Abend waren wir nach
Horicon, daß Mehl war
all. Nellie hat von Montag
zu Dinstag die Nacht, Ihr
Fohlen gekriegt, Es wurde
gleich nach zwölf geboren,
es sieht hell braun aus
aber die Beine sind bei=
nahe weis, es ist größer
wie Daisy war, und
Norman nennt es Bud
es ist sehr lebhaft,
dies mal brauchten
wir nicht den Arzt
Norman war noch im
Stall bis halb zwei.",kade_letters,human
kade_007_p054,kade_007,"2
Dienstag Abend ist Onkel Aug
u. Em hier gewesen,
Norman konnte das Säen
fertig machen, etwas
von das niedrigen hier
bei Haus, konnte er
nicht Säen es war zu
naß. Du warst nicht
ganz richtig, Edgar sein
Geburts-Tag war den
9 ten, so ist Bud auf
sein Geburts-Tag. Norman
u. Ich waren Sonntag
hin, wie wir hin kammen
war das Haus leer, die
Nachtbarn wusten noch
nicht mal, wo sie hin
gemuft waren. Dann ist
Norman nach die Fabrick
u. hat gefragt. Das
Haus ist verkauft,",kade_letters,human
kade_007_p056,kade_007,"3.
so musten Sie raus. Edgar
war schon lange nicht mehr
hier, auch Schreibt Vic.
nicht mehr, Sie hat
immer noch die Hochzeit
im Kopf. Wir waren
blos zwei Stunden da,
weil Nelly noch kein
Fohlen hatte wolten wir
nicht lange fort bleiben.
Hilbert u. Lorina waren
Sonntag Abend hier, Gustav
Frank hat Hilbert geholfen,
Vater Lehman ist Heute
zu Grabe getragen,
Er war 96 Jahre Alt.
Ich wär auch gerne
zum Begräbnis gegangen
Norman wolte den
Garten pflügen, wir
haben noch keine
	Kartoffel gepflanzt",kade_letters,human
kade_007_p058,kade_007,"4

Morgen wärde Ich
denn Garten machen.
Weigels hatten einen
Pastor, Er hatte einen
Weißen Chorrock an
mit Schwarz getrimmt.
Er war noch jung, keine
Rede hat er nicht gemacht
nur kurze Gebete ge=
lesen. Nun mus Ich
wohl anhalten u. ins
Bett gehen, den Es war
alle Abende spät, jestern
war mein rechtes Auge
sehr schlim, da konnte
Ich nicht viel thun.
Nun leb wohl u. Gott
behüte Dich. In Liebe
	Deine Mutter
		Gute Nacht.",kade_letters,human
kade_007_p062,kade_007,"Freitag Morgen
Lieber Sohn!
	Zuerst danke
Ich Dir vielmals, für
die Karte, es hat mich
sehr gefreut. Die andern
Kinder waren alle
hier, Hilbert u. Lorina
waren bei Tag bei Bosins
u. so war es schon 20 Mi.
nach 9 wie Sie kamen
Edna war zu Mittag
hier, u. Edgar die kamen
um 7 Ich war schon
fertig mit Melken,
die kleinen haben den
Stickhusten, der Dr. hat
ein Zein1 angemacht,
So können Sie nicht
zur Schule gehn.",kade_letters,human
kade_007_p064,kade_007,"Die haben sich so sehr gefreut.
Sie waren ja auch nicht
hier seit Danksagungs Tag.
Ray Griepentrops haben
ein kleines Mädchen.
Norman ist jetzt bei, Korn
Land pflügen, u. die
Fenz ist auch noch nicht
gemacht, Er solte Launsdorf
fragen zum helfen, aber
Er will nicht, die Kühe
sind noch im Stall, Ich
helf alle Morgen,
kratzen, Ich hoffe das
Sie bald raus gehn, wir
haben so viel Trubel
mit Helen u. Fanney.
Die haben solche schlime
Striche. Helen konnte Ich
nicht mehr Melken so
hat sie geschlagen",kade_letters,human
kade_007_p066,kade_007,"Norman konnte schon mehre
Male keine Milch mehr
raus kriegen, so wird der
Strich wohl auftrocknen.
Der kleine Bud ist sehr
Lebhaft. Er schlaft nicht so
viel wie Daisy hat. Den
28 ten ist Norman sein
Geburts-Tag, hast Du schon
dran gedacht?
	Nun mus Ich schließen
den es ist zeit zum
Mittag machen, Dein
Zeug hab Ich jestern geflickt
waren die Cookies auch
kaput?  Ist es schon zu
Warm für Wurst zu Schicken?
Nun Leb wohl
	In Liebe Deine
		Mutter",kade_letters,human
kade_007_p070,kade_007,"Mitwoch Morgen
Lieber Sohn!
	Habe Deinen Brief
jestern erhalten, wenn Du
kanst, dann komm, denn
Arbeit ist genug, mehr
wie Du thun kanst, die
Sturm Thüren u. Fenstern
sind noch dran, u. es
ist gleich June, daß andere
können wir uns alles
erzählen. Ich habe eben gefragt
wann die Bus kommt,
Sie sagte 5 M. bis 5, dann
ring gleich auf, dann kann
Dich Norman noch holen, ehe
wir Melken, sag die
Jungens, sie sollen Sonntag
kommen für Norman's
	Geburts-Tag",kade_letters,human
kade_007_p071,kade_007,"wenn Sie können,
Einladen thue Ich weiter
keinen, doch Edna sagt
das welche kommen
wollen auf den Abend
Nun mus Ich anhalten
den Ich hab so sehr viel
Arbeit heute, mus
den Keller rein machen.
	In Liebe
		Ma.

				Postmark June 2, 1939",kade_letters,human
kade_007_p073,kade_007,"June 1 - 1939
Lieber Sohn!
	Ich hatte Dein
zeug fertig, war beim
zubinden, dann kam der
Mail Mann, es war erst
wenig nach 11 Uhr, daß
grüne Hemd hab Ich vergesssen
zu Waschen, so hab Ich das
alte weiße eingepackt.
Ist es aber sehr warm
Norman hat jestern ge=
pflügt, Nutzi war
so das Sie nicht mehr
konnte, die Seiten haben
noch am Abend gepflogen
So haben wir Zastrows
gefragt, es zu pflügen,
Halb elf hatten wir
Regen, Heute Vormittag.
Albert u. Norman machen
Heute Abend den Drath über
die road. Heinrich musten
Sie jestern zum Hospital
nehmen, sein Genickt ist sehr
			schlim

In Liebe Ma

				Postmark June 9, 1939",kade_letters,human
kade_007_p076,kade_007,"June 9-1939
Lieber Sohn!
	Habe Deinen Brief
erhalten, so werde Ich
Heute gleich Schreiben, den
Ich hab noch ein bischen zeit.
Ich hab Kartoffel aus
gemammelt gesammelt, es sind
doch viele schlechte bei.
Lichtenbergs wollten welche
zum Pflanzen haben. Ich
Hoffe das Sie dieses Jahr
besser werden, Norman
hat auch nicht viel gepflanzt.
Hat es da auch so hart
geregnet? Mitwoch
Abend, da hat Ruth
Graduiert, Norman hat
uns hingefahren, denn",kade_letters,human
kade_007_p078,kade_007,"Leo wolte Melken. Es
hat aber so sehr geregnet,
das Er nur drei Küh
gemolken hat, sie Melken
ja jetzt draußen, weil
der Stall gemacht wird.
Jestern Abend hat die Hoch
Schule in Juneau graduirt,
wir waren Eingeladen
von Köhler's, es waren
ein ganz Theil da, es war
10 M. nach zwölf, wie
wir nach Hause kammen.
Heinrich ist noch im
Hospital, Er war letzte
Woche zimlich schlecht, Sie
musten den Knochen kratzen.
Wir waren noch nicht hin
Abens wird es zu Spät, u.
letzten Sonntag hat Norman gearb=
		eitet",kade_letters,human
kade_007_p079,kade_007,"Nun mus Ich schließen
Schreib noch mal.
	In Liebe
	Deine Mutter

				Postmark June 12, 1939",kade_letters,human
kade_007_p082,kade_007,"Monday A.M.
Lieber Sohn!
	Nur ein paar zeilen.
Wie Du geschrieben hast, wirst
Du diese Woche noch nicht
kommen, wenn es allright
ist, kann Norman ja Sonntag
kommen, u. Dich holen, laß
uns wissen. Tante Emilie
war auch sehr Krank.
Ihr Bein ist jetzt schlim
bis über die Knie.
	Nun leb wohl
	In Liebe Ma.",kade_letters,human
kade_007_p083,kade_007,Sent between June 1939 and September 1939?,kade_letters,human
kade_007_p092,kade_007,"Mitwoch Morgen
Lieber Sohn!
      Ich habe die Karten
erhalten, wie fühlst Du
jetzt in der Fremde? Die
Schule fängt wohl Heute an.
Ich wolte schon Montag
Schreiben, da war Ich denn
ganzen Tag bei Edna, Fritz
Strache war da, und da
hat Edna die Komode gekauft
u. Ich das Bett für Hib. u.
jestern waren wir zum
Begräbnis bei Budewitz.
Er war letzten Freitag
Fischen, u. da hat Er einen
Schlag gekriegt, haben Ihm
Todt gefunden. Von das
Begräbnis sind wir dann
      nach Hilbert, da ist Montag",kade_letters,human
kade_007_p093,kade_007,"Abend ein kleines Mädchen
geboren, weil sie Deine
adresse nicht hatten, haben
Sie mich die Karte mit gegeben
das Ich sie Schicken solte. Edna
wird nach Beaver Dam ziehen
Sie haben noch viel verdruß
mit Hucks, der Schirf sheriff sagte
Leo solte sein Theil, raus
muwen, so waren alle
die Nachbaren da am Sonntag
u. haben geholfen, Norman u.
Albert auch, Sie haben ein
großes Schwein, u. zwei
Kälber hier nach uns ge=
bracht, Hafer u. Gerste nach
Ferne K. u. das Holz nach
Neuendorf, so war nach das
Heu u. enslige ensilage1, daß Heu wolte
Er heute pressen lassen, dann
war aber der Scherf u.
      Hucks jestern nachmittag
       da",kade_letters,human
kade_007_p094,kade_007,"u. nun darf Er nicht, der
Advokat Schwertfeger, hatte
letzte Woche papiere ausgemacht
das Hucks nicht dürfte aufen
Hof kommen. Morgen werde
Ich wieder nach Edna
gehn, dann will Sie die
Hühner ein kannen, mich
grault schon fürs muwen.
Norman thut Heute, daß
letzte Korn ausbrechen,
Es hat hier etwas geregnet,
hoffe das es bald mehr
gieb, daß Norman pflügen
kann. Wie ist es da?
Was macht dein Arm?
Frau Haspp ist auch Todt.
Sie hatte sich hin gelegt
nach den Mittag Essen
Bertha war da, da kamm
Sie im Bettzimmer, u. da war
 	Sie Todt.",kade_letters,human
kade_007_p095,kade_007,"Hast Du schon eine
Kirche gefunden? Wo
thust Du Essen? Wie
ist es mit dein Bett?
Schreib mich alles.
Nun leb wohl
In Liebe Ma.

				Postmark October 5, 1939",kade_letters,human
kade_007_p098,kade_007,"Oct 5. - 1939
Lieber Sohn!
      Wir haben Deinen Brief
jestern erhalten, so werde Ich
gleich Antworten, sonst wird
es wieder nichts. Du hast wohl
mehr erlebt wie die andern,
den Ich Denke, Es war noch
keiner von uns von die Wan=
schen verbissen. Ich sagte Dir,
du soltest aufpassen, wenn
Du im Hotel thäts Nacht bleiben,
hatte aber keine ahnung, daß
die Leute jetzt noch so was
haben, Lizzie F. hat bei Edna
geholfen, die waren auch mal
auf einen Platz, wo welche
waren, Sie sagte wenn
man das Licht Brennen
läßt, dan kommen Sie raus.
Norman hat wohl zwei
Lagen Korn von das
Stück, Blums haben noch",kade_letters,human
kade_007_p099,kade_007,"6 Reihen shocks über die
road. Leos sind Samstag
gemuft, Dinstag muste er
hin kommen nach Juneau, dann
war sein Advokat, u. Hucks
seiner, auch Hucks beide,
konnten aber nicht einig
werden, so wird es den 23
vor den Richter kommen,
Ferni K. war mit Ihm mit,
Schwertfeger hat gesagt, Er
solte noch etliche mit bringen
wo den Sonntag geholfen
haben, Ich weis nicht ob Ich
Dich geschrieben habe, daß Leo
ein Schloß hatte von Ferni, u.
das hat Hucks kaput gesägt
es war an die Gränirie, dann
hat der Renter getreide rein
gethan, nun will F. K. auch
das Er das Schloß bezahlen
soll. Bis jetzt hat Leo noch
keine Arbeit, es sind ja so",kade_letters,human
kade_007_p100,kade_007,"3
viele Arbeitslose. Ich denk
das Haus, wird wohl sehr kalt
sein, denn Es ist eine ofene
Halle, wie bei uns, u. dann
keine Thüren unten, es
ist Küchen, Eßzimmer, u. Sitz=
zimmer, u. drei Bettzimmer
oben, Sie müssen $16 rente
geben. Onkel Fritz u. Tante
Ida sind Montag gekommen
sie waren Dinstag Abend
hier, Tante Ida hat noch
Ihre Hand verbunden, der
Schorf ist nah drauf, die
zwei letzten Finger sind
steif. Heute hat Emil
Seegert Aucion, Norman
will auch Heute Nachmittag
hin Vater Blum will mit
Fahren, es fängt schon um
zehn Uhr an, Er will auch",kade_letters,human
kade_007_p101,kade_007,"Budd verkaufen. Wir
waren Sonntag Nachmittag
nach Hib, Edna u. F. waren
auch mit, sie hatten viel
Besuch, Bosins, Griepentrogs,
Aug. Seiferts, Edwin Bennedits
Viola, Mer. Frank + boy Friend,
u. am Abend waren Millers
noch da. Hib war Montag
hier, Er muste nach Jones,
dann hat er die Bettstelle
geholt, Norman muste
Montag bei Höhlers
muwen helfen, Er sagte es
war solche Harte Arbeit, es
waren blos zwei Mann bei
die erste Load, bei Leo warn
11 Mann 11 Uhr war alles
geladen. Norman hat Dinstag
angefangen zu pflügen.
     Bleibe Fromm denn Dan wird
es Dir wohl ergehn. In Liebe
      Deine Mutter

				Postmark October 12, 1939",kade_letters,human
kade_007_p104,kade_007,"Juneau, Wis.
      Oct. 11 - 1939.
Lieber Sohn!
      Haben Deinen Brief
Heute erhalten, wenn jetzt
dieser Brief, Morgen fort geht
kriegst Du Ihn dann Samstag?
Du Schreibst ja garnichts von
Deine Wanschen bisse, ist jetzt
alles Heil? Must Du Dein
Bettzeug brauhchen? und
wo kriegst Du dein zeug
gewaschen? Hast Du auch schon
die Stopfnadel gebraucht? oder
sind die großen Zehen jetzt
artig? Ist das auch ein
Deutscher, der mit Dich im
Zimmer ist? Du brauchst doch
wohl nicht Hungern, ich würde
Dich gerne was schicken, aber
das Ende ist zu weit, ja dran
Denken darf ich nicht,",kade_letters,human
kade_007_p105,kade_007,"das solche große Strecke zwichen
uns ist, aber der Liebe Gott
ist überall, auch Er wird
Dich behüten, daß Du nur auf
seine Wege gehest. Ja
Charlottes Geburts-Tag ist den
18 19ten u. Hilberts den 24ten
Hib war Heute hier, Sie
wollen Sonntag die kleine
Taufen lassen, u. Ich soll
Tathe sein, Vater Bosin u.
Gertrude. Norman u. Ich
wir wolten Sonntag nach
Edgar gehn, nun wird es
nichts, Edgar war noch nicht
hier, seit den 27ten August,
Leo war Freitag u. Samstag
hier, Freitag haben Sie die
Kartoffel ausgemacht, wir
hatten wieder Kledehns
Digger, wir haben Denk
Ich, an 25 bu. Sind nicht
viel kleine bei.",kade_letters,human
kade_007_p106,kade_007,"3
Ob Leo jetzt Arbeit
hat, wissen wir nicht,
den wir haben diese Woche
noch nichts gehört, Ich Misse
Edna sehr, überhaupt beim
Waschen, u. nun mus
Ich auch alein Haus reinmachen.
Eins von die kleinen
Schweine war letzte
Woche Todt, u. Drei haben
einen Bruch. Ich hab Heute
den Tierarzt aufgerungen,
Er wolte 1 dol. haben, fürs
Stück, wenn Sie Norman
thäte rein bringen, Hib.
u Nor. dachten, daß wär
zu viel, für das Schwein
hat Er noch nicht bezahlt",kade_letters,human
kade_007_p107,kade_007,"Du bist doch Freitag fort
u. Samstag Morgen, wie
Norman die Küh hat geholt,
war Pat alles raus, wie
die war, wie Pa Todt war,
Norman sagte Ich solte Phelps
aufruffen, esr ist auch ge=
kommen, es hat 2 Stunden
genommen, bis Er sie fertig
hatte, es war schon alles
so verschwollen, $5 hat
Er genommen, Er hat zu
Norman gesagt, es wäre
6 oder 7 dol. wert. Die
Car muste Ich wirklich
noch Waschen, den Sie
war zu Schmutzig, nach
Budewitz sein Begräbnis
zu gehn. Denkst Du wirklich
es ist da wärmer, den
in Wis.? Norman ist schon
längst im Bett. So gute Nacht
      Leb wohl In Liebe
      Mas

				Postmark November 2, 1939",kade_letters,human
kade_007_p110,kade_007,"Juneau, Wis.
       Nov 2 - 1939
Lieber Sohn!
       Es hat uns sehr gefreut, daß Du
uns die zeitung, von Profesor Kurat
geschickt hat, nun wissen wir doch wie
Er aussieht, Er mus auch wohl gute Gaben
haben, daß Er so viel sprachen sprechen
kann. Es thut mir Heute noch Leid, daß
meine Eltern mich nicht konnten zur
Schule schicken, dann könnte Ich besser Englisch
sprechen. Ich hab noch ein paar Spalte zu lesen.
Abens kann Ich nicht lesen, den die Schrift ist zu
klein, gedenke es morgen nach Madison zu
Schicken. Ich hab etwas intresantes Norman vor=
gelesen, u. die Bilder hat er sich alle angeschaut,
denn er ist Abends sehr Müde, geht schon 8 Uhr
ins Bett, wenn Er rein kommt, schmokt Er
eine zigarette, u. das ist das letzte, dann sagt Er gute Nacht
Er hat noch eine gute Woche zum Pflügen, Er ist
jetzt bei das Alfalfa Stück bei Pfefahls, Er
nimt jetzt die Drei Pferde, u. dann geht es
go head. Daß Melken ist nicht viel diesen
Herbst, wir hatten unter 100 Pfund, so ist der
Milch check nur sehr klein, jetzt ist Bell Ihr",kade_letters,human
kade_007_p111,kade_007,"Kalb fort, so gibt es wenig mehr, Sonntag
hat Normie das Silo abgeräumt, denn das
Futter draußen war all. Montag Abend waren
wir auf Alberts Geburtstag, eben ist Edna
gekommen, Sie hat angehalten bei der Cichine
Sie konnte es nicht gut genug machen. Albert
hat auch Beer geholt u. Fleisch, sogar Vater
hat Karten gespielt, u. Er war so warm das
Er seinen sweater muste ausziehen. Wenn
es gut Morgen Abend ist, wollen wir
nach Frieda's Geburts-Tag gehen. Roselyn u.
Ray sind auch hier, die haben heute u. Morgen
keine Schule. Sonntag Abend war Tante
Amanda hier, sie hat sich aber auch so
gefreut, hat Ihre Haare dann gewaschen.
Sie wolte wieder hier bleiben.
Nun mus Ich schließen sonst schreib
Ich alles verkehrt.
       In Liebe
       Ma

				Postmark November 10, 1939",kade_letters,human
kade_007_p114,kade_007,"Juneau, Wis.
       Nov. 9 - 1939
Lieber Sohn!
       Habe jestern Deinen
Brief erhalten, u. dann ist es
als ob Ich mit Dich sprechen thue
u. Ich freue mich mit Dir, wenn
Du eingeladen wirst, jetzt ist
es wohl nicht mehr so Fremd
für Dich. Ich habe Heute ein bischen
Kopfweh, denn Ich war auf
bis halb Drei, die kleine Elaine
war hier, Hib u. L. waren
zum shower eingeladen, nach
Kekoskee. Sie war so schön, doch
hat Sie Ihre zeit, wo Sie Munter
ist, u. daß ist Abends, um halb
zehn kriegt Sie Ihre Bottle, u.
dann Schläft Sie erst fast um
Elf Uhr, Sie wiegt jetzt schon
über Elf Pfund. Ich hab im
Wiegenstuhl geschlafen, denn Ich
dachte Ich würde es nicht hören
       wenn Sie Munter sollte werden",kade_letters,human
kade_007_p116,kade_007,"2.
Ewald hat gefahren, sein zwil=
lings bruder war auch bei, es war
2 Uhr wie Sie kammen. Edna hat
angehalten in die Laundry, es war
harte Arbeit, Sie konnte nicht
mehr Schlafen oder Essen, sonst
der verdienst war gut. So
war Sie letzte Woche hier die
Drei Tage, dann haben wir
Reingemacht, Ich bin jetzt bei
die Speisekammer, konnte jestern
nicht ganz mit fertig werden,
denn Ich hab den Kinderwagen
abgewaschen, denn die kleine
hat es gerne wenn man Ihr
ein bischen schüttelt. Sonntag
haben wir Edna zurück gefahren
Norman hatte noch Freitag den
letzten Jachttag ein Fasanen
Hahn gekriegt, den hab Ich dann
fertig gemacht, u. dann haben
wir Mittag da gegessen, Edgar
u. Familie kammen auch zu Mittag",kade_letters,human
kade_007_p118,kade_007,"3
Es war ein sehr großer Hahn
u. hat sehr gut geschmeckt. Nun
mus Ich Dich noch schreiben, daß
der Pastor bei Edgar auf die
Fasanen Jacht war, mit dem
Arzt, und es war sehr neblig
so hat der Arzt geschossen u. hat
den Pastor getroffen, Drei Schüsse
hat Er gekriegt, ein Auge
ist aus u. im Gesicht, Schulter
u. im Hintertheil. Er ist im
Hospital, doch sagt Edgar man
kann nicht ausfinden wie es
Ihm geht, denn es wird alles still
gehalten. Es ist jetzt 15 M. bis Elf
und jetzt fährt der Postfahrer
schon, so kommt der Brief Heute
nicht fort, dann wirst Du ihn
wohl erst Montag kriegen.
Letzten Freitag waren wir nach
Frieda's Geburts-Tag, Nora hat
den Ausschlag. Der ganze",kade_letters,human
kade_007_p120,kade_007,"4
Körper, und um die Lippen
war voll, Sie sagt es juckt
so sehr, die Hände waren auch
ganz Dick geschwollen, Sie solten
diese Woche nach Esther kommen
denn am Sonntag ist die Ihre
zwanzig Jährige Hochzeit, wenn
das Wetter gut ist, wollen wir
auch hin. Heute Morgen hatten
wir ein Gewitter, u. es hat
für eine weile sehr geregnet
u. geschneit, so das alles weis
war, jetzt will die Sonne raus
kommen. Sonntag hatten wir
gutes Wetter. Ich blieb bei Edna
dann hat mich Edgar rein gefahren
Sie blieben noch hier für eine
Weile. Die Hühner sind sehr faul
blos 1 Ei den Tag, die Alten sind
Nackert u. die jungen legen noch
nicht. zwei Wochen zurück
hat Lehman den Stall aufge=
weist, nun sieht es wieder
       besser aus",kade_letters,human
kade_007_p121,kade_007,"Pamperins haben jetzt einen
Pastor, Er heißt George Bartels
Er ist 25 Jahre, so ist Er wohl
mit Dich in Watertown gewesen
Schreib mich ob Du Ihm kenst.
Bud steht jetzt gegen daisy
den Helen hat ein großes
Euter, so muste Normie sie
im Box stall thun, Er wird
diese Woche noch nicht fertig
mit pflügen, den Er hatte
versäunis, Dinstag kriegte Ich
ja das Regierungs Geld, u.
die Menschheit, es war so ein
gedränge als ob es kleine Kinder
wären, hab es dann gleich bei
Griffith gelasen, doch muste Ich
noch zehn Dollars zu gegeben.
Nora's Geburts-Tag ist den 20ten
so must Du nächste Woche schon
Schreiben. Nun Leb wohl
In Liebe
       Deine Mutter u. Bruder.

				Postmark November 16, 1939",kade_letters,human
kade_007_p124,kade_007,"Mitwoch Abend.
Lieber Sohn!
	Haben Deinen Brief
Heute erhalten, so werde Ich
auch gleich antworten. Ich habe
schon eine weile geschlafen,
den Ich war so müde, wir
waren jestern Abend nach
R. Bentz den ich musste
Inschurrenz bezahlen, für
Weidman seine Scheune,
es musste bis den 17ten bezahlt
sein. Dann sind wir bei
Esther ran, u. die kann ja
gut erzählen, so verging die
Zeit schnell, es war zwölf
wie wir nach Hause kommen
es war auch schon halb Neun
wie wir hin kommen. Wir
waren Sonntag Abend nach
George Pamperins, es waren",kade_letters,human
kade_007_p126,kade_007,"ein ganz Theil da, dann hab
Ich auch den Pastor kennen
lernen, das Deutsche fält Ihm
schwer, doch mus Er Deutsch
Predigen. Er hat eine kurze
Rede gemacht, aber in Englisch.
Er thut jetzt bei Lydia Essen.
Pastor Redlin hatte auch an
Ihr geschrieben, welches vor-
gelesen wurde von Willie P.
Gestern Abend konnte ich nicht
fertig Schreiben, den Hib u. Lo
sind gekommen. Sie haben jestern
ein Schwein geschlachtet, u.
Hib will Grützwurst haben.
Ich wolte nicht hin gehn, aber
Lorina Denkt sie kann es nicht
machen. Losin's Bosin's kommen auch.
Nun soll mich Norman doch
hin Fahren. Norman war
Dinstag nach Watertown Fair
day. Er hat die Ferkel hin",kade_letters,human
kade_007_p127,kade_007,"genommen, so wurde es den
Tag nichts mit Pflügen. Er
wird wohl kaum diese Woche
fertig werden, den Vormittags
wird er sehr wenig. Die
Ferkel waren schon schön groß
haben aber nur 3 dol. das
Stück gebracht. Helen hat noch
kein Kalb. Nun mus Ich
anhalten den Albert ist hier
mit die Milch Kann.
Ich werde Dich mit schicken
von den In. werde es Dir
marken was intressant
ist.   In Liebe
	Deine Mutter",kade_letters,human
kade_007_p131,kade_007,"Juneau, Wis.
	Nov. 22-1939
Lieber Sohn!
	Nun werd Ich Heute
Abend Deinen Brief gleich be=
antworten, den bis jetzt thue
Ich nicht Melken, werde
wohl bald müssen anfangen,
den jetzt haben wir Drei
kleine Kälber im Stall,
zwei sind Sonntag geboren.
Nun ist Normie fertig mit
pflügen. Er hat auch den Garten
gepflügt. Heute hat Er Erde
gefahren, da bei Mutter im
Keller, daß Wetter war
diese Woche Trübe, aber nicht
kalt, bis jetzt haben wir
noch kein Feuer in die Furnice
gehabt. Ich hab aber gutes Feuer
im Koch ofen. Gestern war
Raymond's Geburts-Tag nun
ist Er zwölf Jahr Alt, wir
waren Sonntag zu Mittag
	hin, weil wir Montag",kade_letters,human
kade_007_p133,kade_007,"2
abend nach Eleonora's wolten,
das wird dann zu viel,
Selma u Edwin waren hin.
Wir waren nach Eleonora's.
Sie hatte Deinen Brief er=
halten, hat sich auch sehr gefreut
auch Tante Hulda, u. Ich auch.
Tante Hulda wolte, Ich solte
ihn Laut lessen, es waren
nur noch Geesmehls da, denn
wir waren die letzten, es
waren viele da, der kleine
Lehrer auch. Ich schreib klein
Er ist nur 6 Fuß u. 4 zoll.
Er ist auch ein Farmers Sohn
seine Heimat ist in Ill. dich
bei Chicago. Norman hat sich
mit Ihm Unterhalten. Wir
haben auch Drei 4 Lieder ge=
sungen. Tante Louise ist
wieder im Bett, daß
eine Bein ist wieder rohes
Fleisch. Sie war Drei mal",kade_letters,human
kade_007_p135,kade_007,"3
nach Milwaukee, nach den
Arzt, der Deutsche Brunce.
Morgen ist Tante Em's Geburts-
Tag. Danksagungs Tag, haben
wir hier erst den 30ten,
auf viele Plätze ist es
Morgen, hab Ich in die
Mil. Zeitung gesehn. Die
kleine weiße Ente ist ganz
schön geworden, u. sieht fett
aus. Ich hab noch eine große
gekauft, bei Ritter's wie wir
mal von Hib sind gekommen.
Aber Vic hat damals bei
Edna gesagt, wenn Sie einen
Turkey kriegen solten wir
alle zu Mittag nach Ihr kommen
bis jetzt haben wir noch nichts
gehört. Es wird Ihr wohl schon
wieder Leid sein. Ich hab
Irma noch nicht gesehn nach
die Hochzeit. Sie wolte ja die
geschwister alle Einladen, für
eine überraschung",kade_letters,human
kade_007_p136,kade_007,"bis jetzt ist Tudis Mann
noch in Chicago, u. Sie in
Beaver Dam, u. so wird es wohl
bleiben, da hat doch Lillian
mehr weise gehandelt, obwohl
Sie 6 Jahre älter ist als Louis
Leo hat jetzt Arbeit es
wird ein road gemacht
da waren Bäume, die
sind alle aus gegrup ausgegraben, da
wird nun cord Holz von
gemacht. Hast Du Dich schon
einen Hut gekauft? thut
der Chinese Deine Strümpfe
stopfen? Geh doch blos nicht
ohne Hut. Wie ist Deine
Nase in das Klima? Wo
wirst Du jetzt zum Abend=
mahl gehn? Bleibe Fromm
mein lieber Sohn, denn die
wird Gott lohnen. In Frommer
	Liebe Deine Mutter",kade_letters,human
kade_007_p138,kade_007,"Es freut mich das Du eingeladen
bist, für Thanksgiving Dinner
Schreib mich Dann was Du alles
	gehabt hast

				Postmark November 30, 1939",kade_letters,human
kade_007_p151,kade_007,"Juneau, Wis.
			Dec. 6-1939
Lieber Sohn!
	Habe Deinen Brief Heute
erhalten, u. wenn Ich irgens
kann will Ich jetzt Abends
Schreiben, den Morgens ist ja
so viel Arbeit. Wir wollen
Samstag schlachten, u. so ist
noch viel was vorher fertig
soll. Ich bin jetzt bei, u.
thue Roselyn ein Kleid
Nähen, daß Zeug hatte Ich
Ihr gekauft, zum Geburts-
Tag, Sie will es gerne für
Weihnachten haben, u. wenn
das schlachten kommt, wird das
Nähen nichts. Albert hat Heute
Unsre Kohlen geholt, wir
hatten bis jetzt, noch kein
Feuer in die Furnice, daß
Wetter ist noch sehr schön,",kade_letters,human
kade_007_p153,kade_007,"2
es wär ja auch gut, wenn
es bis Weihnachten würde
so bleiben. Zum Wurst=
machen wird wohl Hilbert
kommen, Lorina wird dann
wohl das Essen machen, wir
machen dieses Jah nicht so
viel, die beiden großen Pigs
sind jestern fort, die Schweine
sind bilig, Sie haben nur
4.40 bezahlt, gewogen haben
Sie das Stück 570 lb. Sie
haben das Haus beinahe um=
gerißen, so war es zeit das
Sie fort kammen. Heinrich u.
Albert waren jestern Nach=
mittag hier, u. haben das
Kornstroh geschnitten. Sonntag
Nachmittag waren wir
nach Nickels, Tante Louisa
war im Bett, Sie war",kade_letters,human
kade_007_p155,kade_007,"3.
Samstag u. Sonntag ein
paar Stunden auf, Sie hat
sich sehr gefreut, daß wir
gekommen sind. daß Du Dich
würdest Krank Essen hab Ich
mich gedacht, hier war es
beinahe so, das Enten Fleisch
hat sehr gut geschmeckt, Ich
hatte Apfel Pie gebacken,
es sind blos 4 Stücke gegessen,
den die Strützel waren gut,
Elsie hat den Mohn gerieben,
Sie waren schon hier wie
wir von Kirche kammen, Edna
auch, Ich wolte gerne nach
Kirche gehn. Lauersdorfs
waren Sonntag Abend hier
dann wuste Irma viel zu
erzählen, Sie sieht gut aus
solte diese Woche Drei Tage
Frau Jones helfen, den die
	haben kein Mädchen",kade_letters,human
kade_007_p156,kade_007,"Wie es aus sieht, wird
Cornelius auch nicht
Heirathen, (aber wer weis)
Denk blos, Paul Rohloff
wird Hertha Gebhard
Heirathen, Er ist 50 u. Sie
39. Ich denk die hat auch
Tinte gesoffen, Sie sagen
das Er will nach Stadt ziehn
Norman hat mit Frank
Schmeling gesprochen, der
sagte es wär wahr. Ich
hatte es schon beim Gänse
schlachten gehört.
	Nun mus Ich schließen
	ist zeit ins Bett
	Gute Nacht
		In Liebe
			Ma.
Studire auch nicht
zu viel",kade_letters,human
kade_007_p157,kade_007,"Tante Emm u Onkel Aug
sind gesund Sie sagte beim
Schlachten, daß Sie dachten
Du würdest Ihr mal eine
Karte Schreiben. Hast Du was
von Lehmans gehört? Ob Sie
die Zeitung gekriegt haben?
Ich werde Nächste Woche die Strümpfe
schicken, wenn Ich Gesund bleibe

				Postmark December 14, 1939",kade_letters,human
kade_007_p160,kade_007,"Juneau, Wis.
		Dec. 13-1939
Lieber Sohn!
	Wir haben Deinen
Brief Heute erhalten, Ich hab
Heute eine Box nach Dich ge=
schickt, Hoffe das Du Sie bis
Sonntag hast, die Bratwurst
hat Norman Heute hin genommen
u. weil Ich doch gerne wolte
Du soltest noch was Essen ehe
Du fort gehst, u. die Weihnachts
cookies fürs Fest, u. wenn
die Bratwurst so frisch ist,
dann hält sie sich nicht, nun
werd Ich Dich später welche
Schicken, Hoffe das alrih das
alles Schmeckt, was drin
ist, der Frucht kuchen ist nicht
gut geraten. Das Schlachten
war dieses mal nicht so hart,
weil es blos zwei Schweine
waren, Sie waren Samstag
   schon bis Mittag fertig
			over",kade_letters,human
kade_007_p162,kade_007,"2
Sonntag haben wir entzwei gemacht
u. das Wurstfleisch u. Fett ge=
schnitten, u. Montag vormittag
mahlen lassen, u. bis halb
fünf war alles gestopft, daß
ging schnell. Hib. u Lorina waren
hier, u. Edna ist Sonntag hier
geblieben, jestern haben wir
die Kochwurst gemamcht, jestern
Abend haben wir Edna nach
Hause gefahren. Ich hab Heute
Abend Frau Brusewitz auf=
gerungen, Albert ist in New
York seine Adresse ist:
1899 S. Ave. Rochester New
			York.
Er arbeitet im Grün Haus
die karte von Madison ist
Heute gekommen, Ich werde Sie
mit schicken. Heute ist es Kalt
geworden, so hat Norman
zum ersten mal Feuer
in die Heizug gemacht
der 13 Dec. wir haben noch",kade_letters,human
kade_007_p166,kade_007,"Juneau, Wis.
			Dec 21 - 1939
Lieber Sohn!
	Habe Deinen Brief
jester erhalten, u. weil
Du nächste Woche nicht da
bist, so werde Ich noch ein
paar zeilen schreiben. Hilbert
u. Lorina waren jestern
hier, Hib hatte den Klipper
da, u. weil Er seine Kühe
u. Kälber fertig hat, so hat
Er Ihn zurück gebracht, wann
Norman dran kommt weis
Ich nicht, die Kühe haben viel
Läuse, Ich melk jetzt Pat,
seit letzten Sonntag, denn
die große Heifer hat ein
Kälbchen, u. die zu Melken
nimmt zeit, bis Sie ein=
gebrochen sind",kade_letters,human
kade_007_p168,kade_007,"Es war wieder ungewohnte
Arbeit, weil Ich seit letzten
June nicht gemolken habe.
Seit Dinstag haben wir
Winter Wetter, es hat etwas
geschneit, so kann der Weih-
nachts man den Schlitten neh=
men. Jestern Abend waren
wir nach Loraine L. Geburts-
Tag, das junge Paar war auch
da, auch Trudie mit das Baby.
Sie wohnt jetzt alein, hat
zwei Zimmer, Sie thut Arbeiten,
Sie hat ein Dinstmädchen, Irma
sagte mir das Ihr Mann zu
Weihnachten kommt. Von
Edgar hören wir nichts.
Pastor Schönike war hier mit
die Karten, dann sagte Er, was
Er geschrieben hat im Pionier,
u. auch der andern, daß solt
Ich Dich schicken, so solst Du sagen
was Du von Denkst. so werde
Ich es mit Schicken",kade_letters,human
kade_007_p169,kade_007,"Nun werd Ich wohl
Schließen müssen, denn
Ich will noch zwei Schürzen
Nähen für Edna, bis Weihnachten.
	Nun wünsche Ich Dir
      gesegnete Feiertage.
      	In Liebe
      		Deine Mutter.",kade_letters,human
kade_007_p174,kade_007,"Juneau, Wis.
			Dec. 28 - 1939
Lieber Sohn!
	Wir Danken Dir viel-
mals, wie konntest Du mir
blos solche schöne Strümpfe
schicken, solche hab Ich noch nicht
gekauft, die waren mich immer
zu teuer, Ich werde sie im
Sommer trage, es ist meine
Größe. Norman hat sich auch
sehr gefreut, bis jetzt hat Er
die box noch nicht aufgemacht.
Wir haben Dich sehr gemist
war es doch das erste Weihnachts
Fest, wo Du nicht zu Hause
warst, es war mich auch
so traurig, u. Du wirst es
wohl auch emfunden haben,
wie es ist, wenn man in
die Fremde ist, aber das
Christkindchen ist ja überall,
mus Ich dran denken wie
meine Urgroßmutter krank
	geworden ist auf die Reise",kade_letters,human
kade_007_p176,kade_007,"nach Amerika, doch hat Sie
sich nicht gefürchtet, den Sie
sagte das Meer mus seine
Todten auch wieder geben,
u. Sie ist auch gestorben, u.
wurde ins Meer gelassen.
Norman hatte Weihnachten
auch Unglück, Er ging um
4 Uhr raus für die chores,
dann wolte Er das Stroh, unter
eine Heifer thun, Sie hat dann
geschlagen, u. Er Denkt, die
Gabel hat Ihm getroffen, ins
Gesicht übers Auge, u. an die
Lippe, Er war mit zum
Arzt, es hat sehr geblutet,
Er hat was rauf gethan, was
sehr gebrennt hat, es ist
noch zimlich Dick, u. das Augen
Lid ist auch blau. Doch konnten
wir Dinstag Abend nach
Heinrich u. Adela Ihren Shower",kade_letters,human
kade_007_p177,kade_007,"gehn, der war in Deaver
Dam bei Emma, so kanst
Du Neujahrs-Tag an Ihr
Denken, dann werden
Sie ins Pastors Haus
getraut, was für zeit
weis Ich nicht. Norman
hat den ersten Preis
gekriegt bei Schafskopf
spielen, ein lb Hills Kaffee
es waren fünf Tische.
Leo ist heute hier er hilft
Norman, den H. Baum sägen
Besten Dank auch für die
Karte u. den Brief, war
alles hier bis Weihnachten,
Tante Manda war hier.
Sie war mit nach Kirche.
Nun mus Ich schließen der
Post man kommt bald. in Liebe
			Ma.

Wir waren Sonntag nach Edgar
Vic Geburts-Tag",kade_letters,human
kade_103_p005,kade_103,"Juneau, Wis.
       Jan. 4-1940
Lieber Sohn!
       Wir Wünschen Dir
Gottes Reichen Segen, im neuen
Jahr. Hoffe das Du es Gesund
anfängst, u. der Liebe Gott
möge geben, daß Du es auch so
Enden wirst. Deinen Brief
haben wir erhalten, warst
Du zurück zum Neuen Jahr?
Wir sind Sylvester Abend zum
Abendmahl gegangen, u. weil
Harry u. Hilda zu Fuß bei die
Kirche waren, haben wir Sie
mit genommen nach Hause, Sie
wolten dann wir solten mit
rauf kommen, Ich Schreibe rauf,
weil Sie im Dritten Stock wohnen
es ist an N. Main St. was Früher
Judge Lueck hat gehört, es ist alles
schön eingerichtet. Sie müssen
auch $22 Rente geben, Harry
arbeitet in die Hemp mill, u.
Hilda sagte, es waren nur wenige
Tage wo Sie zu Hause war",kade_letters,human
kade_103_p006,kade_103,"Den 8ten werden es schon
Sieben Jahr, daß Pa
gestorben ist, wie die
Zeit vergeht, Ist Er doch
jetzt in die selige Ruhe,
kein Leid keine Schmerzen
wie wohl Ist Ihm.",kade_letters,human
kade_103_p007,kade_103,"Hatte auch immer Arbeit, wir
waren da bis zwölf Uhr, Hilda
hat noch einen Inbiß bereitet.
Neu-Jahr waren wir bei
Lichtenbergs, Leo u Edna sind
Morgens gekommen, dann ist
Edna u. Roselyn mit zur Kirche
u. Leo u Ray sind hier geblieben
u. haben die chores gemacht.
so sind wir gleicht von die
Kirche runter gefahren, wie
wir nach Hause kammen, war
Edgar u. F. hier, sie waren 4
Uhr gekommen, Sie waren hier
bis halb zehn, u. Leo war auch
so lange hier, die kleine Grace
wurde noch Krank, muste sich
zwei mal brechen, Vic sagte
Charlotte hatte es auch. Sonntag
zu Mittag war Hib u. Lorina
u. Elaine hier, Ich hatte Ihr geschrieben
das sie zu Mittag kommen solten
Ich würde Kartoffel Klöße kochen,
den das ist doch Hibs Leib Gericht,
Lorina gleicht Sie auch, es war
       das erste mal, das Sie welche
       gegessen hat",kade_letters,human
kade_103_p008,kade_103,"wir haben jetzt kaltes Wetter,
es war schon 12 unter Null, Heinrich
seine Hochzeit, haben Sie bei
Blums gefeiert, die geschwister
waren alle hier, keinen Polter
Abend hat Er bis jetzt noch nicht
gehabt, weil Neujahr ein
Furchbar kalter Wind war,
Norman war ja auch einje=
laden von Max Koenitzer.
Gestern war Norman rauf
dann haben Sie das Stier ge=
schlachtet, Nachmittag war
Tante Em u. Ich zum Därme
rein machen. Du kanst ja
an Pastor Schoenike Schreiben
Ich hab Gustav nach die Adresse
gefragt. Rev. E. Schoenike
       c/o Dodge Co. Pionier
       Mayville, Wis.
Ich Denke Er würde sich freuen.
Nun mus Ich schließen den es
ist zeit zum Mittag machen.
       In Liebe
Deine Mutter

				Postmark January 11, 1940",kade_letters,human
kade_103_p011,kade_103,"Jan. 10-1940.
Lieber Sohn!
       Haben Deinen Brief Heute
erhalten, u. den andern letzten
Freitag, Vater Blum war hier,
weil der Mail Mann spät war,
da sagte Ich zu Ihm, weil Er
Fragte wie es Dir geht, Ich
hätte noch nichts von Dich gehört, daß
Du aufs Schiff woltest gehn, wenn
nur nichts mit passirt wär, weil
es so windig war, da meinte Er, so
schlimm würde es wohl nicht sein.
Jan. 11. Gestern Abend kammen Lauersdorfs
so will Ich schnell Heute Morgen
Schreiben, Irma wolte uns ja ein=
laden für Herman's Geburts-Tag,
der ist den 21ten, da war es schon
11 Uhr wie Sie fort sind, den Irma
hat ja immer zeit, Sie wuste ja
auch viel Neuigkeiten, auch das
Louis u Lillien sich werden
an unsere Kirche schließen, den
21sten, denn dann ist Gemeinde versamlung",kade_letters,human
kade_103_p012,kade_103,"Bud ist angebunden, neben Daisy u. ist
beinahe so groß, Er war zwischen die Feier=
Tage auch sehr Krank, Er wurde Morgens
Krank u. wurde nicht besser bis Abends,
dann haben wir den Arzt gerufen, der
sagte es wir Coolick, aber wie Norman
raus kamm von Supper, waren viele
Würmer hinter Ihm, Er ist auch Mager
gegen Daisy. Ich hab blos eine Kuh
gemolken bis jetzt, seit letzten Mitwoch
Morgen garnicht mehr, denn Ich hatte
sehr kalt, war zwei Tage im Bett, jetzt
ist es zimlich gut, Norman muste Milch
Geschir Waschen, auch Morgens Feuer
machen, den Ich bin in Schweiz gebadet
       u. dan kriegt man noch mehr kalt.
Milch kriegen wir, wenig über 300 Pf.
 u. den Test war 3.5, für Nov. war der
Test 3.6, da hatten wir $1.50 das Hundert,
aber nur sehr wenig Milch. Ein Bild
nehmen von die beiden kleinen, wird
wohl noch nichts werden, den Lorina
hat keine Films, u. das Geld ist knap,
so must Du noch ein wenig warten,
Sie will ja auch Elaine abnehmen, u.
Dich ein Bild Schicken, Sie sagt jedes
mal sie möchte Dich Doch zu gerne ein
Bild Schicken von Elaine, Sie spiel
jetzt schon mit eine Rattle, die hat Sie
Von Ohma für Weihnachten, dann glänzen
Ihre Augen, sie hat große Augen, Meine
Mutter hat gesagt Große Fenstern ziehen
		das Haus",kade_letters,human
kade_103_p013,kade_103,"Leo helft Fredy Krantz holz
Machen, Nachtens bleibt Er hier,
Er Melkt noch ein paar Kühe
Abends, u. Morgens helft Er auch.
Heute Morgen wie Er fort ist,
ist Er zu schnell um die Ecke,
u. da war Er im Graben, da
muste Norman Ihm mit die
Pferde raus ziehn, Er Kriegt
$1.00 den Tag. Edna hatte letzte
Woche Drei Tage Arbeit. Keine
Hemden hast Du nicht mehr
Hier, kauft Dich welche, u.
Etwas später kann Ich Dich auch
Noch ein paar Kaufen, denn wir
Haben Futter gekauft, u. die
Hühner legen nicht viel, u. die
Ratten fressen sie auf, den es
Ist Furchtbar mit die Ratten,
Norman hat schon vier im Hühner
Stall geschossen.",kade_letters,human
kade_103_p014,kade_103,"Schick die Jungen Leute
Eine Karte, denn die
Würden sich sehr freuen,
Vater Blum hat nichts
gesagt, daß Heinrich
geheiratet hat, Sie
bleiben hier, wie Er
das gesagt hat, dann
Bebte Lebte Ray noch, doch
Schimpft Er ja viel über
Heinrich. Von Edgar habt
Ich noch nichts wieder gehört,
Er kommt jetzt garnicht mehr
aleine, u. was Denkst
Du Anton ist im die Ceely
Car, Er hat es furchtbar
getrieben mit Saufen, ist
mit den großen truck
       umgeschmissen",kade_letters,human
kade_103_p015,kade_103,"Pastor Laabs, u. Thiel
von Mayville haben Ihm
hin genommen, Gustav hat
es Leo gesagt, Er sagte
jetzt kommt das liebe Weih=
nachts-Fest u. unser
Toni ist in Oshkoch, Ich
Hab es immer vergessen
Dich zu Schreiben. Das
Saufen ist Furchtbar, da
möchte der Liebe Gott
einen jeden vorbewahren.
Es ist jetzt etwas gelinder
u. es schneit, es ist jetzt
alles schön weis.
	Nun mus Ich schließen
		In Liebe Ma.
War es die Reise wert
was Du gesehen u. gehört hast?
Hörst Du noch öfters was von
			Pete?

				Postmark January 18, 1940",kade_letters,human
kade_103_p018,kade_103,"Juneau, Wis
      Den 18 ten Jan.
      1940.
Lieber Sohn!
      Wir haben Heute sehr kaltes
Wetter, es ist 26 unter Null, Sonntag
hatten wir einen großen Schnee
Sturm, wir konnten nicht bis nach
Onkel August sehn, so waren die
Wege alle zu, da ist kein Post
Mann gekommen, bis jestern, dann
haben Sie gepflügt, es war auch
schon spät wie die Post kamm,
da hab Ich mich gefreut, daß doch
Dein Brief kamm, u. eine Karte
von Tante Hulda, die waren seit
Neujahr bei Esther u. Lydia, die
haben helfen Wurst machen, auf
beide Plätze, Tante Hulda ist doch
noch zimlich rüstig, von 72 Jahre.
Von Tante Louise hab Ich seit Weih=
nachten nichts gehört, Leo, Eda u.
die beiden kleinen waren Weih=
nachten hin, dann war Sie im Bett",kade_letters,human
kade_103_p019,kade_103,"Sie hat zu Edna gesagt, wenn Sie aufsteht
dann hat Sie solches Jucken ins Bein, daß
Sie es nicht kann aushalten. Mein kalt
ist etwas besser, Ich konnte doch jestern
Waschen, es war ja kalt, aber nicht sehr
Windig, aber heute blast es wieder
tüchtig, Ich hatte nicht gewaschen seit
die woche vor Weihnachten, blos Unter
Zeug bei Hand, so waren die Handtücher
schon alle schmutzig, u. Norman seine
Uberhosen, nun wurde es doch zeit, Ich
hab noch nicht oft gewaschen, denn wenn
Edna gekommen ist, hat Sie Heimlich das
Zeug mit genommen, Ich war ja auch so
verwöhnt, weil wir so lange zusammen
gewaschen haben. Wenn die Kinder alle
groß sind u. man ist Alt, mus man
wieder jung werden u. die Arbeit
aleine thun, Ich Melk jetzt Drei Kühe,
Pet, Sady, u. Bell, Es sind zwei Heifer
eingekommen, die eine war das Kalb
Todt, u. July ihrs, ist sehr klein, u. hat
einen Kropf, so sind es jetzt Drei Heifer
die große ist ja schon eine zeitlang zurück,
die gibt gute Milch, doch meint Norman
das die Kühe diesen Winter nicht so gut
Melken, wo sonst den Pail haben voll
gegeben wie Lucy u. Sally, ist Er nur
kaum Dreiviertel voll, die Ferkel
haben wir alle den Herbst verkauft
so sind nur die beiden Zucht schweine.
Wir haben jetzt keine Katzen, die von
      Leo ist Todt",kade_letters,human
kade_103_p020,kade_103,"Leo ist gekommen, ers ist mit
den oil truck der erste nach
Horicon, Er sagte das Er die
Drei Tage hat Schnee geschaufelt
für die railroad, Heute Morgen
hat der Boss gesagt es wär
zu kalt, aber Morgen früh
solte Er wieder kommen.
Die kleine Elaine sieht so
aus wie Lorina, Norman
denkt auch so. Wenn es
Nächste Woche nicht stürmt
werde Ich dich Wurst schicken,
den sie ist schon etwas Trocken
Hol Dich Medizin für Deinen
Husten, daß er nicht einwurzelt.
      Nun Leb Wohl
      In Liebe Deine Mutter

				Postmark January 25, 1940",kade_letters,human
kade_103_p023,kade_103,"Juneau, Wis
      Jan 25 - 1940.

Lieber Sohn!
      Dein Brief kam jestern
Ich wunder ob Heute der Postman
kommen wird, den wir hatten
jestern wieder Schnee Sturm,
u. Heute ist es kalt. Die road
ist wieder zu, Albert ist
mit die Pferde nach die Fabrik
letzte Woche muste Er Drei
Tage die Pferde nehmen, Es
ist viel Schnee, in Stuebers road
muste der County truck kommen
u. die Schnee Pflug schieben.
Es freut mich das Dein Kalt
besser ist, Ich hab schon wieder
sehr kalt, den Sonntag Abend
muste Ich für Norman im
Stall warten, den Pat schat",kade_letters,human
kade_103_p024,kade_103,"einen wehen Strich, So muste Ich
Norman die Laterne halten, für den
tub rein zu thun, da hat sie geschlagen
und der tub ist fort geflogen, u. bein
Drücken kommt nichts raus, so müssen
wir den Strich lassen auftrocken. Sie
mus ja doch verkauft werden. Nach
Herman's Geburts-Tag sind wir nicht
gekommen, wir waren grade fertig
zum gehn, dann kamm Heinrich u. Adela, u.
Albert, Sie wolten wir solten gehn,
doch wenn man besuch kriegt, soll
man zu Hause bleiben, Irma wird
wohl wundern warum wir nicht
gekommen sind, zwei Cars hab Ich sehn
rauf Fahren, Ich hatte zwei doz. san-
wish gemacht, die konnten wir aber
Sonntag Abend nicht alle Essen, so hatten
wir noch zwei Mahlzeiten Montag.
Ich hab auch ein Bild gekriegt, Sie
sind beide gut getroffen. Dinstag
war Leo, Edna, u. Roselyn hier,
Roselyn hat nicht gut gefühlt, Ich hab
mich auch gefreut denn Ich hatte Edna
seit Neu-Jahr nicht gesehn, Montag
hat Sie gebügelt, Sie wascht alle
zwei Wochen bei den S. + R. manager",kade_letters,human
kade_103_p025,kade_103,"u. auch bügel, daß Waschen
ist sehr händig, aber das bügeln,
9 Hemden hatte Er wieder in
die Wäsche, Es sind junge Leute
ein kleinen Jungen von vier
Monat haben Sie. Leo wird
wohl heute Schnee Schaufeln
für die rail road. Wie tief der
Schnee hier ist, kann Ich nicht
beschreiben, bei die garage ist
es so an 8 Fuß tief. Norman
hat die Car jetzt die Dritte Thür
von north. Wie kommt es
das Du keine Examen Schreiben
brauchst? Wart Ihr schon hin nach
Boston? Norman ist mit das Holz
machen eingeschneit, Onkel Aug
hat seins fertig bis Sägen
Oscar P. hat Ihm erst geholfen",kade_letters,human
kade_103_p026,kade_103,"dann kriegte der Arbeit ins
Shop, u. ran holen hat Heinrich
geholfen. Hilbert war letzte Woche
Freitag hier, Sie sind alle Gesund.
Von Edgar haben wir noch nichts
gehört. Jetzt geht der Schnee pflug
dann wird die Post wohl kommen.
Hast Du die Box erhalten? u. wie
war alles? Der Herr behüte Dich
auf allen Deinen Wegen. In Liebe
      Deine Mutter",kade_letters,human
kade_103_p030,kade_103,"Feb 1 - 1940
Lieber Sohn!
	Nun mus Ich schnel
Ein paar zeilen Schreiben,
Dein Brief kamm jestern, Es
freut mich das alles gut ge=
schmekt hat, es ist sonderbar
das es länger nimt, mit
parcel als mit die Briefe,
den Ich hatte es Montags
fort geschickt. Mein Kalt ist
etwas besser, Ich hatte es so
schlim in die Nase u. Kopf
Ich konnte keine Luft durch
Die Nase kriegen, Abens scheint
Es am schlimsten zu sein,
daß mich das Sprechen schwer
fält, Dinstag Abend waren
Ruknows u. Tante Guste u Onkel
Wilhelm hier, u. jester kamm
Ed. Kocnetzer, daß wir nach
Blums solten kommen, den",kade_letters,human
kade_103_p032,kade_103,"Heinrich hatte noch das Bier,
wo Er für den Polter Abend
hatte gekauft, weil es so
nah bei war, bin Ich auch mit.
Sie waren aber nicht alle da
wo sie eingeladen hatten, doch
war Onkel Aug u. Em da, das
war ein wunder, Adela
sagte Ich soll Dich Schreiben,
das Sie beide vielmals Danken
u. Sie lassen grüßen, es hat
jestern Abend naß geflogen,
das Wetter war wärmer
geworden. Sonntag Abend
war Albert u. Norman nach
Elsie Geburts-Tag, Ich hab so
schlecht gefühlt, daß Ich nicht
gehn konnte, Ich sagte, Norman
solte Albert fragen. Sonntag
Morgen war ein großes
Feuer hier, Pegebows Haus
Ist abgebrant. Sie Denken",kade_letters,human
kade_103_p033,kade_103,"es kamm von Schornstein
aus brennen, wie Mr. von
die Factrory kamm, hat Ers
schon brennen, aber es war
nicht mehr zum löschen, doch
uten haben Sie alles raus
gekriegt, auch im Keller
u. auch etwas oben. Es ist
ja jetzt Doppel hart im
Winter, Jones hat Ihm das
leere Haus angeboten,
Sie können so lange drin
wohnen, bis Ihrs fertig ist.
Von Edna hab Ich seit letzte
Woche nichts gehört, Hilbert
u. Lorina wollen Heute
kommen. So mus Ich schließen
u. Mittag machen, will Kartoffel
Klöße kochen. Leb wohl
		In Liebe
			Mutter.

				Postmark February 8, 1940",kade_letters,human
kade_103_p036,kade_103,"Juneau, Wis.
				Feb. 8 - 1940
Lieber Sohn!
	Wir sind jetzt fertig
mit Frühstück Essen, so werde
Ich Deinen Brief beantworten.
Norman gleicht nicht, extra
rein zu kommen, für einen Brief
nach die Box zu tragen, so will
Ich fertig mit sein, bis er die
Milch kannen rein bringt, Er
mus auch Heute nach Onkel Aug
in Holz Sägen. Unser Holz ist
noch nicht fertig. Leo soll
noch ein paar Tage kommen,
nächste Woche, wenn das Wetter
es erlaubt. Heute Morgen fängt
es an zu Schneien, es ist nicht
sehr Kalt. Dinstag war Ich nach
Hib. Sie hatten Montag zwei
Schweine geschlachtet, Ich hab die
Grütz wurst gemacht, u. Helfen
die Schweine kaput machen",kade_letters,human
kade_103_p038,kade_103,"Norman hat mich Morgens hin
gefahren, um halb drei, kammen
Bosins auch, Mutter ist da
geblieben, bis jestern Abend.
Gertrude wolte jestern auch noch
kommen u. helfen, Norman hat
mich Abens geholt, es war schon
halb zehn wie Er hin kamm,
wir dachten Er würde nicht mehr
kommen, jestern war cheese Fac.
meeting, u. da wolte Er auch hin.
Sonntag habe Ich einen Brief
gekriegt von Frau Schneiter,
das Elda operirt ist, dem 1 Feb.
Sie hat in Chicago gearbeitet,
u. wurde Krank, der Dr. meite
Sie müste Ruh haben, Sie wolte
sich da nicht Operiren lassen, es
wurde schlimmer, Sie war schon
sehr schwach, dann hat Sie Dr.
Lehman operirt. Elsie ist auch
in Chicago, u. Willie arbeitet
		in Milwaukee",kade_letters,human
kade_103_p039,kade_103,"du hast gefragt, ob Kruhl
die Wurst geschmeckt hat, ja
Er hat, aber Norman hat Ihm
gut ausgeschimpft, daß letztes
Jahr die Wurst so schlecht war
Er hat Sie dieses Jahr im zweiten
Stock gehängt, u. die Dicke hat
Er über zwei Wochen geschmokt
u. die Düne über eine Woche.
dies Jahr wird Sie wohl zu
schnel all werden. Bist Du
auch schon Mager geworden,
von das Essen? Thu nur nicht
zu hart Studirn, denn auch
in das, kann man es über
treiben, u. geh auch Spaziren.
Leo u. Edna u. Hib u Lorina
waren Sonntag hier, Sonntag
Abend waren Edwin u. Selma
u. Charlotte hier. Nun mus Ich
schließen, den Albert kommt jetzt.
	In Liebe
		Mutter",kade_letters,human
kade_103_p044,kade_103,"Juneau, Wis.
			Feb. 14 - 1940
Lieber Sohn!
	Dein Brief kamm Heute,
u. weil Ich noch nicht zu müde bin
will Ich Heute Abend Schreiben, es
ist gleich neun Uhr, Norman schnarcht
schon. Ich hab Tante Emma aufge=
rungen, u. den Gruß bestelt, dann
haben wir ein weilchen geplaudert
Ich soll Dich auch grüßen, u. Dir
sagen Sie sind beide zimlich gut
Onkel Aug ist jetzt beim Holz
Splitten, Norman sagt es ist
Viel Holz, wo Er gemacht hat,
nur einen Tag war Oscar da,
u. Heinrich hat helfen van Fahren.
Bis jetzt hatten wir noch kein
glateis, es hat noch nicht
geregnet, jestern u. Heute hatten
wir Sonnenschein, u. gelinde,
Ich hab jestern gewaschen, u. Heute
Gebügelt, Montag war es trübe.",kade_letters,human
kade_103_p045,kade_103,"Norman war auch Krank, Er hatte
Die Grippe, Er konnte kaum die chores
Thun, Sonntag hat er nicht können den
Stall skrepen, u. dann gabs Besuch,
Willie Christians waren hier, Minna
hatte ein bischen angst, sind schon
vor 4 wieder fort, den Esther u.
Gerhard waren auch mit hier, u. das
ist alles was zu Hause ist im März will
Er einen Knecht mieten, Sie Melken
29 Kühe. Sie haben mich gefragt, was
Du werden wilst, da konnte Ich Ihr
keine Antwort drauf geben, es haben
mich schon so viele gefragt, so Schreib
mich mal was Du im Sinn hast,
oder weist Du es Selber noch nicht.
Tante Louise ist nicht sehr gut, Sie
hatte schon zwei mal einen leichten
Schlag anfall, Ihre rechte Hand kann
Sie nicht brauchen, der Arzt hat
gesagt Sie soll im Bett bleiben.
Ihr Bein ist jetzt heil. Dinstag hatte
Ich eine Karte von Tante Hulda, Sie
Schrieb, daß Herbert mit Ihr nach Nickels
war, Sonntag Nachmittag, u. wie Sie
fort gefahren sind, ist Edgar u. Familie
nach Nickels gekommen, Ich hab",kade_letters,human
kade_103_p046,kade_103,"noch nichts von Ihr gehört,
Vic hatte einen Brief bei die
Weihnachtskarte, da Schrieb Sie
please don't nag one about that
coming over, as far as that goes
we have been there so many
times compared to what you
have been here, u. lauter
solches hat Sie geschrieben, So
werd Ich auch nichts mehr sagen
zu Edna hat Sie gesagt, daß
Edgar könnte wählen, Sie
oder wir, Ich würde Ihr zeigen
das Ich meine Mutter kann
besuhen, angefangen hat Sie
den Brief Dear Grandma, aber
Sie weis es nicht besser. Mr.
Schäfer ist zimlich gut, Er ist
öfters im store, doch verkauft
	Er nicht",kade_letters,human
kade_103_p047,kade_103,"kriegte zwei Mahlzeiten, u. Milch,
u. einen roast hatte Er Ihm gegebn
Edna sagt es ist so, wie es bei Ihr
war mit. Konnte jestern Abens
nicht fertig Schreiben, Heute Morgen ist
ein Heifer eingekommen, Norman
konnte das Kalb nicht kriegen, so
muste Onkel Aug kommen, es hat zu
lang genommen, so war das Kalb
Todt, es war schade, den es war sehr
groß. Schütt wolte das Amt nicht
mehr, Er hatte es 15 Jahre, u. Er meinte
das wär lang genug. Hugo Goltz
hatte Hochzeit vor Weihnachten, Er
hat die Hous keaper geheiratet, die
Emil Richard, Du kenst Sie doch.
Hilbert u. Lorina waren Montag
hier, Hib. hat noch wieder Geld
geborgt von Jones, den wo Er
die Maschineri gekauft hat, die haben
die note die Bank verkauft, so muste
Er alle 3 Mo. Zinsen bezahlen, Norman
war mit Elaine zu Hause, sie hat ein
bischen geweint. Leb wohl In Liebe
		Deine Mutter",kade_letters,human
kade_103_p048,kade_103,"ist bei die Bücher. Lillian
war ja Glied Mitglied in Beaver Dam
Kirche, so hat Sie Kirst gefragt
für eine entlassung, Er hat
Sie dann nach Nommensen
geschickt, so ist er hin nach L.
u. hat gefragt, ob Louis auch
sich wolte anschließen, dan hat
Sie gesagt, Er könnte thun
wie Er wolte, Sie würde
nicht von Ihre Kirche gehn, u.
Er dächte vieleicht auch so, dann
Ist der Pastor auch nach Ihm
hin. Von Leo u. Edna haben
wir seit letzte Woche Dinstag
nichts gehört, dann hatte Er
noch keine lohnende Arbeit
Er ging alle Tage nach den
Farmer, wo Sie Ihre Milch
		fahren holen

				Postmark February 23, 1940",kade_letters,human
kade_103_p051,kade_103,"Juneau, Wis.
			Feb. 23 - 1940
Lieber Sohn!
	Nun wirst Du wohl
diesen Brief, diese Woche nicht
mehr kriegen, weil jestern
Wa. Geburts-Tag war, kommt ja
keine Post. Dein Brief kamm
Mitwoch. Norman ist sein kalt
beinah los, Er ist beim Hols
machen, Leo ist schon hier seit
Dinstag, Sie wollen Heute
fertig machen, u. wenn
Blums konnten, wolten
wir Morgen Sägen, aber das
Wetter sieht auch schlecht aus
es Schneit ganz Dick, u. es ist
auch Mond wexzel, so bleibt
es vieleicht beim Schneien.",kade_letters,human
kade_103_p052,kade_103,"Wir waren jestern Abend nach Kirche,
Mitwoch Abends ist Englische u. Donnerstag
Abend Deutsche, bei Tag ist garnicht mehr,
auch sind jetzt in die Englische viel mehr
den in die Deutsche, die Alten gehen jetzt
mit die Kinder mit, u. wenn die
paar Alten die noch gehn, Todt sind
dann wird das Deutsche wohl mit Sterben.
Wie Dumm sind doch jetzt, die jungen
Eltern, wenn Sie Denken Ihre Kinder
sind klüger, wenn Sie kein Deutsch
können. Du kanst wohl nicht zu die
Pasions Gottes Dinste gehn, weil die
Kirche so weit ist. Letzte Woche
Donnerstag war Edgar ein bischen
hier ran, Er kamm von Lacrose, sie
wolten letzten Sonntag kommen, sind
aber nicht gekommen, Er hatte auch
so sehr Kalt, ist ganz Mager geworden.
der Arzt hat gesagt, seine Tonsils
müsten raus, so wolte Er Sie diese
Woche lassen raus nehmen, wenn
nicht zu viel Arbeit wär in die
Fabrik, Norman sagt 7 neue
Farmers haben Sie wieder zu
gekriegt. Den 2 März wird Grace
	schon 2 3 Jahr",kade_letters,human
kade_103_p053,kade_103,"Nach Tante Louise waren
wir noch nicht hin, wolten
Sonntag gehn, aber weil Edgar
sagte Sie wolte kommen, gehört
haben wir nichts von Ihr.
Der eine platz wo Edna ge=
arbeitet hat Freitags, die will
es jetzt aleine thun, der eine
Sohn ist abgelegt, u. der soll Ihr
helfen, Sie hatte auch zwei Wochen
keine Arbeit. Hab Ich Dich schon
mal geschrieben, daß R. Kurtz
einen Baby Boy haben, Ich
war noch nicht hin, Dick kamm
den Nächsten Tag, u sagte Ich
solte kommen, u. den großen Boy
sehn. Nun mus Ich Schließen
u Mittag machen. In Liebe
			Mutter

				Postmark February 29, 1940",kade_letters,human
kade_103_p055,kade_103,"Juneau, Wis.
  			Feb. 29 - 1940
Lieber Sohn!
	Nur ein paar
zeilen, Habe Deinen
Brief jester erhalten,
konnte jester Abend
nicht Schreiben, u. Heute
wolten wir Holz Sägen
so hab Ich die Männer
für Mittag. Wir
waren jestern nach
Tante Louise, konnten
Ihr aber nur für 5
Minuten sehr, Sie ist
sehr schwach. Werde noch
diese Woche einen Brief
Schreiben. In Liebe
		Mutter

				Postmark March 1, 1940",kade_letters,human
kade_103_p058,kade_103,"Juneau, Wis.
		Feb. 29 - 1940
Lieber Sohn!
	Die Karte wo Ich Heute
Morgen Schrieb, wirst Du wohl
Samstag kriegen, wir waren
jestern Abend nach Edna. Wir
waren nicht mehr da, seit den
12 Dec. wie wir nach Hause
kammen von Nickels, ist Norman
gleich raus nach die chores, u.
dann wolten wir auch gleich
Melken, da kamm Leo u. Edna
von Lichtenbergs, dann hat
Leo helfen Melken, u. weil
Leo wolte helfen Holz Sägen,
sind wir mit unsere Car
gefahren, so konnten Sie der
gas sparen. Unsere road ist
simlich gut kein Schnee mehr
drin, dan bei Nickels war auf
      Stellen zwischen die Berge",kade_letters,human
kade_103_p059,kade_103,"noch Schnee. Tante Louise hatte auch
LungenEntzündung, für mehre Tage
durfte keiner rein, als blos die
Kinder, Artur u. Selma waren auch
hier, Sie hat eine Nurse, Sie hat
sich gefreut, laut kann Sie nicht sprechen
u. Sie soll auch garnicht sprechen. Heute
Abend ist Kirche, wir wolten auch hin,
nun hat es angefangen zu Regen,
dann friert es vieleicht am Windsh.
so wollen wir nicht gehn. Mit Holz
Sägen sind wir nicht fertig geworden.
So weit bin ich blos gekommen dann kamm
Hib u Lorina u. Elaine, so werd Ich Huete
Morgen fertig Schreiben. Montag werden
es Drei Wochen das wir sie nicht gesehen
haben, Hilbert sagt was los wär, daß wir
nicht kommen, die eine Woche hatte Norman
so Kalt u. letzte Woche mit Holz machen, u
dann war er Abens  müde, wir haben uns
gewundert, daß Sie jestern Abend kammen
die Treppe war alles Eis, es ist alles glat,
Ich war nciht raus, den Leo ist hier ge=
blieben, Er hat noch keine Arbeit, Er war
letzte Woche nach Madison wegen W.P.A.
einen slip hat Er diese Woche gekriegt,
jetzt mus Er noch einen kriegen, welchen
Tag Er kann anfangen. Doch Denke Ich die
Arbeit ist nicht sehr gut, Sie thun severs sewers
legen in den hohen Berg, bei Deaver Dam",kade_letters,human
kade_103_p060,kade_103,"Es ist 40 Fuß tief wo Sie graben.
Sie thun auch Nachtens Arbeiten
es ist in Drei shifts, Es ist schade
das Er keinen platz auf eine Farm
kriegen konnte. Was soll Ich Dich
Schreiben, was Du thun solst, Du
bist ja Alt genug, wenn Es für
Deinen Vortheil ist, daß Du den
Sommer da bleibst, sonst köntest
Du ja auch nach Hause kommen, Ich
hätte Dich dann Lohn gegeben, und
wie Ist es, daß nächste Schul Jahr?
Kriegst du wieder Geld? Thust
Du blos Deutsch Studiren? In dieses
Land soltest Du auch das Englische nicht
vergessen, dann köntest Du vieleicht
eine Stelle kriegen in Madison, ja
Heimweh hab Ich sehr, so manches mal
steh Ich stille u seh nach den Osten,
dann Denk Ich, der liebe Heiland wird
Dich wohl beschützen, daß Dich nichts
wieder Fahren kann, als nur was Er
	will",kade_letters,human
kade_103_p061,kade_103,"Es thut mir dann so leid, daß
wir nicht so reichlich gesegnet
sind mit Irdischen Gütern, denn
Du weist ja wie es ist, Ich konnte
die letzten zwei Jahre auch nichts
von meine Schuld abtragen, jetzt
ist die Milch ein wenig höher
wir hatten 3.6 Test, u. hatten $ 1.47
so will Norman heute hin, u.
die tex bezahlen. Heute Morgen",kade_letters,human
kade_103_p062,kade_103,"soll Er nach Müllers kommen, u.
helfen ein Schwein Schlachten, u.
Nachmittag wollen Sie das Holz
fertig Sägen. Wir haben jestern
kleine baby pigs gekriegt, Sie
hat 9 Stück, daß ist ganz gut, von
ein junges Schwein. Den 8 ist Lorinas
Geburts-Tag, wenn die roads nicht
zu schlecht sind u. das Wetter wollen
wir hin. Schick Ihr man eine Karte.
            Nun leb wohl. In Liebe
                                                Mutter

				Postmark March 7, 1940",kade_letters,human
kade_103_p065,kade_103,"Juneau, Wis.
      March 6 - 1940

Lieber Sohn!
      Nun will Ich Heute
Abend mal sehn, ob Ich den Brief
kann fertig Schreiben, bin grade
rein gekommen vom Stall, Melken
thun Ich blos Bell, Sadie hat
einen wehen Strich, Sie Schlägt
wie wild, so mus Sie Norman
melken, Pet haben wir Verkauft
den Sie gab nur noch ein paar
qt. Milch seitdem Sie den wehen
Strich hatte, u. das bezahlt ja
nicht das Futter, auch Helen ist
fort, die war ja auch nicht mit
Kalb, u. Ihre Milch war Dick, u.
gab blos 1 qt. So konnte Ich jetzt
Blums fürs dreschen u. Silo
Fühlen bezahlen, u. Holz Sägen
das war $6.00 u. Milch holen
$5.00 auch hab Ich Wilke bezahl
fürs oil u. Pulver fürs Silo
      penten",kade_letters,human
kade_103_p066,kade_103,"vor Weihnachten war auch die Pumpe
kaput beim Stall, u. die hat Wilke
auch gefixt, Es ist zimlich viel Holz was
Norman u. Leo haben gemacht, ein
ganz Theil von die Weiden, die waren
schon zimlich Dick, Norman meinte die
thäten sonst abbrechen, von Sturm
den eine war ja abgebrochen letztes
Jahr, der Hickribaum hat viel Arbeit
gemacht, er wolte nicht Splitten,
so musten die es in solche Enden
Sägen, was in die Furnice geht. Hab
Ich Dich schon geschrieben, daß Henry u.
Albert zum Unterricht gehn? Albert
hat zu Norman gesagt, Er denkt Palm
Sonntag werden Sie Konfirmirt, So
bleibt nur noch Vater u. Mutter übrig
die nicht zur Kirche gehn, Heute Abend
gehn Sie wieder, der Stall war schon
15 Mi. bis 7 Dunkel. Norman mus
seine zähne lassen auf fixzen, den
die eine von Vorne ist die Fülling
raus, Er war Heute hin, bist Du nicht
glücklich das Deine raus sind?
Thun Sie Dich auch öfters Trubel? Sonntag
waren Lichtenbergs hier, Wir wa=
ren beim Mittag Essen, wie Sie
kammen, wir waren zur Kirche.
Dann läst Norman das Vieh raus
ehe wir Essen, u. dann wird es
       spät.",kade_letters,human
kade_103_p067,kade_103,"Leo hat noch keine Arbeit
an W.P.A. so ist Er Montag
runter nach Walter, Er soll
helfen Holz machen, Tante Emilie
sagte, wenn Sie doch auch
solchen Haufen Holz hätten, Ihr
Bein ist noch nicht viel besser
Sie geht noch nach Dr. Lehman
in Hartford. Edna hatte letzte
Woche 2 Tage Arbeit, Dr. Clark von
Deaver Dam, hat ein road House
gekauft, Er will es für Privet
Home haben, da hat Sie 28 ct.
die Stunde gekriegt, weil
Leo hier war für Holzsägen
hat Sie Freitag Abend aufge=
rungen, Sie solten Ihr holen
den Samstag brauchte Sie nicht
kommen, aber Montag, der
Dr. thut nur Operiren, Er ist
rst ein Jahr in DBeaver Dam",kade_letters,human
kade_103_p068,kade_103,"Von Tante Louise habe Ich
noch nichs gehört, seit wir
da waren, Sie war den
31ten Jan. 77 Jahre, Ihre Post
ist Theresa, daß andere
habe Ich Dich geschrieben, im
letzten Brief. Wir hatten
mehre Tage Trübes Wetter
Heute hat die Sonne geschienen
u. war nicht kalt. Daß
Dein Rock schlecht ist, glaube
Ich dir, der hat auch schon
was durchgemacht. Sind die
Leute auch so gut, wie Manthes?
kriegst du noch öfters was
zu hören von Lehmans?
Thut Wienie dies Jahr fertig
werden? Du wärst wohl
dies Jahr auch fertig geworden in
      Madison.",kade_letters,human
kade_103_p069,kade_103,"die 9 kleinen Schweinchens
Leben noch, die junge Sau
ist sehr schön. Albert u.
Norman haben jestern
Morgen, Daisy u. Bud
den Braidle aufgethan,
Daisy hat das Gebis sehr gut
genommen, aber Bud
wolte nicht sonst ist Bud
sehr zahm. Dein Brief kamm
Heute, so hast Du wieder
viel gesehn. Ich möchte auch
gerne kommen u. sehn wo Du
bist. Norman u. Ich sind
jetzt zimlich gut.
      Nun gute Nacht
Gruß von
alle
      In Liebe deine
      Mutter

				Postmark March 15, 1940",kade_letters,human
kade_103_p072,kade_103,"Juneau, Wis.
		March 14-1940
Lieber Sohn!
      Nun kriegst Du diesen
Brief, nicht am Samstag, den
jestern war ja Walter sein
Geburts-Tag, und so sind wir
hin gefahren. Ich hätte Heute
Morgen geschrieben, doch war
ja keine zeit. Leo u. Edna
Ray u Rosie waren auch da.
Leo helft Waltern Holz
machen, so ist Er da geblieben.
Edna u. die Kinder sind mit
uns zurück, dann muste
Ich für Rosie flicken, den
die ist hart an Zeug. Norman
hat Ihr dann Heute Mittag
zurück genommen, daß Sie
noch konnten zur Schule gehn.",kade_letters,human
kade_103_p073,kade_103,"Es thut mir Leid, daß Du must
umsonst nach einen Brief ausschaun
den Ich freue mich auch, wenn Mit=
woch kommt, daß ein Brief von Dich
hier ist. Es waren nicht viele da, bei
Lichtenbergs, Vater u. Mutter Heuer
Hilbert u. Familie, Ulbrichts, Eddie,
u. wir. daß Wetter war auch
nicht vom besten, Starker Wind
u. Schneesturm, u. Heute Abend
ist es wieder so, auch zimlich kalt.
Heute Abend ist Deutsche Kirche, letzte
Woche waren wir hin. Es waren
auch recht viele da. Sonntag werden
die Kinder Confirmirt. Maxzine
Baerwald auch, es sind 18 Stück.
Blum Brothers werden auch Sonntag
Confirmirt in die Kirche, vor der
Gemeinde, Edna will auch hin gehn
Ich wolte auch hin. Leo wolte hier
ran kommen Samstag u. mich
mit nehmen, aber es sieht
mich zu Neugirig aus. Sonntag
Nachmittag war Norman u. Ich
nach Dick Kurtz. Der kleine Boy
ist man sehr behände, Sie haben
Ihm Robert genant.",kade_letters,human
kade_103_p074,kade_103,"Freitag Morgen
Lorinas Geburts-Tag waren
Andrew, Irene, Ethel Luek, Alma
Bosins, Gust Frankes, Griepentrogs,
u. wir, die road war dies
Jahr zimlich gut, den es hat noch
nicht viel gethaut. Thust Du
noch auf den Platz Essen dicht bei?
wie ist das Essen jetzt? Wie
vill wiegst Du? Oder hast
Du noch auf keine Wage
getreten seit Du in Providence
bist? Ist Andy auch groß u. Stark?
Leo wiegt jetzt 153 lb. so
schwer war Er noch nie. Nun
mus Ich schließen den Ich will Norman
helfen im Stall. Er soll noch Vor=
mittag nach Juneau Fahren, u. die
Tex bezahlen. Ich hab noch ein halbes
Schwein gekauft von Blums. Das will
Ich Cannen. Leb wohl   In Liebe
Gruß von alle			Mutter

				Postmark March 21, 1940",kade_letters,human
kade_103_p077,kade_103,"Juneau, Wis.
			March 20 - 40
Lieber Sohn!
	Zuerst Wünschen wir
Dir ein gesegnetest Osterfest, u.
das schöne Lied, Wilkommen lieber
Ostertag, der Heiland der im
Grabe lag, Endstieg dem Tode
Zimlich schön, sahn Ihm die Engel
auferstehn, so werden auch wir
mal aus dem Grabe auferstehn.
Dein Brief kamm Heute, u. Du
warst so Krank, es ist vieleicht
doch von dem Fisch gewesen,
Du hättest doch sollen den Arzt
haben lassen, Du hast doch auch
einbezahl, oder must Du noch
bezahlen, wenn Du Ihm brauchst?
dann muste wohl Andy Nurse
sein? Wenn Du diesen Brief
kriegst, hast Du die Box schon
wo Ich Dich geschickt habe",kade_letters,human
kade_103_p078,kade_103,"Ich wolte Dich überraschen für Ostern,
Hoffe sas alles gut ist, u. daß Du das
Hemd gerne hast, der eine Kuchen war
ein wenig sehr gebacken, Ihr könnt ja
unten ein bischen abschneiden, wenn
er noch nicht verzehrt ist, bis dieser
Brief kommt, die peanut butter cookies
hatte Ich den Morgen gebacken, die andern
waren schon eine Woche alt, so könnt
Ihr die erst Essen, die waren ja auch
sehr schön, und den candy kanst du ja
lassen bis Ostern, Ich hätte Dich wohl sollen
zwei Laibe Brod schicken, oder hast Du
den Kuchen lieber? Wenn Du die Dicke
Wurst anschneiden thust, dann laß mich
wissen ob Sie auch hool war? es ist
schade das wir dieses Jahr so wenig
Wurst haben, weil sie so schön ist.
Jestern war Onkel Wilhelm Korth hier
u. hat Norman helfen Holz splitten,
Thedor hat Ihm gebracht, wir haben Ihm
dann rein gefahren am Abend, Norman
hat uns angemeldet zum Abendmahl
für Morgen Abend, Ich wolte Elsa
sehn die ist zu Hause, Sie hat Ihren
rechten Arm gebrochen, es werden
Samstag zwei Wochen, Ist draußen
beim Haus aufs Eis geschlipt, Sie
wolte Sand streuen.",kade_letters,human
kade_103_p079,kade_103,"Tante Louise hat schon wieder
zwei mal einen Schlag anfall
gehabt, jetzt kann Sie nicht
sprechen, Sie lassen keinen
rein, so waren wir noch
nicht wieder hin. Letzten
Sonntag Nachmittag waren
wir nach Tante Hulda, Norman
hatte die chores alle vor Kirch=
zeit fertig, Leo war die
Samstag Nacht hier u. hat Ihm
geholfen, Er kamm von Walter
Es waren 16 Erwaxzene
Personen, die Confirmirt
sind, in Beaver Dam, Edna
war nach die Kirche, doch hab
Ich noch nicht mit Ihr ge=
sprochen, Albert hat zu Normie",kade_letters,human
kade_103_p080,kade_103,"gesagt, daß seine Ma hat
Edna in die Kirche gesehn, bei
uns hat Vater noch nichts
gesagt von die Jungens.
Unser Stroh ist auch bald all
so hat Walter gesagt, wir
könnten was von Ihm
kriegen, Fritz Lauersdorf
hat Heute eine load geholt,
Norman war mit, Er wolte
2 doll. für eine load haben
Norman hat Ihm gesagt,
mehr wie 1 1/2 d. würden
wir nicht geben, dann hat
ers auch für das gethan.
Leo ist Heute auch hin gekommen
nach Walter, Er soll Ihm",kade_letters,human
kade_103_p081,kade_103,"helfen Heu fahren, von
Edie's Platz, Montag u.
Dinstag hat Er bei Dr.
Clark gearbeitet. Von
die kleinen Schweine hatte
eins einen Bruch, so hat es
Norman eingegraben, Bud
ist blos noch zwei zoll
kleiner den Daisy, operirt
ist Er bis jetzt noch nicht,
der Arzt von Watertown
wird es wohl thun. Wenn
Ich dran gedacht hätte, an Herd Brod
würde Ich was gebackt haben, Habeei
schon lange keins mehr gemacht.
Nun leb wohl u. Hoffe daß Du gut fühlst
(Schreib wie alles wahr) In Liebe
     Gruß von Norman         Deine Mutter

				Postmark March 28, 1940",kade_letters,human
kade_103_p084,kade_103,"Juneau, Wis.
		March 28-40
Lieber Sohn!
	Weil Ich jestern abend
sehr müde war, will Ich heute
Morgen schnell ein paar zeilen
Schreiben, wir sind eben fertig
mit Frühstück Essen, wir hatten
Korn mehl kuchen, weil Ich blos
zwei Kühe Melke, nimt es
nicht lange, dann kann ich noch
backen, den Norman kommt
rein, wenn Albert hier war.
So warst Du auch eingeladen
für Ostern, hast wohl da
Abendbrod gegessen, auch die
schöne Reise nach Boston wird
Dich wohl sehr intressirt
haben. Ich hab oft zu Pa",kade_letters,human
kade_103_p085,kade_103,"gesagt, wenn wir doch auch mal
eine Reise machen könnten, aber
mit die Farmers geht es schlecht,
ausgenommen man hat Geld, die
letzten Jahre wie Pa gelebt hat, hatten
wir ja die Hilfe, dann fehlte die
Gesundheit. Edgar und Familie
waren Ostern hier, sind erst für
Abenbrodt gekommen. Sie waren die
Nacht bei Edna. Sie waren dann
Palmsonntag hier, wie wir nach Tante
Hulda waren, sind aber nicht hier
geblieben, die Kinder haben sich sehr
gefreut. Der Pastor hat Ostern solche
schöne Predig. Er hatte den Tex Text (Halte
im Gedächnis Jesum Christum, weil
Er von Tode Auferstanden Ist) Er
hat es so herrlich ausgelegt. Thut
jetzt der Alte Pastor wieder Predigen?
Ist Er auch gut, in Schrift auslegen?
Edna u. Familie waren Montag
hier. Sie haben noch keine Lizens
so können sie nächsten Monat
nicht Fahren, bei W.P.A wird
wohl Leo keine Arbeit kriegen",kade_letters,human
kade_103_p086,kade_103,"den Sie haben schon, von
die andern abgelegt. Tante
Hulda hat geschrieben, daß Paul
da war u. hat Ihr mit
raus genommen, es Ist sehr
traurig, daß Tante Louise
nicht sprechen kann. Wir
wolten Montag hin. Daß Edna
gekommen ist wurde es nichts.
Dinstag hat es hier geschneit.
blieb auch liegen, es war
acht zoll. Heute Nacht hat es
geregnet, so ist alles glat.
Ich muste den Stock nehmen.
Meine Knie ist immer noch
schlimm. Nun werd Ich wohl
müssen an die Arbeit gehn, den
Ich will bügeln. In Liebe
			Mutter
(Den 6 April ist
Ednas Geburts-Tag)

				Postmark April 4, 1940",kade_letters,human
kade_103_p089,kade_103,"Juneau, Wis.
	April 4-40
Lieber Sohn!
	Weil Ich jestern Abend
zum Geburts-Tag war, mus
Ich Heute Morgen Schreiben, es
war ja Irma's, u. wenn
wir dann nicht kommen, gefällt
es Ihr nicht, es waren nicht
viele da, Rudolph Hunds, daß
ist Irma's Pathe, Schäfers, u.
Artie u. Vater u. Mutter, u.
Walter, u. sein Mädchen. Irma
war auch wieder Krank, Sie
hatte ein Geschwür ins Ohr,
muste jeden andern Tag zum
Arzt. Herman hat auch schon viele
Schwitz tropfen verloren, fürs Dr.
			Geld",kade_letters,human
kade_103_p090,kade_103,"Sie fragen jedes mal, wie es Dir
geht. Wir hatten Montag Nacht, einen
schönen Regen, auch hat es jestern
gehagelt u. geregnet, es geht gleich
im Grund, den das Erdreich ist so
Trocken, die Wege sind bis jetzt
zimlich gut. Nach Tante Louise waren
wir noch nicht, wir wolten letzten
Sonntag hin, doch weil Onkel Fritz, Tante
Ida, Hubert u. Minnie, kommen
wolten, konten wir nicht gehn. Sie
waren aber nur eine Stunde hier.
Tante Em Ihre Schwester Martha ist
Samstag begraben. Victor ist Freitag
Abend, nach hier gekommen, u. hat Aug
u. Em mit genommen. Martin u. Alice
waren auch da, sind nicht hier her ge=
kommen. Victor war Sonntag Vormittag
hier. Carmin war nicht mit gekommen.
Maryanne wird dies Jahre graduiren.
Sie wird schon achzehn. Onkel Aug sein
Geburts-Tag ist den 14ten diesen Monat.
Nach Edna werden wir Sonntag gehen
Hilbert u. Lorina wollen mit uns
      Fahren, Sie waren Montag hier",kade_letters,human
kade_103_p091,kade_103,"Er muste ja Pappa Joseph Zinsen
bezahlen, auch Lichtenbergs wollen
Sonntag kommen, so kanst Du an
uns denken, den oft mus
Edna Samstags Arbeiten, u. dann
ist Sie Müde, letzten Sonntag
hat Sie bis 8 Uhr Abends gearbeitet.
Sie kriegt 25ct. die Stunde, u.
von die Frau, wo bei den Arzt
sind, kriegt Sie auch noch viel
anders, oft schickt Sie Ihr was
übrig geblieben ist, vom Essen
mit, letzten Sonntag hatten Sie
15 Gäste zum Dinner. Norman
u. Albert haben Heute Morgen
die kleinen pigs operirt. Heinrich
fühlt nicht gut, gerade so wie letztes
Frühjahr, wenn Er blos nicht wieder
ein geschwür kriegt. Nun leb wohl
 	u. bleibe From. In Liebe
 				Mutter.",kade_letters,human
kade_103_p092,kade_103,"Edgar hatte Milch
mit genommen, u. dann
hat Er Norman geschrieben
von den test, auch
Schrieb Er, das Pete
zurück ist bei Pabst
hast Du was gehört?",kade_letters,human
kade_103_p096,kade_103,"Juneau, Wis.
		April 10-1940
Lieber Sohn!
	Du Schreibst jetzt sind
die Ferien über, doch hast Du
keine gehabt, was hast Du denn
Gearbeitet? Gehst Du auch alle
Tage spaziren? Thu nur nicht
Deine Gesundheit ruiniren.
Ja Edna hat den Brief erhalten
Sie hat sich auch sehr gefreut.
Wir sind zu Mittag hin, Hib u
Familie sind bis hier gekommen
u. sind mit uns gefahren.
Lichtenbergs sind auch zu Mittag
Essen gekommen, Mutter Heuer
war auch mit gekommen, Tante
Emilie war nicht da, denn
Sie ist Krank, was das gute
Bein war, ist ganz Dick
geschwollen. Sie mus warme",kade_letters,human
kade_103_p097,kade_103,"Umschläge machen. Nachmittags sind
Freddy Krantze's noch gekommen, wir
hatten Smelts1 zu Mittag. Der Arzt wo
Edna arbeitet hat Sie Ihr gegeben.
Norman Denkt es waren 25 lb. Leo
hat noch einen jeden was mit gegeben.
Leo hat letzte Woche zwei Tage da
gearbeitet. Samstag Nachmittag war
Norman u. Ich nach Mickels Nickels, Tante
Louise ist ein wenig besser, der Arzt
hat gesagt, Sie kann ein wenig im
Roll Stuhl sietzen. Sie hat gesprochen,
aber man kann Ihr nicht verstehn,
der Arzt denkt, wenn Sie kann auf sein,
wird es besser, der Hals ist sehr
Geschwollen. Sie hat sich sehr gefreut,
die Nurse ist noch da. Norman sagt
Ich soll Dich Schreiben, daß Er 5 M nach
8 schon im Bett ist, ob Du auch so früh
zu Bett gehst? Ich habe Dich doch geschrieben
das Schwein von Blums hat alle die
Ferkel Todt gedrückt, nun haben wir
Sie Dinstag verkauft, haben blos 62 cts
mehr gekriegt, als wie wir für be=
zahlt haben, u. Sie war noch mal
so schwer. Sie haben blos 4.40 bezahlt
u. Denkt blos es war noch nicht
halb 5 wie Lauersdorf kamm, es
war noch Dunkel, so muste Er
 	klopfen. Er kamm von Millers",kade_letters,human
kade_103_p098,kade_103,"da hatten Sie schon zwei Kühe
aufgeladen, um 3 Uhr war
Er schon da, die hatten 6 Kühe
die nicht mehr konnten
aufstehn, dann Montag hat
Er 4 nach Mil. genommen.
Sie musten die mit Stein=
boot2 rausschlepen. Er hat kein
Futter, hat blos Stroh gefüttert.
Sie gehn dies Frühjahr noch
runter, Elmer hat 1500 da. an=
bezahlt, u. nun verliert Er
alles. Wir hatten Heute Morgen
366 lb. Milch, u. hatten die
letzten 3 Monat 6 test, die
Milch ist wieder billiger,
wir hatten 15 ct. weniger,
als der Monat zuvor, wir
musten noch 100 bu. Hafer
				kaufen",kade_letters,human
kade_103_p099,kade_103,"u. der war 48 ct. der bu.
Die Hühner legen jetzt gut,
aber die Eier sind blos 14 ct.
das doz. Wie viel sind Sie
da? Norman sagt Hib kriegt
an 300 lb. Milch, die eine
Kuh hat das Kalb verloren.
dies war schon das Dritte mal
so hat er sie verkauft.
Fanny hat jetzt ein Kalb",kade_letters,human
kade_103_p100,kade_103,"Samstag hatten wir schönes Wetter
aber Sonntag hat es geregnet, auch
Heute hat es sehr geregnet, so
wird das Säen diese Woche nichts
werden. Gustav Jagow ist im
Hospital. Er hat ein Dickes Bein
ist wohl so wie Onkel Heinrichs war
Die Männer waren Sonntag Nach=
mittag hier, Er soll den Sommer
nicht Arbeiten. Nun leb wohl
 	In Liebe Deine Mutter

				Postmark April 18, 1940",kade_letters,human
kade_103_p103,kade_103,"Juneau,Wis.
      April 17-40.
Lieber Sohn!
      Ich wundre wie das
Wetter bei Euch Ist, hier haben
wir seit Heute Mittag Schnee=
sturm, u. wenn es so bei bleit
werden noch wieder Schnee
Schanzen Morgen früh sein, es
ist wie zwölf Jahre zurück,
wie Tante Lydia gestorben ist.
Gestern war es schön, dann sind
die Männer alle aufs Land, auch
Heute Vormittag, Norman wolte
Nachmittag Säen Er hatte ein
Stück Land soweit fertig, Albert
hat schon jestern gesät, doch war
es trübe, daß Sprichwort ist
Heute nicht so ausgefallen,
nach einem trüben Morgen
folgt ein heitrer Tag. Ich bin
Heute Abend nicht raus in
      Melken",kade_letters,human
kade_103_p104,kade_103,"das Wetter ist mir zu schlecht, denn
Ich war wieder zimlich Krank, mit
Grippe, Norman muste fünf mal aleine
Melken, Ich hab letzte Woche Freitag
das Fremden zimmer, oder Gäste kann man
auch sagen rein gemacht, Norman
muste mich helfen den Rug raus nehmen
u. wieder legen, auch die Madratze,
u. wir hatten einen kalten Wind, dann
hab Ich schon Abends solchen Frost gekriegt
u. dann ganzen Samstag, u. solche Schm=
erzen im ganzen Körper, Sonntag
u. Montag waren miene Glieder wie
gebrochen, Ich konnte auch nicht Essen,
Heute fühlte Ich zimlich gut, nur mus
Ich noch viel Husten. Da kriegte Ich
Montag Besuch, Herbert muste nach
Juneau, dann ist Tante Hulda u. Friede
mit gekommen, Sie waren nicht lange
hier, meine Küche war nicht gefegt
seit Donnerstag, aber Ich konnte nicht,
Mein Kopf war auch so schlim, dann
hab Ich so viel geträumt, daß Ich nicht
Scheuern konnte, u. ich war raus,
wie Ich rein kamm hattest Du alles
rein gemacht, u. wie hab Ich mich
dann gefreut. Onkel Aug hat den Brief
Samstag erhalten, Ich konnte nun auch
nicht hin, Norman wolte auch nicht gehn.
      Ich sagte Er solte nur gehn.",kade_letters,human
kade_103_p105,kade_103,"Nachmittags waren Tante Guste
u. Onkel Wilhelm, Benneditzs,
Rupnows, Elsie, u. Sahra u.
Edwin K. da. Am Abend
Ulbrichts, Blums alle blos
Vater nicht auch der Knecht,
Spohnholzs, Lauersdorfs,
auch Sonny u. Normie, Sie
hatten plenty zu Essen, u. Trinken
auch Soft drink u Beer. Es ist
jetzt 10 Mi. bis acht, Normie
ist eben rein gekommen, Er
sagt es ist ein schlrecklicher
Schneesturm, 2 Fuß zwischen
Haus u. Stall. Ich Denk Morgen
Früh bleib Ich auch im Haus. Hat
Pete geschrieben ob Er wieder
seinen alten Job hat? Nun mus
Ich schließen Leb wohl
      In Liebe Deine Mutter.
 Dein Brief kamm Heute.",kade_letters,human
kade_103_p106,kade_103,"Miller hat alle Kühe
verkauft, Er ist noch hier,
die Farm gehört Denken wir
noch Birkholz, Irma hat
Sonntag gesagt, daß es Montag
solte entschieden werden ob
er bleiben könnte, die Pferde
sind auch zum umfallen, er hat",kade_letters,human
kade_103_p107,kade_103,"Drei bails Heu gekauft von
Bartel, u. daß konnten sie
kaum ziehn. Er ist schon
mehre mal nach Juneau
gelaufen.

				Postmark April 25, 1940",kade_letters,human
kade_103_p110,kade_103,"Juneau, Wis
      April 24 - 1940
Lieber Sohn!
      Es freut mich immer
wenn Mitwochs Dein Brief
kommt, daß Ich weis wie es
Dir geht. Es ist wohl nicht
sehr angenehm, wenn es
so viel Regnet, du hast wohl
deinen Regen Rock dann
viel gebraucht, Es liegt noch
etwas Schnee die road nach
Lübkes, so kanst Du sehn, daß
es viel geschneit hat. Die
Farmer Arbeiten jetzt Früh
u. Spät, Wolf war noch halb
Acht, mit der tractor aufs
Land, Onkel Aug hat auch
lassen aufarbeiten, von
Zustrow Zastrow, Norman sagt",kade_letters,human
kade_103_p111,kade_103,"Er wird diese Woche noch nicht ganz
fertig, der Wind ist im Osten, es
gibt vieleicht Regen, die tractors
brummen alle um uns rum, sogar
Blums, brauchen Ihren. Norman ist
schon im Bett. Ich hab erst Geschirr
gewaschen, wie Ich von Melken
bin rein gekommen, Ich Melk jetzt
Drei Kühe, Fanny Ihr Kalb ist jestern
fort. Letzte Woche Donnerstag Abend
war Hib, Lorina, u. Elaine hier, Sie
wiegt jetzt achtzehn Pfund, u. kann
auch schon eine Schippe machen, für
Norman u. mich, Morgen wird Sie
7 Monat Alt, Hib hatte schon 14 Acker
gesät, der wird wohl fertig sein,
Ewald bleibt da den Sommer. Am
Freitag Abend waren wir nach
Lichtenbergs. Tante Emilie ist
etwas besser. Morgen ist Adela's
Geburts-Tag, u. Sie hat zwei mal
zum Norman gesagt, wir sollen
hin kommen, so werden wir wohl
müssen gehn. Tante Amanda war
letzten Sonntag hier, Sie will
doch so gerne nach Hause",kade_letters,human
kade_103_p112,kade_103,"Nachmittag kammen dann
Köhlers Alle, blos Arlene
nicht, die war nach eine
Geburts-Tag Party. Walter
hat zu Norman gesagt, im
Herbst geht Er wieder runter
Irene Arbeitet in Beaver Dam
u. die andern beiden, Arbeiten,
fürs Essen u. Schlafen. Mach Dich
nur keine Sorgen, wie es
uns wird gehn im Sommer, der
liebe Gott wird uns nicht ver=
lassen, es sind ja so viele auser
Arbeit, dann kann man doch wohl
einen kriegen, ob Er wird so
aufstehn wie Du, u. heiter die
Arbeit sein, mus man aus finden.
Es wär wunderschön, wenn
Du mit Kurath's könntest mit",kade_letters,human
kade_103_p113,kade_103,"kommen, aber Ich werd
mich noch nicht zu sehr
Freuen, sonst wird
es vieleicht nichts. Ich
bin jetzt beim Lawn harken,
die Lawn sieht
schlecht aus, die Mader",kade_letters,human
kade_103_p114,kade_103,"waren drin letzten
Herbst, u. so sind viele
Stollen Stellen Trocken.
      Nun Leb wohl
      In Liebe
      Deine Mutter

				Postmark May 2, 1940",kade_letters,human
kade_103_p117,kade_103,"Juneau, Wis.
       May 2-1940.
Lieber Sohn!
       Weil Ich jestern Abend
zu Müde war zum Schreiben,
mus Ich mich doch Heut Morgen
zeit nehmen. Es ist ja auch
Winter bei uns, wir haben
wieder einen Schnee Sturm.
Montag hatten wir ein ge=
witter, u. einen schweren Regen
jestern fing es an zu Schneien,
u. Heute ist ein richtiger Winter
Schnee Sturm. Norman hat Sonntag
das Säen fertig gemacht, es
waren noch 6 Acker, Es ist mit
die chores das nimt zu viel zeit,
 Sonntag war Leo hier, Edna
ist schon Freitag Abend gekommen",kade_letters,human
kade_103_p118,kade_103,"Sie hat Samstag Oben ein Zimmer
u. zwei closets rein gemacht. Ich werd
wohl müssen den Living room u. Hall
lassen Tapeziren, den es ist jetzt schon 27
Jahre drin, u. sieht sehr schlecht aus, Ich
war jestern nach Horicon, u. hab Hintz
bezahl fürs silo painten, Er sagte das
Er es machen wird. Ich hab Hilbert u.
Edna gefragt, ob Sie kommen würden
u. Helfen uns das Papier abmachen.
sie haben ja gesagt, den Leo ist ja schön
groß. Wir sind dann auch gleich nach
Perry Goodrich u. haben uns Saat Kar=
toffel gekauft, den unsere können
wir nicht pflanzen, die mersten
sind etwas schwarz ans Ende, wir
wollen Sie dieses Jahr mal Tritten,
Frau Goodrich sagt, das Sie Ihre auch
thun, Sie pflanzen 22 Acker, Ich
muste $1.40 geben für 100 Pfund, der
Samen kommt von Antigo. Hilbert u.
Familie waren Freitag Abend hier,
dann sagten Sie, daß Ewald den
1 May fort geht, Lester Grulke will
Ihm $35 den Monat geben, u. Hib
gab Ihm blos $25, Es war nicht recht
von Ihm, den Er hatte sich doch vermitt
für den Sommer",kade_letters,human
kade_103_p119,kade_103,"Norman Denkt, der wird die
Augen wohl noch aufmachen, den
letzten Sommer hatte er 6 Knechte.
u. Deine Uhr ist auch Kaput, da
sind die Uhrmacher auch wohl
sehr Teuer, mus Ich Dich ein
paar dol. Schicken? Köhler hat
gesagt, daß die Farm verkauft
soll werden. Rohde hat die Farm
hier nicht gekauft. Montag war
Edgar hier, nächste Woche, den
9 ist sein Geburts-Tag, hast Du
dran gedacht? Wir wollen
Sonntag hin Fahren, wir wollen
Ulbrichts mit nehmen.  Adela's
Geburts-Tag war das ganze Haus
voll, es scheint als ob mehr Leben
jetzt da ist. jetzt mus Ich Milch geschirr
waschen. Leb wohl, u. der Herr
sei mit Dir. In Liebe Deine
       Mutter

				Postmark May 9, 1940",kade_letters,human
kade_103_p122,kade_103,"Donnerstag Morgen.
Lieber Sohn!
      Weil wir jestern Abend nach
Juneau waren konnte Ich nicht
Schreiben, u so mus Ich schnell
ein bischen schreiben, es ist gleich
11 Uhr, u. jetzt bin Ich erst rein
gekommen vom Stall. Wir waren
letzten Sontag nach Edgar, weil
Sonntag ist ja Pfingsten, u.
Edna mus auch Sonntag Ar=
beiten, Heute ist ja sein Geburts-
Tag u. Bud ist Heute ein Jahr
alt, Er ist jetzt so groß wie
Daisy, blos nicht ganz so breit
Norman hat noch kein Geschirr
auf Daisy gehabt. Er hat ja
immer zu viel Arbeit.",kade_letters,human
kade_103_p123,kade_103,"Er ist jetzt beim Mist Fahren, Leo
wolte Ihm ja helfen, auch Edgar hat
gesagt Er wolte für ein paar Stunden
kommen, aber es ist schlecht, auf andere
verlassen, Leo mus ja bei den
Arzt Beeren pflanzen u. Garten
machen. Wir haben Montag die Früh
Kartoffel gepflanzt, u. Ich hab auch
etwas Garten Stoff rein, wolte
Dinstag fertig machen, dan hat es
geregnet. Montag Abend waren
wir nach Hib, Ewald war blos
3 Tage bei Grulke, Sonntag kam
Er hin, u. wolte gerne wieder
zurück kommen für 25 dol. Er sagte
das Er nicht genug zu Essen hat
gekriegt, wenn das Brod all war
wurde nichts mehr geholt, diesen Monat
wollen Sie aleine fertig werden Er
will Miller lassen pflügen, Edwald
hat die letzte zeit viel gebummelt
dann konnte Er Morgens nicht aufstehn
Er hat jetzt selber eine car, Lorina
muste Raymond's Haar Schneiden,
da wollen Sie mal die chores für thun",kade_letters,human
kade_103_p124,kade_103,"Walter ist schon lange fort bei
Blums, Sie haben seitdem schon
den Dritten, dies ist ein Polack
Er ist aber sehr gut, Er kriegt
35 dol. den Monat, letzten Freitag
waren die jungen Leute
Albert u. Edie hier, Norman
u. Albert waren Donnerstag
nach Knoles u. haben was
für El. electric Fenz geholt, dann
bin Ich mit, nach Tante Hulda
Sie sind ja beide recht Gesund.
Leo u. Edna waren letzte
Woche Mitwoch nach Nickels
Tante Louise ist dasselbe. Sie
spricht sehr viel, aber man kann
Ihr nicht verstehn, die Nurse ist fort
Sie sind aleine. Leb wohl
      In Liebe Mutter

				Postmark May 16, 1940",kade_letters,human
kade_103_p127,kade_103,"Juneau, Wis.
      May 16 - 1940
Lieber Sohn!
      Du wirst wohl jetzt wieder
Zurück sein von Deine Reise, Hoffe
das Du Glück hast gehabt. Wir
haben Heute Winter, es ist wieder
so Kalt, jestern hat es den ganzen
Tag geregnet, Norman ist beim
Korn Land fertig machen, Es haben
schon welche Korn gepflanzt.
Ich Danke Dir auch vielmals für
die schöne Karte, Ich hab gedacht
Du würdest nicht dran Denken,
Es war blos Hilbert u. Familie
hier, da hab Ich eine Box Candy
gekriegt, u. Lauersdorfs waren
hier, Irma sagt Ihre Mutter
ist Todt, nun sagt Sie immer
Mutter zu mich. Von Edgar
hab Ich nichts gehört, Vic wolte
      sicher nicht kommen",kade_letters,human
kade_103_p128,kade_103,"und Edna muste Arbeiten, Es war
schon nach zehn Uhr wie Sie mit alles
fertig war, Sie hatten 18 für dinner
die haben Ihr dinner erst Abends, Sie
hatten ja Hunde show, der Arzt thut
ja Hunde einlernen für Jagen. Von
Edna hab Ich ein paar Kissen bezüge
gekriegt. Wir waren nicht nach
Edna seit Ihren Geburts-Tag, den
es ist immer spät, wenn wir Abends
fertig sein, wir wolten jestern Abend
nach Hilbert, das Wetter war zu
schlecht, so sind wir zu Hause geblieben,
wir wolten Heute Abend hin, wollen
Ihr Klucken hin nehmen, den Ihre
brüten nicht. Bald wird die kleine
Elaine kommen u. Dich besuchen, Sie
ist Ihre Ma so sehr ähnlich. Letzten
Freitag waren wir nach Gertrude.
Darlene Ihren Geburts-Tag war, Sie
kann schon laufen, Sie hat Krauses
Haar, sie wiegt nur 1 1/2 lb. mehr
denn Elaine. Grandma ist Krank
geworden bei Gertrude, den Sie war
den ganzen Winter da, dann wolte Sie
aber nach Hause, der Arzt sagte Sie hat
ein schwaches Herz",kade_letters,human
kade_103_p129,kade_103,"Hast Du das gekriegt von Madison?
auch hatte Sie Luftröhren
Entzündung, Sie ist etwas besser.
Ich bin jetzt beim Speisekammer
rein machen, Ich hab noch nicht
viel rein gemacht, wenn Ich
rein komm vom Stall u. dan
das Milch geschirr wasche, dann
Ist es zeit zum Mittag
machen. Ich wolt Dich schon
immer fragen wie Alt Andy ist?
Das war ja schön, daß Ihr bei
Kretzmans habt Frühstück ge=
kriegt, dann hast Du wohl an
zu Hause gedacht. Heute Abend
kommt Melvin und wird den
Living room u. die Hall messen,
wolte es gerne fertig haben bis
Normie's Geburts-Tag. Leb wohl In Liebe
     Mutter

				Postmark May 23, 1940",kade_letters,human
kade_103_p131,kade_103,"Donnerstag A.M.
Lieber Sohn!
	Habe Deinen
Brief jestern erhalten,
u. weil Ich Heute Waschen
will, kann Ich keinen
Brief Schreiben, Nach=
mittag kommen die
Tapizirer. Es war
viel Arbeit das Papier
abzumachen. Norman
hat die Hall gemacht.
werde bald einen
Brief Schreiben.
	In Liebe
	Deine Mutter

				Postmark May 31, 1940",kade_letters,human
kade_103_p134,kade_103,"Juneau, Wis
	May 30-40.
Lieber Sohn!
	Der Brief u. Box war
in zeit hier, es kamm schon
Montag. Norman Dankt auch viel
viel mals. Du weist ja wie gerne
Er eine Zigare Schmokt, doch spart
Er auch mit, {weil Er aber viel
Gäste hatte,}1 so musste Er Ihr doch eine
geben, weil Sie von Dich waren. Er
hat auch zwei Pakete von Schwartzen
u. ein Paket kleine von Raymond
gekriegt. Tante Hulda u. Nora, Herbert
u. Familie, Lichtenbergs, 4 Blums
u. der Knecht, Edwin Koepsel u.
Familie, Walter u. Martin K. Hilbert
u. Familie, Ulbrichs Familie,
Lauersdorfs und Marwin, Edwin
Benneditz u. Familie, eswaren
38 im ganzen die hier waren",kade_letters,human
kade_103_p135,kade_103,"Ich war jestern ganz kaput, habe 1 1/2 Stunden
Nachmittag geschlafen, es war schon 2 Uhr
wie Ich im Bette bin, jestern Abend
waren wir nach Ellas Geburts-Tag.
wir haben Luedkes mit genommen.
(ja Luedkes waren auch hier auf Normans.)
Ella's Herbie u. Familie, u. zwei
Jungens, u. ein Mädchen von Deaver Dam
waren auch da, bei Tag hatte Sie den
card club, wir hatten einen candle light
lunch. Es war 1 Uhr wie wir nach
Hause kammen, jetzt mus das Bummel
ein Ende haben, doch fühl Ich Heute ein
wenig besser als jestern. Den Montag
und Dinstag habe ich zimlich hart gearbeitet.
den die Tapezirer sind erst Donnerstag
Nachmittag gekommen, u. Samstag Mittag
waren Sie fertig, dann hätte Ich Weinen
mögen, so kurtz vor Normans Geburts-Tag
u. das Hols werk muste doch alles
abgewaschen werden. Ich hab dann Hilda
gefragt, mich Montag zu helfen, Sie ist
auch gekommen. Norman hat Ihr geholt
Harry hat keine Lizens für seine car
u. Selma hat meine Lace curtiens
gewaschen u. fertig gemacht zum auf=
hängen, u. Edna hat die kleine rugs
u. den Treppen karpet mit genommen
 	mit den Elteshen elektrischen sweaper rein gemacht
1 Square brackets are around this clause in the original, added in pencil, not ink.",kade_letters,human
kade_103_p136,kade_103,"Ich bin noch lange nicht fertig
mit Haus rein machen. Edgar
u. Familie waren Sonntag
hier. Ja jetz fält mir ein, das
der Post Mann Heute nicht kommt.
Freitag M. Nun werd Ich schnell
fertig Schreiben, den Ich mus Kartoffel
Schneiden, Albert kommt Heute Mittag
zum Pflanzen, mit Ihren Pflanzer,
Norman, Albert, u. Dick Heinzwaren
jestern Abend, nach Beaver Dam Lake
in Fischen, Norman hat 18 gekriegt
u. alle schön groß, wir haben Sie
Heute Morgen rein gemacht, so kanst
Du zu Mittag Essen kommen. Norman
pflanz Korn, das Land hier bei Mutter
den wir konten keinen Hempf Samen
kriegen. War es schön auf den Picnick?
  	In Liebe Deine
  		Mutter

				Postmark June 6, 1940",kade_letters,human
kade_103_p139,kade_103,"Juneau, Wis.
      June 6-1940
Lieber Sohn!
	Dein Brief kamm jestern
nun ist Andy fort, wird Er nächstes
Jahr auch zurück kommen? Oder
ist Er fertig geworden? Heute
mus Ich wieder Morgens Schreiben
den wir waren jestern Abend
nach Hib. Wir wolten Ihm
sagen, daß Gustav Todt ist, u.
ist jestern zu Grabe getragen.
Ich hab Dich doch mal geschrieben
das Er ins Hospital war. Er war
9 Wochen da. Er hatte Krebs, u.
das ist in sein Blut gegangen.
Er war erst 53 Jahr Alt. Auch
Schuster Fritz Lichtenberg, ist jestern
begraben. Letzten Sonntag waren
wir zum Begräbnis, bei Mutter",kade_letters,human
kade_103_p140,kade_103,"Christian, das war die Schwiegermutter
 von Nickels Mädchens. Sie hatte ein hohes
Alter erreicht 86 Jahr, den Sonntag vorher
war Sie noch in die Kirche, dann wurden
Drei von Ihre Enkel kinder Confirmirt
Sie Starb ganz plötzlich, der Pastor hat Ihr
eine schöne Predig gehalten. Du hast
wohl nicht ans Leo's Geburtstag-Tag gedacht?
der Ist den 4 June, es waren nur
Lichtenbergs u. wir wo da waren.
Ich hatte es vergessen Dir zu Schreiben.
Norman wird Heute das letzte Korn
pflanzen, es sieht sehr nach Regen aus
hat Heute Morgen gedonnert. Ich will
runter gehn u. Hacken, der Garten
sieht sehr schön aus, aber das Unkraut
ist dann auch gut. Ich kann ja jetzt
nicht Morgens Früh hacken, weil Ich
Melken mus, u dann futter Ich
auch gleich die Hüner. Ich Melk
jetzt 4 Kühe, Fanny, Blackie, Bell,
u. Sady. Die beiden Ersten geben 18 qt.
Milch, dann mus Ich immer ausschütten,
weil es nicht im pail rein geht.
Norman hatte nur 1 Achtel Bier, daß
wurde schnell all. Walter wolte Er
 	solte noch eins holen",kade_letters,human
kade_103_p141,kade_103,"Norman hat zu Ihm gesagt
Im broke, den Ich hatte Ihm
das letzte Geld gegeben. Meine
Augen sind auch sehr schlecht.
Ich werd wohl Neue Gläser
haben müssen. Wir waren
Sonntag auch nach Tante
Louise, wie die Kirche aus
war. Sie ist ein wenig
besser, doch die Sprache scheint
kommt langsam zurück. Sie
hat sich sehr gefreut.
 	Nun mus Ich schließen
      In Liebe
 		Mutter

				Postmark June 13, 1940",kade_letters,human
kade_103_p144,kade_103,"Juneau, Wis.
		June 12 - 1940
Lieber Sohn!
	Also Montag gehst Du
fort von Providence, so werd
Ich noch schnell Heute Abend schreiben
Wir Danken auch vielmals
für die Bilder, die sind sehr schön
Deine Haare sehn ja so kraus
aus, kommt das von das feuchte
Wetter? Ist Reed auch ein
Professor? Norman hat Edna
jestern Abend geholt, Sie
will mich zwei Tage helfen,
Sie hat Heute, daß Holz werk
in die Küche u. Pantry abge=
waschen, Ich konnte nicht
viel thun, denn Ich hab so
schlecht gefühlt. Edgar u.",kade_letters,human
kade_103_p145,kade_103,"Familie waren Sonntag hier, La Mar
ist hier geblieben, auch Raymond
will hier bleiben, u. hat auch noch
eine kleine ziege mit gebracht,
sie war letzten Sonntag ersteine
Woche alt. Sie Trinkt aus die
Flasche, Sie kennt Raymond; wenn
der nicht hier ist, kuckt Sie alle
wärts rum, u. schreit. Wir waren
Sonntag nachmittag nach Schneiters.
Sie sind noch in die Fabrik, Willie
arbeitet in Mil. doch haben Sie
keine car, denn Sie konnten die
Monatliche bezahlung nicht machen.
Norman sagt, daß Jacob über
Willie geschimpft hat, daß Er so
viel ist rum gefahren. Norman ist
jetzt beim Distel hacken, wir
haben schon seit Montag Regen
Wetter, es wäxt alles schön,
der Alfalfa ist sehr groß, liegt
schon auf viele stellen. Der Garten
sieht auch gut aus. Unkraut ist
ja auch drin, die Frühkartoffel
haben schon Knopschen. Milch
kriegen wir 450 lb, wir hatten letzten",kade_letters,human
kade_103_p146,kade_103,"Monat, nur 1.21 fürs
Hundert, der Test ist blos
3.2, u. die Eier sind 13 ct.
in Beaver Dam, blos 12 0/2 ct.
Wir haben dies Jahr keine
Küken, Ich hätte Sie auch
nicht besorgen können.
den es ist so viel Andere Arbeit.
Ich hab noch keine Seife gekocht
die andere sind schon alle
zur Ruhe, so mus Ich jetzt
auch gehn, den Ich bin sehr müde.
laß mich gleich wissen wo
Du landen wirst. Der liebe
Gott sei mit dir, auf allen
Deinen Wegen. In Liebe
		Deine Mutter.

				Postmark June 25, 1940",kade_letters,human
kade_103_p149,kade_103,"Juneau, Wis.
      June 24 - 40
Lieber Sohn!
	Habe die Karte Heute
erhalten, u. so werd Ich Heute
Abend gleich Schreiben, obwohl
Ich sehr Müde bin, den Ich hab
gewaschen, konnte es aber nicht
raus hängen, weil es den ganzen
Tag geregnet hat, es regnet
schon seit Freitag. Freitag Abend
hat der Blitz in den großen
Pappel Baum geschlagen, u.
ist dann am Drath im Thelephon
gekommen, u. hat die Thür aus
den Thelephon raus geschmissen,
u. alle die Dräthe abgerissen,
es war ein furchbarer Krach
die Thür lag beim Dinning
room Tisch, es lag über das ganze
Zimmer was, so gar kleine Löcher",kade_letters,human
kade_103_p150,kade_103,"hat es in die Lace curtains gerissen, u.
es war ganz Dick von schmok, wir
dachten, es thät wo Brennen, doch der
liebe Gott hat seine schützende Hand über
uns gehalten, Edna u. Leo waren hier
die Kinder waren so aufgeregt, La Mar
ist auch hier, es waren jestern zwei
Wochen, Er will die ganze Ferien
hier bleiben. Jestern sind wir von
die Kirche, gleich nach Hib gefahren,
Er ist auch zu Schaden gekommen, Sie
sind aufs Land, mit eine Load Heu
umgeschmissen, u. Hib ist auf den
Kopf gefallen, u. hat sein Genick sehr
      weh gethan, auch den rechten Arm",kade_letters,human
kade_103_p151,kade_103,"u. Schulter, der Arzt sagt die Sehnen
sind gerenkt, der Arbeiter ist nicht
weh gethan, Hib hat auch viel Heu
runter, u. jetzt mit den Regen ist
 ja kein Troken Wetter, wir haben
noch nicht angefangen. Norman ist
bald fertig mit Distel hacken ins
Getreide, im Korn hat La Mar gehackt
es war Freitag eine Woche, daß
Bud Operirt ist, Dinstag drauf, war
Er so Krank, daß wir den Arzt musten
kommen lassen. Doch jetzt ist Er zimlich
gut, Er hat Ihm eingespritzt für
Mundsperre. Es war der von Watertown.",kade_letters,human
kade_103_p152,kade_103,"wie viele haben den graduirt in
Providence? Ist es auch so wie in
Madison? Hast Du was gehört von
Lehmans? Heute ist den Pastor in Oak
Grove seine Frau begraben, Sie war
erst 35 Jahre Alt, Muste aber viel
aushalten den Sie hatte ein gewäx
im Kopf. Von Tante Louise haben wir
noch nichts wieder gehört. Tante Hulda u.
Nora waren noch nicht hier. Sie wolten
für ein paar Tage kommen.
		Nun mus Ich schließen
			In Liebe
				Mutter.

				Postmark July 5, 1940",kade_letters,human
kade_103_p155,kade_103,"Juneau, Wis.
				July 5 - 40
Lieber Sohn!
	Dein Brief kamm
Mitwoch, jestern ist der Postmann
nicht gefahren, so wirst Du
diesen Brief wohl erst Montag
kriegen. Du hast gefragt, ob
wir einen Mann hätten, nein
den wir konnten keinen
kreigen, so mus Onkel Aug u
Norman aleine Heuen, jestern
war Ed. Götsch hier, Happ sein
Schwiegersohn, der ist jetzt
in Happ sein Geschäft, Vater
Happ ist auf Ferien, nach
Jenney, die sind ja in St. Louis
Wir haben auch letzten Sonntag
geheut, dann war Leo u.
Edgar hier, Edgars sind schon
	Samstag gekommen",kade_letters,human
kade_103_p156,kade_103,"Es hat viel geregnet, etwas
von den Alfalfa ist zimlich
ausgebleicht, daß Stück beim
Hühner Stall hat 13 Load
gegeben, 6 ac. haben wir nun noch
zu machen, jetzt sind sie bein
Onkel Aug, die Südliche Seite
ist voll. das Korn sieht schlecht
aus, das beste ist nur einen
Fuß groß, Norman hat das
Stück bei Puhfahls, u. daß
Südliche bei Muttern, daß
niedrige beim Marsch ist
etwas versoffen, Ich hatte
noch Fürteleiser gekauft,
für das Schwarze Land, wenn
es keinen späten Herbst gibt
wird es wohl keine Aehren geben.",kade_letters,human
kade_103_p157,kade_103,"es solte jetzt drin Gearbeitet
werden, den das Land ist
sehr hart, von den schweren
Regen, im Garten kann
man kaum hacken, Ich hab
Heute Morgen nach Kannen
Waschen etwas gehackt, doch
lange kann Ich nicht, daß
mis Ich sehr, daß Ich nicht
Morgens Früh kann hacken
mit das Melken geht es ja
nicht. Hib, Lorina, u. Elaine
waren jestern Abend hier.
Hib sagte, Er fühlt viel
besser, doch ganz gut ist
es noch nicht, Er hatte noch",kade_letters,human
kade_103_p158,kade_103,"6 Load Heu, rein zu holen
dann ist Er fertig, Er hat jetzt
wieder einen Knecht. Elaine
hat 4 Zähne, u. ist so groß.
Sie kriecht auch, wenn Ihre
Mutter, sie auf den FloorSuh
setzt, uns kennt Sie schon.
Edna hat jetzt Ihre untersten
Zähne lassen ziehen, Roselyn
ist mit Edgar mit, Sie wollte
bis Sonntag bleiben, u. Ray
ist bei Lichtenbergs, Er soll
den Tr. Fahren. Onkel Willie
war Dinstag hier, u. Meine
Cousine Ihr Sohn von North Da.
der ist auch schon 68 Jahre Alt, ist
ganz aleine gekommen mit die car.
Seine Frau ist Todt, La Mar ist mit
nach O. Aug. In Liebe Deine Mutter

				Postmark July 11, 1940",kade_letters,human
kade_103_p161,kade_103,"Juneau, Wis.
				July 11 - 40
Lieber Sohn!
	Haben Deinen Brief jestern
erhalten, wolte jestern Abend Schreiben
war aber so müde, den die Hitze
war die letzten paar Tage sehr
groß, u. das kann Ich ja nicht gut
vertragen, mein Kopf war so
schwer, jetzt hat es die Nacht
geregnet, u. Heute ist es schön
Kühl, so will Ich im Garten Arbeiten,
jetzt kanst Du auch kommen, u.
Erbsen Suppe Essen, die neuen
Kartoffel sind auch zimlich gut.
Ich hab einmal welche gekocht,
mit die Erbsen, für die Kinder u.
Mich, Charlotta ist auch hier seit
Sonntag, Edgar wolte Ihr nicht
hier lassen, weil La Mar hier ist
er sagte, daß wär zu viel für mich
dann hat Sie aber so sehr geweint",kade_letters,human
kade_103_p162,kade_103,"Ich sagte, Sie solten Ihr doch hier
lassen, Sie ist auch so vergnügt,
Sie thut das Geschirr Waschen, u.
ist auch sehr gut dabei. La Mar
holt das Vieh, Mittags u. Abens,
u. hat auch schon den Pferdestall
rein gemacht. Norman war die
letzte Woche, seit den 4 ten bei
Onkel Aug, sind noch nicht
fertig, noch mehr den einen
Tag Arbeit, wir haben noch 6
Ac. zu Heuen. Es nimmt zu
lange mit Ihr beide. Bud
ist jetzt ganz gesund, Nachtens
haben wir Sie alle im
Stall, den die Moskitos sind
Furchtbar schlimm.  Wenn Du
noch soltest auf einer Farm
Arbeiten, dann über eile Dich
nicht, den Du bist jetzt keine
	Arbeit gewöhnt.",kade_letters,human
kade_103_p163,kade_103,"Hast Du Dich ein zweirad
gekauft? Ist das Essen da besser
wie in Providence? Was für
eine Synode ist die Kirche?
wird bis jetzt war unser
Pastor noch nicht auf Ferien.
Du kriegst ja jetzt viel zu
sehn von dieser Welt, vergeß
auch nicht das Himlische Vater
			Land",kade_letters,human
kade_103_p164,kade_103,"Nun mus Ich schließen
	Grüße von alle
geschwister In Liebe
		Mutter

				Postmark July 18, 1940",kade_letters,human
kade_103_p167,kade_103,"Juneau, Wis.
					July 18 - 40
Lieber Sohn!
	Heute ist es schon wieder Donnerstag
wie schnell eine Woche vergeht, wir wären
Heute fertig geworden mit Heuen, nun hat
es letzte Nacht etwas geregnet, so können
Sie Vormittag nicht rein holen, Norman
thut all das Laden, Onkel Aug treibt die
Pferde, Er lauft gegen die Load, wir
haben noch Drei Load Pferde Heu, von
Ihm gekauft, den die 5    ""        kosten ja viel
Futter, $10 hat Er genommen, Bud ist auch
wieder Krank, wir musten jestern den Arzt
haben, der nimt $4 für den Trip, Er ist wieder
so steif, der Arzt sagt, daß Ihm eine Kuh mus
untern Leib gestoßen haben, wo Er Operirt
ist, Norman mus es mit Heiß Wasser Baden
Norman Fühlt Heute auch nicht sehr gut, Er
sagt das Onkel Aug. so schnell getrieben hat.
Du weist das kleine Stück bei die Weide
1 1/2 Acker waren 7 große Load drauf, daß
Stück beim Hühner Stall, mus bald wieder
geheut werden. die Frucht ist noch ganz grün.
Hib ist schon lange fertig mt Heuen, Sie waren
Sonntag hier, sind gleich von die Kirche gekommen.
Elaine kriecht schon von ein zimmer ins andre.
	Roselyn ist diese Woche auch hier",kade_letters,human
kade_103_p168,kade_103,"das ist zu viel, mit alle Drei, den Charlotte
ist auch noch hier. Sie Zanken zimlich viel,
die beiden Mädchens, wir wollen Roselyn Heute
Abend nach Hause nhemen, Sonntag wird wohl
Ed u Vic kommen den Montag ist La Mar's
Geburts-Tag. Von Ruth kann ich dich auch nicht
viel Schreiben, den Sie war den ganzen
Sommer ein mal hier, Sie kommt nicht mit,
den Ich vermane Ihr immer, sie soll
fromm sein, den Sie Schmokt schon C. u.
geht viel nach den Tanz boden, aber wenig
zur Kirch, wie gerne ist s/ie doch immer ge=
kommen. Leo hat jetzt immer Arbeit, mache Tage
hat Er ab bei W.P.A. dann Arbeiten Er bei Dr.
Clark, die Horicon Fabrik Arbeiten auch den
ganzen Sommer, Norman war einen Samstag hin
nach Horicon u. wolte sehn Ob Oscar P. könnte
kommen, aber Er baut eine Garage, auf seine
Lott. Onkel Aug ist wieder im Tas u. zieht
das Heu aus einander. Meine Cousine Ihr
Sohn der Hier war, Heist Marohl. Er mus
wohl sehr wohlhaben sein. Ich werd dich ein
paar aus schnitte aus der Zeitung mitschicken
vieleicht intressirt es Dich. Nun mus Ich
Mittag machen  Leb wohl
				In Liebe
					Mutter",kade_letters,human
kade_103_p173,kade_103,"Juneau, Wis.
	July 24 - 1940
Lieber Sohn!
	Dein Brief kamm Heute, ist es
nicht so weit, wie Rhode Island?
Wir haben immer noch große Hitze, es
war Heute 97 and die Nord Seite vom
Haus. Ich hoffe das es die Nacht Regnet
den der Wind kommt die merste zeit
vom Westen, u. dann der furchbare
Staub. Ich will Morgen Waschen. Hilda
wird kommen, u. mich helfen. Wenn
Ich Morgens Melke u. daß Milch Geschirr
wasche, bin Ich schon Müde in die Hitze. Norman
u. La Mar sind schon beide zu Bett.
     ""     ""     hat ein Bad genommen.  Er
sagt nun wird Er wohl schön Schlafen.
Er schwitzt auch so sehr. Sonntag waar
Edgar u. Familie hier, dann ist Charlotte
mit nach Hause, jetzt haben Sie auch
Ralph's Vater abgelegt in die Fabrik,
was jetzt der Boss ist, daß ist ein
Jude, der ist Advokat in Mil. Edgar
sagt der versteht garnichts von die
Milch, aber doch will Er sehr klug sein.
 	 Leo hat für die Einmach Fabrik
 		Gearbeiten. Es war",kade_letters,human
kade_103_p174,kade_103,"auch W.P.A. Arbeit. Er muste helfen
aufladen aufs Feld, daß waren lange
Tage, von drei Uhr Morgens, bis acht
abends, dann muste Er seine drei
Malzeiten mit nehmen. Wir
waren letzte Woche Donnerstag
abend hin, dann war Er schon im
Bett. Er muste auch wieder um 3 da sein.
Sonntag war Tante Manda hier. Sie
war auch mit nach Kirche, daß war
das erste mal seit April. Sie war sehr
schön, hat garnichts gesagt, daß wir Ihr
solten nach Hause Fahren. Es ist doch
schade, daß Pro. Kurath nun nicht Fahren
wird. Freuen werde ich mich noch
nicht, sonst wird es nichts, daß Du
kommst. Nun leb wohl
 	In Liebe
 		Mutter

				Postmark August 23, 1940",kade_letters,human
kade_103_p177,kade_103,"Friday a.m.
Lieber Sohn!
	Die Karte u. Brief
haben wir erhalten, wir sind
jetzt beim Dreschen, haben
Dinstag Nachmittag, Mitwoch
den ganzen Tag, u. jestern
Nachmittag, den es hat die
Nacht geregnet, zu Mittag
werden sie bei Onkel Aug
sein. Hafer haben wir 1100-90
bu. Gedroschen. Der Hafer hier
bei die Scheune gab 53 bu.
den Acker. Irma hat mich
geholfen, jestern Vormittag
habe Ich gewaschen, Wir hatten
jetzt mehr Hilfe, Wolfgram
hat zwei Männer gebracht,",kade_letters,human
kade_103_p178,kade_103,"u. Mitwoch war Leo auch
hier, u. Nachmittag Edgar,
auch der Lücks Junge. Sie
hatten dann Drei teams, aber
seit jestern kommt der Lück
nicht mehr. Blums haben
bischen besser den halb gedroschen.
Hib hat über 1600 gedroschen
Sie waren Mitwoch Abend
hier. Sie waren zu Müde
den Sonntag Abend zu kommen.
Es war noch sehr heiß. doch
jestern u. Heute ist es schön
kühl. Norman hat auch nicht
gut gefühlt, hatte Mitwoch vier
mal Nase bluten. will Heute
bügel u. peatches einmachen. So leb
 	wohl.  In Liebe Mutter",kade_letters,human
kade_103_p179,kade_103,"Es ist doch nur wie ein
Traum, daß Du hier warst
bist Du den ganzen weg
mit die Bus gefahren?
Wie ist Dein Bein?
 Blums haben jetzt einen
 	Knecht",kade_letters,human
kade_103_p184,kade_103,"Juneau, Wis.
      Sept. 3 - 1940
      Lieber Sohn!
      Du wirst wohl Denken wir sind
      Krank oder sogar schon Todt, ja Traurig ist
      Norman u. ich ganz sehr, aber man mus ja
      über alles hinweg kommen, so auch dies ma
      Letzte Woche wurde das schreiben nichts
      weil Tante Hulda u. Nora hier waren,
      dann haben wir 3 Quilten gemacht, u Dinstag
      haben wir Tante Amanda geholt, u. Irma
      war auch hier, Ich hab Ihr ja auch im Frühj
      geholfen. Tante u. Nora sind Samstag Abend
      gekommen wir haben Ihr geholt, Sie waren hier
      bis letzte Woche Freitag Abend. Zu meinen
      Geburts-Tag waren hier Indermühles von
      Hartford, die kamen schon Nachmittag u. sind
      Nacht geblieben, 5 Köhlers, 3 Lauersdorfs,
      4 Ulbrichts, 3 Blums 2 Lüdkes u. Waltham
      Onkel Aug u Em. Es war ein gewitter so
      sind Lichtenbergs nicht gekommen, die waren
      jetzt Sonntag hier Elsie hat Strützel mit gebr
      auch Edgar war Sonntag hier, Sie haben dann
      La Mar mit nach Haus genommen. Ich mis Ihm
      sehr, es ist jetzt alles so still. Wir hatten
      viel Regen, jestern sind sie bei O. Aug fertig
      geworden mit Dreschen, Norman sag
      es war noch naß",kade_letters,human
kade_103_p185,kade_103,"wir sind die Woche vorher Freitags fertig
      geworden, bei Blums haben sie noch ein paar
      Tage, Heute wollen Bl. Heu einfahren, das
      haben Sie auch schon letzte Woche geschnitten.
      Es ist noch viel zu Dreschen. Wir haben
      1300-83 bu. gedroschen Onkel Aug etwas
      über 1100 "". Ich Danke auch für die
      Gratulation, habe mich sehr gefreut, daß
      Ich denn Brief zum Geburts-Tag hatte
      Heute Nachmittag wird Onkel Gustav
      Sein Schwiegersohn begraben, Sie
      haben uns nicht wissen lassen, Tante
      Gusta hat Heute Morgen aufgerungen
      Sie haben es in die Zeitung gelesen.
      Nun mus Ich Dich noch Schreiben warum
      wir Traurig sind Nutzi ist Sonntag
      so Krank geworden, daß wie wir
      raus kammen vom Ambrod Abendbrot, war Sie Todt.
      es ist ein großer verlust, den Dick
      kann ja nicht mehr so hart Arbeiten,
      u jetzt mit Silo füllen u. Pflügen.
      Nun leb wohl
      In Liebe
      Mutter

				Postmark September 12, 1940",kade_letters,human
kade_103_p188,kade_103,"Juneau, Wis.
      Sept 12 - 40
      Lieber Sohn!
      Dein Brief kamm jestern, u. der letzte
      Woche kamm, nach dem Ich meinen fort geschickt
      hatte, auch kamm ein Brief von Rhode I. Un.
      den hab Ich auch nach Fogelsville geschickt,
      den Ich wuste ja nicht das du würdest da
      fort gehn, Schreib mich ob Du alles gekriegst
      hast. Es thut mich sehr Leid, daß Du so Krank
      bist, nimm Dich blos in acht, u. nehm was
      für den Husten, u. für Sinus thue doch von
      Vicks in deine Nase, daß flüsige ist wohl
      das beste. Hier haben auch viele Kalt, es
      war so warm, u. jetzt die letzten paar
      Tage richtiges Herbst wetter, daß man Feuer
      muste haben, u. solcher kalter Wind, doch
      Heute ist es etwas Wärmer. Hast Du
      gehört, wie Du in Watertown warst, daß
      Rohdes raus sind im College? Und das
      Bruesehoffs in Bethesta sind? Er ist Lehrer
      u. Mrs. hat ein paar Wards, wo Sie
      mus aufpassen. Rupnows u. Baerwalds
      waren im June nach den Picknic u. dann
      waren Sie schon da. Norman war Samstag
      Abend nach die Fair u. da war Albert,
      bei Sears wo die Ihre Sachen hatten, muste
      es die Leute zeigen. Er hat zu Norman
      gesagt",kade_letters,human
kade_103_p189,kade_103,"Er kennt Ihm wohl nicht, Norman hat Ihm
      auch nicht gekannt. Letzten Samstag sind
      Blums fertig geworden mit Dreschen, Sie
      haben etwas über 3200 bu. gedroschen, aber
      das letzte getreide ist sehr schlecht. Dinstag
      haben Sie angefangen mit Silo füllen,
      Blums haben keinen Knecht. Hilbert war
      Sonntag hier, Montag muste Er noch Schneiden
      dann hatte Er ein Silo voll. Elaine war
      11 Monat u. Drei Tage, wie Sie aleine gelaufen
      hat, Sie ist jetzt nicht mehr so Dick. Daß
      Nutzi Todt ist kann Ich kaum glauben, u. was
      mich so Leid thut, daß wir keinen Arzt haben
      kommen lassen. Norman sagte Sie war schon
      kränker gewessen, wie Dick das Pflügen
      wird aushalten, den man kann ja seine Rippen
      zählen.  Sonntag Abend waren wir nach
      Blums. Mutters Geburts-Tag war, jetzt
      ist Sie 75 Jahre, die Mädchens waren alle
      da, sonst niemand als wir. Mein Geburts-Tag
      habe Ich nicht gut gefühlt, Tante Hulda, Nora, u Edna
      waren schon nach die Speisekammer, dann sagte Ich
      müsse auch raus gehn, aber Ella sagte Ich solte sietzen
      bleiben Sie würde helfen, was Ich auch mit Dank
      angenommen habe. Ich hab seit Samstag neue
      Gläser Die kosten mich $16.00 sind aber wunderschön
      kann jetzt besser sehn Hoffe wenn Du diesen Brief kriegst
      das Du Gesund bist. In liebe
      Mutter

				Postmark October 10, 1940",kade_letters,human
kade_103_p192,kade_103,"Juneau, Wis.
      Oct. 10 - 1940:
      Lieber Sohn!
      Ich hab mich auch sehr gefreut, daß
      Dein Brief jestern kamm, u. weil Ich jestern
      Abend nach Juneau war, werde Ich schnell ein
      paar zeilen Schreiben, Ich hatte noch einen
      Brief nach Fogelsville geschickt, auch hatte Ich
      meine Adresse aufs cuwert geschrieben, daß
      mus doch ein schaziger Postman sein, da hatte
      Ich dir geschrieben, daß Onkel Fritz hier war.
      schreib mich ob du denn Brief gekriegst hast.
      Tante Em war auch jestern Abend in die Stadt
      so hab Ich den Gruß bestelt, Ich soll Dich auch
      grüßen, u. das sie alle Tage Arbeiten. Sie
      haben schon Ihre Kartoffel raus. Dinstag Abend
      waren wir nach Hib. Ich muste meine Insur.
      bezahlen bei Bentz. es war 25 do. für Pegelows
      Haus u. R. Otts Scheune, auch muste Ich diesen
      Monat für Hagel u. Sturm bezahlen, daß
      war $10.73 ct. Hibs korn ist auch gut, Er hat
      auch noch was übrig. Die kleine Elaine ist so
      schön, Sie thut gerne nach Normie gehn, aber
      lange hat Sie keine Ruh zum sitzen. Viola
      Frank hat einen kleinen Boy. Ich Schreibe
      klein, den Er ist klein wiegt nur 4 Pf. Hib u. Lo.
      waren Montag Abend hin, Sie ist zu Hause bei
      Ihre Mutter.

 Wir hatten Sonntag Missions Fest, Prof. Sitz
      hat vormittag gepredigt, am Abend P.W. Krueger, der
      war wohl mit Dich in Wa. Der hat Herlich Gepredigt, Sitz
      war schwach.",kade_letters,human
kade_103_p193,kade_103,"Sie wolten sehn, ob Tante Martha würde
      kommen, aber Sie weis noch nicht, denn Sie
      ist Krank, hat einen anfall vom Gallen Leiden
      soll auch nicht Arbeiten. Leo hat Arbeit bei
      W.P.A. Er mus unter die Erde Arbeiten
      35 Fuß tief, den ganzen Tag krum stehn,
      es ist nur 4 Fuß was Sie raus thun, Er sagt
      wenn Er raus kommt, weis Er nicht wie Er soll
      gerade kommen, Er geht schon ganz krum. Edna
      fühlt etwas besser, Sie waren Samstag hier
      Sie hat Ihr zeug mit gebracht, dann hat Sie
      hier gewaschen, Sie sind in ein ander Haus
      gemuft, da ist eine Ga. garage bei, wir waren
      noch nicht hin. Hilbert sein Geburts-Tag ist
      den 24 Oct. anstadt No. das Kalb wollen
      wir aufziehn, es ist noch bei die Mutter,
      wir haben noch keine Frischmelk. Morgen
      wollen wir Klee Dreschen, wie es scheint
      wird es wohl Morgen Regen. Ich bin beim
      Haus rein machen, es war herliches Wetter
      diese Woche, meine Seife ist gut gerathen.
      Wie ist es da mit die Jungens? Bartel sein
      Knecht geht auch zum Camp, nun wird Sonny
      Schliewe nach Bartels gehn, der wird wohl nicht
      lange aushalten. In Liebe
Mutter.",kade_letters,human
kade_103_p197,kade_103,"Juneau, Wis.
				Nov. 19 - 1940
Lieber Sohn!
	Dein Brief kamm Heute, Du bist wohl
ganz aufgeregt, den der Brief ist den 16 gestemp.
u. Du hast den 17 auf Deinen Brief. Normn
sagt, Du solst nicht sorgen, den die Papire
kriegen Sie alle, u. dann thun Sie in Klassen
eintheilen. Wir sind Heue Vormittag fertig
geworden mit Korn Schreden, wir haben
9 Doppel boxen gekriegt, Vater Blum konnte
nicht mehr aufladen, Er war hier Freitag
Nachmittag, dann haben Sie wieder angefangen
nur eine load hat Er geholfen, dann muste
Normie rauf schmeißen u. auch Laden. Er
sagt das war harte Arbeit, Blums haben ja
auch keinen Knecht. Von hier sind Sie nach
Annie, Elmer hat noch 11 Acker zu schreden.
Rose ist noch im Hospital, Morgen wollen
die Ärzte Sie im cast thun, es st schlimmer
als Sie erst Dachten, haben schon mehre v rays x-rays
genommen. Wir waren Sonntag nach Walter
Jagows, Onkel Willie, Tante Hulda u. Eleonora
waren mit, Er hat sich sehr gefreut. Er ist
etwas besser, Seine Frau u. zwei von Seine
Arbeiter waren auch da. Nov. 20 a.m. Er hatte im May die
Flu u. das hat sich auf die Lunge fest gesetzt.
Norman hat noch zimlich viel zu pflügen. Er
Denkt Heute wird es wohl gehn, den es ist seit
		Sonntag gelindes Wetter",kade_letters,human
kade_103_p198,kade_103,"Norman, Albert, u. Martin waren nach Oak Grove
zum Raffle, haben aber alle Drei nichts gewonnen
Ich hab eine Ente von Irma gekauft, den wir
wolten jeder dies Jahr aleine Danksagungs-Tag
Feiern, aber weil es am 21 ten ist, u. Ray's
Geburts-Tag, will Edna wir sollen nach Ihr
kommen, Leo hat auch eine Ente, Vic hat auch
geschrieben, daß Edgar ab hat, u. Sie wollen
nach Edna gehn, vieleicht bringen die noch einen
Turkey mit. Norman sagt wenn es zu pflügen
geht, dann geht Er nicht. Wir Denken Heute Abend
auf Eleonoras Geburts-Tag zu gehn. Ich hab doch
ganz vergessen Dich zu Schreiben, daß Tante
Em's Geburts-Tag den 23 ten ist. Norman hatte
Deine Papire aufgemacht, so ist Er nach Juneau
den Nachmittag, u. hat Sie Schoenike gezeigt.
ich hatte Ihm die Adresse mit gegeben. Leo
hat Sonntag Abend unsre chores gemacht.
wir hatten Abendbrod bei Tante Hulda, u.
dann sind wir nach Tante Ernstine, Sie ist
noch recht gut, war im July 80 Jahr. Hib
hat nur ein Schwein geschlachtet, haben blos
Leber u. Grütz Wurst gemacht. Wird
Andy dies Jahr auch fertig? Nach Thanksgiving
will Ich mal an Windfred Schreiben.
		Leb wohl In Liebe
				Mutter
Hib will das Schwein mit das gebrochene Bein
			verkaufen

				Postmark November 28, 1940",kade_letters,human
kade_103_p201,kade_103,"den 28 November 1940
Lieber Sohn!
	Weil Ich jestern Abend so Müde
war, will Ich Heute Morgen Schreiben, denn
Ich mus Dich doch Gratuliren das Du Onkel
geworden bist. zum achten mal. den es
ist jetzt ein Seifert mehr, ein Sohn ist
eingekehrt in Hilberts Haus, jestern Morgen.
Wir wollen Heute hin Fahren, jestern hat
Albert unsre Kohlen geholt, doch mus Er noch
eine Load Heute holen, wir hatten vorletzte
Nacht Schneesturm, u. jestern ist der Schnee auf
Haufen geblasen. Es ist eine große Schanze vor
die Garage, Norman wird wohl Schaufeln müssen
Frau Lemk Irenis Mutter, ist bei Lorina,
die kleine Elaine wird sich wohl Freuen, den
Sie thut sich so freuen zu Gertrude Ihr Mädchen.
Danksagungs Tag hat es hier geregnet, wir
waren bei Edna, Edgar war auch da, Du wirst
wohl Heute Feiern, Edna hatte Enten braten.
Albert sagte jestern, Rose mus zwei Monat
im Gips verbandt sein, u. vor Frühjahr
wird Sie wohl nicht laufen können. Sie
kann nicht aleine Essen, letzten Freitag haben
Sie Ihr auf den Stresher nach Haus genommen,
Sie hat eine Nurse. Tante Em Dankt auch für
den Gruß, u. Ich soll Dich wieder Grüßen. Sie sagte",kade_letters,human
kade_103_p202,kade_103,"wenn Sie Abends sietzen, sagt Onkel Aug
oft, Ich wunder was Lester macht. auf Ihren
Geburts-Tag waren Luedke's, Frau Schmidt u.
Ihre Jungens, Heinrich u Frau u Mutter, Edwin
Koepsels u. der Knecht, Norman u. Ich. Wir
kreigen jetzt 175 Pfund Milch, der test ist 3.5
u der Preis $1.25. Die Milch ist jetzt etwas höher
die butter ist hier 37 ct. wie viel ist Sie da?
bis jetzt haben wir noch keine Kühe verkauf
das Kalb saugt noch immer. Norman hat ja
seinen Spaß mit, Heute Morgen hat es Ihm
auf den Fuß getreten, es ist sehr groß von
Sein Alter, wir haben jetzt eine frisch melke
Katherine, Ihr Kalb war so groß, u. es war
zu lange in die Geburt, so war es Todt. So ist
immer verlust.
	Nun mus Ich schließen den Ich will
noch nähen, Ich hab Lorina gesagt, Ich wolte
Ihr Windel geben, nur es ist ja immer so
es mus warten bis aufs letzte. Sie hat ja
ander zeug genug von Elaine, den die
ist raus gewaxsen, u. dies ist jetzt ein Junge
so mus Er wohl Romper's tragen.
	Leb wohl   In Liebe
				Mutter
                        geschrieben in Eile                 die Pamperins kammen
Nora hat sich sehr                                               Danksagungs-Tag
gefreut zu den Brief. Herbert u. Familie, Herlmahls, Frau Müller u. wir
					waren da

				Postmark December 12, 1940",kade_letters,human
kade_103_p205,kade_103,"Dec. 12 -  1940
 		A. M.
Lieber Sohn!
	Ich bin eben rein
gekommen vom Melken, so
werd Ich schnell ein paar Zeilen
Schreiben. Ich hab ja jestern
keinen Brief gekriegt, was
ist die Ursache? Du hast jestern
die Karte gekriegt von B. Dam
u. weil Sie immer so schnell soll
zurück sein oder bescheid, hab
Ich den Mail Mann gefragt, Sie
bei air Mail zu Schicken. Sie
ist aber so klein. So will Ich
Sie in diesen Brief Schicken.
Wir haben jester gebutschert
Drei Schweine, Edna will ein
halbes haben, wir wolten
erst Freitag, aber Hib und
Lorina wollen Sonntag den
kleinen Taufen lassen, u. Norman
soll Pathe sein. Hilda wird
mich ein paar Tage helfen",kade_letters,human
kade_103_p206,kade_103,"Heute kommt Hib für entzwei
machen, mich grault schon, für
alle die Arbeit. Onkel Aug hat
letzten Freitag gebutschert.
Sie haben Ihre Sommer Wurst
lassen bei Nehls machen.
Der nimmt drei ct. das Pfund.
Dienstag ist Sally fort. Sie hat
1500.10 Pfund gewogen. Jetzt
haben wir ein paar frisch
Melke. Albert war jestern
Abend hier u. hat Norman
helfen die Schweine rein
tragen. Nun mus Ich schließen
	In Liebe
		Mutter
Jestern war sehr schönes Wetter
doch Heute will es schneien.

				Postmark December 27, 1940",kade_letters,human
kade_103_p209,kade_103,"Juneau, Wis.
	Dec. 27-1940
Lieber Sohn!
	Zuerst Danken wir beide
ganz Herzlich für dass schöne Geschenk.
Du weist doch was gut aus sieht. Den
der Scarf ist doch wunderschön. Vic
sagte nun Ich alt werde putz Ich
mich noch, ein jeder gleicht Ihn. Du
must mich entschuldigen, daß Ich
nicht eher geschrieben habe, denn
Ich hatte so viel Arbeit, u. meine
Füße waren so weh vom Schlachten
das Treppen laufen, will nicht mehr
so gut gehn. Wann ist die Box angekommen?
u. in welchen zustandt war Sie?
waren die cookies auch entzwei?
Nun ist das liebe Weihnachts-Fest
wieder vorbei, den erster Weihnacht-
tag war Edgar u Famile hier.
Sie kammen schon zu Mittag, den
Edgar hatte den Tag ab. Leo u.
Familie sind erst Nachmittags
gekommen, auch Tante Amanda war
hier. Sie war auch mit zur Kirche",kade_letters,human
kade_103_p210,kade_103,"das war aber eine Freude
mit die Kinder, u. jestern war
Hilbert u. Familie hier, u. Lichten=
bergs. Sie waren schon alle zu
Mittag hier, der kleine Marvin
hat sich schon zugenommen. Er
hat die ganze Zeit geschlafen. Lorina
sagt dann weint Er Nachts, wenn
Er bei Tag schläft. Elaine freut
sich sehr zu Ihm. Wir waren
Weihnacht Abend nach Frau
Luedkes Geburts-Tag. Es waren
nur wenig da. Emil Korth's
u. Elmer Schwantes, den es
war so furchbar Neblig, es
war den ganzen Tag so. Jestern
Abend warn wir für eine
kleine Weile nach Onkel Aug
Er ist krank im Bett. Er
hat schon Kallt für 4 Wochen
     u. Husten, u. dann ist",kade_letters,human
kade_103_p211,kade_103,"Sein Bruch raus gekommen.
Tante Em sagt, Er hatte sohn
Schmerzen, daß Er geschrieen
hat, der Arzt war zwei
mal da, einer von Mertz
Jungens ist da, u. thut die
Arbeit, jetzt ist Norman
runter, den der hatte die
Kühe noch nicht raus gelassen.
letzte Nacht ist ein Heifer ein-
gekommen, daß Kalb war Todt
Heute Morgen. Der Junge ist
erst 16 Jahr, daß wird nun
auch nicht alles so gemacht.
Norman solte Ihn sagen, daß
Er mehr Stroh soll unter die
Kühe thun. Norman sagt Er
mag auch nicht viel sagen,
dann kommt Er nicht mehr, u.
was soll dann werden",kade_letters,human
kade_103_p212,kade_103,"Tante Em sagt Ich soll Danke
sagen für die Weihnachts
karte. Wir haben 36 Karten
gekriegt. Nun mus Ich
schließen sonst kommt der
Post Mann In Liebe
 	                Ma.
Warst Du zur Deutschen Kirche?
Raymond ist hier.",kade_letters,human
kade_112_p004,kade_112,"Sat. Noon.
Lieber Sohn!
       Habe den Brief
Heute erhalten, die mail
b war bei die factry.
Der mail mann ist noch
nicht durch gekommen, so
konnte ich Deinen Brief
nicht schicken. Die Schnee
Pflug will die Farmers
sollen helfen, die tiefste
plätze schaufeln, so sind
wir abgeschlossen von
die Welt. Heute ist es
doch ein bischen wärmer.
Das andere hab ich ja
alles im Brief geschrieben.
Albert hat gesagt sie
wollen nach Juneau gehn
mit denn Schlitten dann
will Norman mit gehn.
Er muß zum Zahnarzt.
Leo sein car ist ein geschneit.
       In Liebe Ma.

				Postmark June 14, 1932",kade_letters,human
kade_112_p006,kade_112,"Dinstag Morgen
Lieber Sohn Lester!
       Wir haben
deinen Brief erhalten,
wir werden Donnerstag
Morgen kommen, solte
es aber noch viel
Regnen dann können
wir vieleicht nicht
raus, Sie sind jetzt
bei die road, es
sieht hier wüst aus.
Onkel Aug hat jestern
Alfalfa abgemacht.
Wir haben viel Arbeit
 den du weißt ja das
Unkraut wächst.
       In Liebe Deine Mutter

				Postmark September 8, 1933",kade_letters,human
kade_112_p008,kade_112,"Freitag.
Lieber Lester!
       Wir haben
 einen Zettel
gekriegt von
Fisher's das sie
Suits haben für
$14.75 on sale, du
kanst sie dich
mal ansehen, aber
Morgen ist der
letzte Tag.
       In Liebe
       Deine Mutter

				Postmark September 20, 1933",kade_letters,human
kade_112_p010,kade_112,"Wed. A. M.
Lieber Sohn!
       Wie gehts? Hoffe gut
Norman war letzte
Woche einen Tag Krank.
jetzt fühlt wieder
allright. Er ist beim Fenz
machen, wir waren
jestern Abend nach Tante
Hulda's Geburts-Tag. Tante
Louisa war auch da, Es
war ein schönes Haus
voll, auch Lehrers waren
da, Onkel Fred u Tante Ida
sind hier, sind Samstag
gekommen, sind jetzt
nach Mil. werden diese
Woche wieder zurück
gehen. Jestern Nachmittag
mußte ich nochmals nach
Juneau kommen, jetzt ist
alles fertig. Werde Samstag
das Wasser heiß haben zum
Waschen. In Liebe Deine
       Mutter

				Postmark September 28, 1933(?)",kade_letters,human
kade_112_p012,kade_112,"Donnerstag Morgen
Lieber Sohn Lester!
       Wie gehts? Hoffe
gut, Norman, u. ich, sind auch
gesund, blos zu viel Arbeit.
Wir waren jestern Abend
nach Beneditz, Du weist
warum, die Glauben aber
noch sehr feste dran, nur
ein andern Namen haben
sie es gegeben, es kommt
immer noch sehr viel rein.
Jestern waren sie nach
Fair, aber sehr wenig
Leute waren da, Dinstag
waren die gates alle ofen
doch war niemand da.
Edna wird Samstag umziehn
so wird es wohl spät werden
wir lassen den Schlüssel
hier, so kanst Du ja
immer anfangen u. besorgen.
Raymond Werblow ist operirt
am Blinddarm.
       In Liebe deine
       Mutter.

				Postmark October 4, 1933",kade_letters,human
kade_112_p014,kade_112,"Lieber Sohn!
      Ich kann die
Vorhänge diese Woche
noch nicht Schicken.
den es muß noch was
dran geändert werden
auch würden sie
nicht so schön glat
bleiben, wenn sie
so klein zusammen
genommen werden.
Norman ist beim
Pflügen, wir hatten
die Kühe über die road
Hickey war Montag
Abend hier. In Liebe
      Deine Mutter

				Postmark October 10, 1933",kade_letters,human
kade_112_p016,kade_112,"Tuesday a. M.
Lieber Sohn!
       Habe Deine Karte
erhalten, u. bitte Schreib
gleich wieder ob du Samstag
komst, früh oder spät.
wegen das Waschen, wenn
du nicht zu spät kommst
werd ich das Wasser heiß
haben. Wir waren Sonntag
nach Edna, dann war
Emil mit die Tantens hier
auch seine Ma u. Frau
Christ, auch Schneiter's wa=
ren hier, die erste Car
voll ist nach Tante Em
u. Schneiter's sind nach
Cox, Frau Schneiter hat
aufm Abend noch aufgerun=
gen, ich soll Dich vielmals
grüßen, u. Sie wünscht
Dir Gottes Segen. Wir haben
den Garten alles raus, u. Norman
hat die Fentz fertig, so kann das
Vieh jetzt gehn. In Liebe Deine
       Mutter.

				Postmark October 27, 1933",kade_letters,human
kade_112_p018,kade_112,"Freitag Morgen
Lieber Sohn!
       Ich muß doch
ein paar zeilen an
Dich schreiben, wie gehts?
Norman hat jestern
nicht gut gefühlt, Er
ist jetzt nach Juneau
u. will den Pflug Schar
holen, die Car mußte die
alte Nell erst ziehn, es war
schon wieder zu kalt, so
werden wir diesen Winter
müssen zu Hause bleiben.
Ich hab jestern eine Karte
von Edna, daß sie Dinstag
Abend Nellie nach Beaver
Dam zum Hospital haben geno=
mmen, sie wurde schlechter
anstadt besser, der undertaker
hat Ihr hingenommen auf eine
cot, es hat sehr traurig ausge=
sehen, Edna ist jestern Abend nach
Hause. In Liebe Deine Mutter

				Postmark November 2, 1933",kade_letters,human
kade_112_p020,kade_112,"Thur. A. M.
Lieber Sohn!
       Deine Karte erhalten
freut mich das Du gesund
bist, jetzt ist wieder
viel Arbeit mit die
Milch, ich hab heute Morgen
schon gebuttert. aber es
ist ja nicht so viel
Milch, und Norman hat
die kleinen Schweinchens
die frische Milch gegeben.
Er sagt das ist wieder
zu viel für mich. Letzten
Samstag Abend hatten sie
Abschied für Elonora bei
Edna, u. jestern Abend bei
John. Ruge ist gefahren
von Nellie haben wir noch
nichts wieder gehört.
Samstag waren Schneiter's
hier. In Liebe Deine
       Mutter.

				Postmark November 24, 1933",kade_letters,human
kade_112_p022,kade_112,"Freitag Morgen.
Lieber Sohn!
       Ich hab Deine
Karte jestern erhalten,
u. auch ein Brief von
Pete, so bitte schreibe
Ihm eine Karte, und
sag das ich das Brief
erhalten habe, u. ich
Dank auch, werde ver=
schuchen es durch zu
lesen bis Thanksgiving
wen Er will kann er
kommen bitte
komm Du Mittwoch
das Du mich helfen
kanst. wir sind gesund
ich bin beim cookies
backen. Norman pflügt
alle Tage. In Liebe
       Deine Mutter.

				Postmark December 8, 1933",kade_letters,human
kade_112_p024,kade_112,"Freitag Morgen.
Lieber Lester!
       Ich mus schnell
ein paar Zeilen schreiben
das unser Car gebrochen
ist, Edie hat sie geholt
wann sie fertig ist
wissen sie auch nicht.
So wird es wohl
schlecht gehn, können
Dich dann Montag
Morgen nicht rein
Fahren, wenn Du
laufen wilst, kanst
Du ja kommen. Dick
wird heute die Kuh
schlachten, u. Morgen kommen
die Schweine dran.
Edna ist hier mit die beiden
Kleinen In Liebe Ma.

Christ Hübner's
haben Edna geholt",kade_letters,human
kade_128_p005,kade_128,"Juneau, Wis.
      Jan. 2 - 1941.
Lieber Sohn!
      Weil es Heute Donnerstag
ist, mus Ich doch Schreiben, daß Du
den Brief Samstag kriegst, nun
wie sind die Feiertage abge=
laufen? Und wie war die
Versamlung? War Windfred
da? Jestern hat es hier den ganzen
Tag geregnet, wir waren nicht
zur Kirche, den Ich hab Kalt, kann
nicht Laut Sprechen, waren noch
Sylvester Abend zum Abendmahl,
dann hat es geschneit, so hab ich
noch etwas kalt zu gekriegt. Ich
hab Monntag gewaschen, u. eine
sehr große Wäsche, den Ich hatte
in 4 Wochen nicht gewaschen, u.
da hab Ich es wohl gekriegt, es
war ein Glück das Ich Hilfe hatte.
Edna war hier, wir waren
Sonntag Abend hin, dann ist Sie
u. Rose mit gekommen, wir
haben Dinstag eine Quilt gemacht",kade_letters,human
kade_128_p006,kade_128,"Sonntag Nachmittag war Herbert
u. Familie hier, Tante Hulda
u. Nora. Dann haben wir uns
sehr gefreut, wär es doch wunder=
schön, wenn Du nicht so weit
fort wärst, u. könntest auch
mal kommen. Onkel Aug ist
etwas besser. Mertz Junge
ist auch Krank geworden, so
war jestern Morgen keiner
da zum Melken, dann hat Em
auf gerungen, ob Norman nicht
könnte kommen, dann hat Er noch
6 Kühe da gemolken u. Albert
eine, Er melkt 7 hier zu Hause,
u. Ich Melk Drei. Onkel Fritz
u. Hubert waren Monntag
hier, sind aber den Tag wieder
zurück, jestern war Fritz Lauers=
dorf da u. hat die Arbeit gethan
wer Heute da ist weis Ich nicht",kade_letters,human
kade_128_p007,kade_128,"Walter will wieder ein
Bull Kalb von uns haben.
Er wird es wohl Heute holen.
Ich hab doch keine Zeit gekriegt
an Winfred zu Schreiben, jetzt
ist es doch wohl ein bischen
spät. Wo ist den Doris dies
Jahr? Norman sagt Morgen
will Er Pflügen, den es
ist kein Frost in die Erde
u. der Schnee ist fort aufs
Feld. daß Brod war nicht
gut gerathen was Ich Dich
geschickt habe. Ich hab es so
viel geknetet, daß es solte
gut werden, u. nun war
es so groß löcherich. der Sack
Mehl war nicht so gut,
letzte Woche Donnerstag hat Norman
die Schmock Wurst geholt.",kade_letters,human
kade_128_p008,kade_128,"Wenn Sie Troken ist
Schicke Ich Dich welche.
Jetzt mus Ich schließen
sonst kommt der mail
Mann. Ich bin Heut Morgen
erst halb Acht auf gestanden.
Bist Du auch die Feiertage
zum Abend mahl gegangen?
Edna war hier bis jestern
Abend.    In Liebe
      Mutter.",kade_letters,human
kade_128_p012,kade_128,"Juneau, Wis
      Jan. 9 - 1941
Lieber Sohn!
      Wie Leid hat es mir
gethan, als Ich Deinen Brief laß
das Du so Krank bist. Hoffendlich bist
Du wieder Gesund, wenn Du diesen
Brief kriegst. Du must Dich sehr
in Acht nehmen, u. nicht mit
den Kopf blos gehn, u. wenn
nasses Wetter ist, Rubbers anziehn,
daß Deine Füße nicht nas werden.
Denn mit einen Kranken Kopf,
kanst Du doch nicht Studiren. Jestern
war Pa sein Sterbetag, hast Du
auch dran gedacht? Nun sind es
schon acht Jahre. Wie die Zeit vergeht.
Flora Kalk ist auch Todt, wird
heute in Hustisford begraben, Gustav
Zilish hat jestern gefohnt, doch Norman
will nicht hingehn, duaß weist
ja Er geht nicht gerne zum Be=
gräbnis, so werd Ich wohl nicht
hin kommen. Jestern haben Blums
das Stier geschlachtet, da musten
      wir beide helfen",kade_letters,human
kade_128_p013,kade_128,"Tante Em haben Sie nicht gefragt,
Anna war da, Es war nicht so
gut, war halb 9 wie Ich nach
Haus kamm, so muste Norman
alein Melken. Die Äpfel waren
von W. Pamperins, Ich hab einen
Bu. von Ihr gekauft. Norman
konnte nicht pflügen, denn es hat
gefroren, Er hat daisy u. Bud
noch nicht angespant, Bud war
schon zwei mal sehr Krank, daß
letzte mal 2 Wochen vor Weih-
nachten, dann muste der Arzt
den einen Tag zwei mal kommen
wir dachten Er würde Todt gehn
das hat mich $7.70 ct. gekostet,
Dinstag war der Arzt von
Watertown hier, u. hat die
Pferde Wurm Medezin gegeben,
der sagt Bud seine Krankheit
kommt von die Würme, Er
hat auch ein Reitpferd, daß",kade_letters,human
kade_128_p014,kade_128,"war dasselbe, Er hat auch zu
Norman gesagt, daß Hilbert
der Fox ist Todt geblieben, der
war verstopf, wir haben Hib
nicht gehehn seit den zweiten
Weihnachts-Tag. Hast Du nichts
von Arzt für Sinus? Anna
sagt letztes Jahr hatte Sie
es auch so schlimm, da muste
Sie etwas in die Nase thun
u. das hat es aufgemacht,
dann hat der Schmerz nach=
gelassen. Edgar ist ja auch
mit getrubelt, Er ging ja auch
mit das Dünne Unterzeug, doch
jetzt zieht Er sich Winter un=
terzeug an. Leo u. Edna
waren Dinstag Abend hier
mit Edna ist nicht viel los.
Das Ruth bei Hib. ist weist Du
      vieleicht schon",kade_letters,human
kade_128_p015,kade_128,"Sie wolte ja nicht mehr
zur Schule gehn, Ich Denk 4
Wochen ging sie, wie der test
kamm, u. Sie konnte das nicht
machen war sie fertig, dann
muste Sie aus Beaver Dam raus,
Edna hat sich sehr gegrämmt, denn
Sie hatten Ihr alle Bücher gekauft
Sie war dann in Watertown auf
einen Platzt. Die Frau ging auf
Arbeit. Da war ein baby von
ein Jahr, u. das hat so viel geweint
so ist Sie fort, u. ging nach Hib.
Hat die Frau keinen Keller? Ich
dachte Du könntest da etwas
rein thun, war die Butter all=
right? Edgar hat mich 2 lb. für
Weihnachten gebracht. Konntest Du
deinen Vortrag halten? Der liebe
Gott möchte Dir doch bald ganz Gesund
werden lassen. In liebe
      Mutter

				Postmark January 16, 1941",kade_letters,human
kade_128_p018,kade_128,"Juneau, Wis.
      Jan. 16 - 1941.
Lieber Sohn!
      Wie hab Ich mich gesorgt
was von Dich werden solte, wenn
Du so Krank bist, u. so weit fort
in der Fremde, aber der liebe Gott
sorgt ja für uns, daß sollen wir
nie vergessen u. Ihm anrufen
für seine Hilfe, u. dann auch
das Danken nicht vergessen. Er
ist es der uns leitet auf wunder=
liche Wege, Er führt uns ja, wie
es am besten ist. Norman hat
auch Kalt, es wurde Ihm sehr
schwer, die Stall Arbeit zu thun,
Heute fühlt Er etwas besser,
wir waren letzten Freitag nach
Hib, u. dann hat Er keinen Rock
angezogen, Er war dann auch
nach Watertown, hat die eine
Milch kanne hin genommen für
übermachen, denn Sie war zu
      rostig",kade_letters,human
kade_128_p019,kade_128,"Lorina war nicht zu Hause,
Sie war für eine Woche bei
Ihre Eltern, der kleine Marvin
hat schon zugenommen, Er wiegt
jetzt 10 Pf. Er kann gut Schreien
Ich Denke Er sieht aus wie Hib.
Sonntag hat Hib Ihr geholt, Sie
sind dann hierum gekommen, den
sie wolten uns sagen, daß
Anton unglück hatte. Der Knecht
war mit Vieh nach Mil. u.
zurück hat Er einen Bull, mit
gebracht, u. der wolte nicht runter
beim abladen, Anton hatte den
Strick, u. der Knecht solte Ihm
schlagen, u. mit einen mal
hat Er einen Satz genommen
u. grade auf Anton, Er ist dann
so hart auf den Cement, das
Blut aus Nase, Mund, u. Ohren
ist gekommen, Er war Bewust=
los",kade_letters,human
kade_128_p020,kade_128,"Er war so schlecht, daß Drei
Mann Ihm halten musten,
immer ausersich, Hib war Sonntag
Nachmittag hin, Ich wolte auch
hin, daß Norman so kalt hat
ist es nichts geworden, u. jetzt
Regnet es nun wird es
wohl Glatteis geben. Vieleicht
Dint es Ihm zum besten, denn
Er war ja so besoffen auf
Tante Louise Ihr Begräbnis,
daß Er nicht konnte hin kommen
Meta was zu Fuß auf dem
Wege zur Kirche, dann kamm
Herbert, die haben Ihr dann
mit genommen. So ruft ruff Ich
Dich noch wieder zu, ""Denke,"" Ich
stehe vor Dir, obwohl viele Meilen
uns trennen, Mein Kind wenn
Dich die bösen Buben locken, so
folge Ihnen nicht.",kade_letters,human
kade_128_p021,kade_128,"Leo, Edna, u. die kleinen
kammen letzten Samstag, den Sie
waren nach Horicon nach Dr. Nelson
der Arzt wo Edna den Sommer hatte,
die müssen alle zum Hospital, u.
das kostet zimlich viel, so wird
Nelson wieder Ihr Arzt sein, u.
für Nurse kommt Mrs. Clarnsans Neuendorf
das war Esther Sturm, Du kenst Ihr
ja auch. Edgar u. Familie waren
Sonntag auch hier. Sie waren
nach Edna, aber da Sie nicht zu
Hause waren, kammen Sie nach uns.
Es war solch schönes Wetter, gar=
nicht Kalt, da mit ist Edna Nacht
geblieben. Norman u. Ich waren
zur Kirche, der Pastor hat So
schön gepredigt, daß uns nichts
soll fern halten vons Gottes Haus.
Carl ist schon so groß, wird im
Frühjahr Confirmirt. Nun leb
wohl    In Liebe
                         Mutter",kade_letters,human
kade_128_p025,kade_128,"Juneau, Wis.
       Jan. 22-1941
Lieber Sohn!
       Dein Brief kam Heute
So will ich Heute Abend gleich
Schreiben, aber Ich bin schon so
Müde, wir waren jestern Abend
nach Herman L. sein Geburts-Tag
u. es war schon nach zwölf
als wir nach Hause kammen.
Ich wollte Mittagruh halten, dann
kamm Hib und Ruth ist mitge=
kommen. Lorina wolte nicht
mit, daß Wetter war schlecht.
Schneesturm. Ich hab dich doch
geschrieben, daß der kleine
Fux Todt ist, Norman u. Hib
waren nach Hickey, den der
hat Pferde diese Woche gekriegt.
Er hat noch keine gekauft. Morgen
Wollen Sie nach Culumbus,
Hib will ein team kaufen.
Norman hat jestern Daisy
angespannt. Albert hat Ihm
       geholfen",kade_letters,human
kade_128_p026,kade_128,"den wir haben jetzt etwas
Schnee, Sie ging ja zimlich gut
sie sind erst aufs Feld, u.
dann waren sie rauf nach
Koefsels Koepsels. Norman sagt Sie ist blos
zu klein. Bud ist schon schwerer
den Daisy, u. ist so groß wie
Dick, Er ist jetzt gang Gesund.
Milch kriegen wir 300-30 Pf.
der Käse ist wieder runter,
Schweine haben wir blos 7 zu
verkaufen. Die Alte hatte etliche Todt
gedrückt, die sind sehr schön, haben jetzt
einen guten Preis, bis unsere so
weit sind, werden Sie wohl billig
sein. Anton soll ein wenig besser
sein, Bosin war auf eine Nacht
da, Er hat zu Ihm gesagt, Walther
laß mich blos ein paar Menuten
aus Bett, warum Er nicht aufkann
sein, Bosin hat dann zu Ihm gesagt
Er wär ja Krank, dann wuste Er",kade_letters,human
kade_128_p027,kade_128,"auch wieder nichts, hatte eine
Karte jestern von Tante Hulda. Sie
u. Herbert waren letzte Woche
Mitwoch hin. Anton hat Ihr gekannt,
dann hat Er auch wieder ausinsich
gesprochen, der Bull hat Ihm vom
Truck runter gestoßen, sogar
das Blut ist aus seinen Augen gekommen
es waren bis jetzt noch 2 Mann
Nachtens bei Ihm, seine Arme am
gelenk sind schlim, vom fest halten
auch bei Tag mus einer bei Ihm
sein. Willie Christian war auch schon
öfters da, auch Kamrath da bei die
Kirche. Ira Jones ist auch sehr Krank.
vieleicht schon Todt, Dinstag hat der
Arzt gesagt, nicht länger als zwei
Tage könnte Er noch Leben. Er ist
im Beaver Dam Hospital, der Arzt
Von Fon du Lac war da, u. dann
haben Sie, am Rückgrad getept
Er hat auch ein zugroßes Herz.",kade_letters,human
kade_128_p028,kade_128,"Ruth sagt der kleine Marvin
lacht Ihr schon an, u. will auch
schon erzählen, Elaine hat geweint
wir Sie fort ist. Vater Blum
hat auch sehr kalt. Norman ist
jetzt zimlich gut. Ich bin ja
auch so gut, mein kalt ist
noch nicht ganz über.
Leo u. Edna waren letzten
Sonntag hier, Leo hatte auch
Kalt, den Sie müssen jetzt
im Wasser arbeiten, wo Sie
graben 2 Pumpen gehen Tag u.
Nacht, ist da auch ein Verstandt
drin, wenn Sie Krank werden,
bezahlt keiner für Ihr. Bist du
auch Mager geworden von Deiner
Krankheit? Wer hat Dich Essen gebracht?
       Leb wohl In Liebe
        Mutter

				Postmark January 30, 1941",kade_letters,human
kade_128_p031,kade_128,"Juneau, Wis.
       Jan 29-1941
Lieber Sohn!
       Ich hab eben eine
box für Dich gepackt, Du
wirst wohl schon Hunger
haben auf die Wurst,
thue Sie aus das Papier
wikleln, dann Schimmelt
Sie nicht so leicht. Hoffe
das alles gut Schmecken
wird, den Candy hab Ich
Heute Morgen erst gekauft.
die Honig cookies laß bis
Zulätzt, den die verderben
nicht weil keine Sahne
oder Milch drin ist. blos
Eier, Zuker, u Honig.",kade_letters,human
kade_128_p033,kade_128,"Jones ist letzten Sonntag
begraben, u. jester Vater
Buchmann, Frau Hübners
Vater, was Denkst Du
blos. Sonntag Nacht ist
Fanney Todt geblieben, der
Arzt war zwei mal hier.
Sonntag Abend noch, dann
sagte Er könne nichts
Mehr thun für Ihr, es hat
die gegen Ihr auf einen
Strich getreten, u. dann hat
Sie Blut vergiftung ge=
kriegt, in drei Wochen solte
Sie Frischmelk werden.
konnten Ihr gut verkaufen.
       hätten wohl über $100 gekriegt",kade_letters,human
kade_128_p034,kade_128,"doch weil Ich sie Melken
konnte, wolten wir Ihr
behalten. Bingo war auch
sehr Krank, Er konnte nicht
laufen, Norman muste
Ihm tragen wir Denken
Er hat wo gift gekriegt,
den Er war den Nachmittag
fort, Hib hat ein team
gekauft, es war $280.
       In Eile geschrieben
       Nun leb wohl
       In Liebe
       Mutter

				Postmark February 6, 1941",kade_letters,human
kade_128_p037,kade_128,"Juneau, Wis.
			Feb. 6 - 1941
Lieber Sohn!
	Ich Dachte Du würdest
die Box zu Sonntag haben, Sie
ging doch mit die selbe Zeit, wie
der Brief, das Brod wird dann
wohl schon Trocken gewesen sein
wie Du es gekriegt hast. Die
Wurst ist bis jetzt sehr gut
gewesen, Edna hatte Dinstag
einen Baby shower, dann hab
Ich eine Flise mit genommen.
u. war die aber schön, Lizzie
hat den shower gegeben, Sie
haben alle was mit gebracht.
es waren Drei von Lizzie Schwestern
da u. etliche Nichten, u. Frau
Neuendorf, von Ednas Seite
war keiner da, Sie hat schöne
Geschenke gekriegt, Norman hat
mich hin gefahren u. Leo nach
Hause, es war schon halb Elf",kade_letters,human
kade_128_p038,kade_128,"wie Ich nach Hause kamm.
u. dann waren Blums hier,
dies war das erste mal diesen
Winter das Sie hier waren.
es scheint als ob Sie auch schon
Alt werden, Vater hat den
Herbst noch wieder gepflügt,
doch ist Er nicht mehr Morgens
so Früh raus, u. Abens auch
schon Früh angehalten. Er
hat auch sehr Kalt gehabt
den Winter, Er war letzte
Woche einen Nachmittag bei
Norman im Stall, Norman
sagt Er ist Mager geworden.
Onkel Aug thut jetzt seine
Arbeit wieder alein, bis jetzt
hat Er noch kein Holz gemacht.
Er wird wohl, auf Heinrich
warten. die sind jetzt bei",kade_letters,human
kade_128_p039,kade_128,"Sie haben einen Knecht,
Bill Serving, daß war Emilie
Korth Ihr Mann, die ist geschieden
von Ihm, Er hat ja auch so sehr
gesoffen, daß ist Onkel Wilhelm
K. seine Schwester. Vic hat zu
Edna gesagt, daß Sie eine Note
hat an Dich geschickt, nun wolte
Norman Ich solte gleich an Dich
Schreiben, daß Du Dich mit nichts
solst einlassen, was wolte
Sie denn von Dich? Ich habe
es aber immer vergessen wenn
Ich an Dich geschrieben habe.
Wir waren jestern nach
Watertown, Norman hat die
Milch Kanne geholt, wo
wir ließen neu machen
Sie sieht gut aus, musten",kade_letters,human
kade_128_p040,kade_128,"$9.50 geben, u. die Neuen
sind $11.00  Wir waren dann
ran bei Hib, Norman wolte
die Pferde sehn, haben Sie
dann auch angespannt, es ist
ein schönes team, eins Braun
u. das andre ein Fuchs, die
kleine Elaine war auch sehr
Krank. der kleine ist aber
so schön. Nun muß Ich
   Schließen Norman will
   den Brief nach die Box
      nehmen     In Liebe
		     Mutter

				Postmark February 13, 1941",kade_letters,human
kade_128_p043,kade_128,"Juneau, Wis.
		Feb 12 - 1941
Lieber Sohn!
	Weil Ich Morgen Früh
wenn das Wetter nicht zu schlecht
ist, nach Hib gehe, den die haben
Heute zwei Schweine geschlachtet,
u. Ich mus ja die Gritz Wurst
machen, so will Ich Heute Abend
Deinen Brief beantworten.
Norman ist Heute Abend nach
Blums gelaufen, daß ist das
erste mal diesen Winter, daß
Er Abends hin ist, Es scheint als
ob sich alles geändert hat. Montag
Abend waren Lauersdorfs hier,
Irma weis ja immer viel
Neuigkeiten, daß Rev. Nommenson
im Sommer Heiraten wird, eine
Schul Lehrerin von Milwaukee,
Carl wird wohl den kommenden
Herbst auch nach Watertown gehn,
Martin ist ja dieses Jahr in
Mil. der Pastor hat bei Onkel
Aug gesagt, daß nächste Schuhl jahr
geht Er wieder nach Watertown.",kade_letters,human
kade_128_p044,kade_128,"Norman hat Heute Daisy ganz
aleine angespant, dies war
das vierte mal, daß letzte
mal war Leo hier, Sie ist
ganz zahm, wenn Bud auch
so gut ist, dann gehts, Ich hab
zu Norman gesagt, Er soll
Bud für ein Pferd eintauschen,
aber Er will das nicht. Onkel
Aug will seine Farm ver=
kaufen, daß Arbeiten will nicht
mehr so gut gehn, Heute muste
Heinrich wunter kommen, u. den
Stall rein machen, u. die Box
Ställe, Norman sagt Emil Sengert
hat Lust es zu kaufen, daß
wär ja wohl schön, wenn wir
blos gute Nachbarn kriegen,
doch wird es wohl spaßig sein
wenn Onkel solte hier fort
gehn. Letzten Sastag hatten
wir wieder Schneesturm,
eingeschneit waren wir, nicht",kade_letters,human
kade_128_p045,kade_128,"lange, den der Schneepflug
mus wohl dies Jahr, diese road
erst nehmen, sogar ein mal
sind Sie zwei Uhr Nachtens
gekommen, jestern u. Heute war
es gelinge, es hat gethaut,
Heute Morgen auch ein wenig
Geregnet, der Wind kommt jetzt
von Rhode Island. Anton ist
noch im Hospital, Hatte eine
Karte von Tante Hulda, sie
hatte mit Meta gesprochen,
die sagte, Er will gerne nach
Hause und rum laufen, Meta
hat gesagt, es ist besser wenn
Er noch da bleibt. Und Penny
hat an Dich geschriebe, Ich hab
zu Norman gesagt, der hat
so manches Stück Brod von
Deins gegesen, u. Faul ist Er
das Raymond solte Wasser
rein holen, sag Ihm nicht daß
	Er soll hier kommen",kade_letters,human
kade_128_p046,kade_128,"wenn Du nach Hause
kommst, sonst probiert Er
wieder alle die Wiegen
Stühle. Von Edgar haben wir
noch nichts gehört, seit den
Sonntag Sie hier waren,
Es ist auch sehr traurig, daß
Er so ist, zu mich hat
Vic nichts gesagt aber
zu Edna, daß grämt mich
so sehr, Er verdient doch
gutes Geld, u. dann macht
Er noch Schulden, mit den
Arzt in Kewaskum sind Sie
auch fertig, gehn jetzt nach
West Bend. Nun mus Ich
schließen sonst kann Ich Morgen
nicht arbeiten. Gute Nacht
		In Liebe
			Mutter

				Postmark February 20, 1941",kade_letters,human
kade_128_p049,kade_128,"Juneau, Wis.
		Feb. 19 - 1941
Lieber Sohn!
	Dein Brief kamm Heute
u. so will Ich auch gleich Schreiben.
Ich bin Heute Abend nicht so
Müde, Habe eine Stunde im
Wiegenstuhl Mittag ruh gehalten.
Ich war letzte Woche zwei
Tage bei Hib in Schlachten, Bosins
waren nicht da, Harry u. Hilda
waren Freitag da, daß war
so gut, den mit die beiden
kleinen ist ja viel Arbiet, Harry
hat jetzt keine Arbeit, den die
Hemp Fabrik hat alles verarb=
eitet. Wir haben den Abend bis
11 Uhr gearbeitet, haben auch
alles fertig gekriegt, bis Fleisch
einbraten. Sie haben 9 Galonen
Schmalz gekriegt, Norman sagt
das Fleisch ist zu fett, 90 lb.
Sommer wurst. Wir hatten
		wieder Schneesturm",kade_letters,human
kade_128_p050,kade_128,"u. einen starken Wind dabei,
seit Sonntag, aber der Schnee
ist jetzt alles Schwarz, den Heute
war es lauter Dreck, wir
wolten Sonntag Nachmittag nach
Edgar Fahren, denn Grace hat
Lungen Endzündung, weil das
Wetter so schlecht war, sind wir
nicht gegangen. Sonntag Abend
sind wir runter nach Onkel
Aug, den Monntag Morgen hat
Ihm der Arzt zum Hospital ge=
nommen, u. Er ist auch noch
Vormittag operirt, Heath hat
die Operation volzogeln, Norman
war bei, u. hat zugeschaut,
Es waren noch zei andre Ärzte
da, Sie haben Ihm im Rück
grad eingespritz, den zum
Schlafen wolte der Arzt Ihm
nichts geben, u. war das",kade_letters,human
kade_128_p051,kade_128,"ein Schneesturm, Norman
hatte blos die Kühe Heu gefüttert
u. jetzt wurde es eins dann
zwei, u. Norman kommt nicht?
Ich war schon raus, bis nach
den Baum, u. wolte zum
Stall gehn, dann bin Ich wieder
zurück, Es war beinah Drei
dann kamm der Schneepflug,
u. da war Er gleich hinter,
Sie waren bei Canniff, dann
hat Norman Ihr gesagt, Sie
müsten für Ihm auspflügen
sonst kämm Er nicht nach Hause.
Tante Em war bis Heute da,
so musten wir auch das Feuer
besorgen, Heinrich macht die
Stall Arbeit, Heath hat zu die
Nurse gesagt zwei Wochen sollen
Sie Ihm nicht aus Bett lassen.
Er hatte jetzt wieder Schmerzen
u. Heath hat gesagt, daß wär",kade_letters,human
kade_128_p052,kade_128,"alles was Er für Ihm thun
könnte, Tante Em sagt Er
ist zimlich gut. Schreib
Mich was die dich geantwor=
tet haben auf dein Schreiben
Von Beaver Dam. Von Anton
habe Ich noch nichts wieder
gehört. Schicke Onkel Aug
eine Karte, die Adresse ist
Deaconess hospital Beaver Dam
wär Edna's Arbeit gethan
hat wie Sie Krank war
Ich Denk da hat sich ein
jeder selber geholfen. Sie
war Samstag zum Arzt in Horicon
dann waren sie noch eine weile
hier Leo hat für mich gemolken.
Ich Melk hetzt blos zwei Kühe, die
eine ist Troken, wir werden diesen
Sommer blos 11 Milch Kühe haben. Leb wohl
		In Liebe     Mutter

				Postmark February 27, 1941",kade_letters,human
kade_128_p055,kade_128,"Juneau, Wis.
      Feb. 27 - 41
Lieber Sohn!
      Heute mus Ich wieder
früh Morgens Schreiben, den
jestern Abend waren wir nach
Tante Guste u. Onkel Bill, wir waren
den ganzen Winter nicht hin, u.
Norman hatte ja lust zu gehn.
es ist ja eine seltenheit, wenn
Er sagt wir wollen wo hin
gehn, Sie hatten auch beide sehr
Kalt, jetzt geht es ja wieder.
Onkel Aug ist sehr gut nach
seiner Operation, der Arzt hat
schon alle die clamps raus ge=
nommen, Er hat sehr viel Besuch
gehabt, Tante Em geht jeden Tag
rauf, jestern waren Frank
Schnelings hin, da ist sie mit",kade_letters,human
kade_128_p056,kade_128,"Heute wolte Selma B. Ihr
mit nehmen, den Sie geht da
zum Zahnarzt in Beaver Dam,
jetzt hat Sie aufgerungen, daß
Charlotte Krank ist, dann werden
wir gehn, sonst wolten wir Morgen
gehn. Edna ist jetzt wieder besser
als Sie war, es wird nicht mehr
lange nehmen, bis der Storch
übers Dach fliegt. Du fragst
ob Ich kommen werde, die
Reise würde Ich wohl aus=
halten, doch fehlt das beste dazu,
aber Norman sagt, Ich soll Dich
Schreiben, wenn Ich komme must
Du mich im Sarg zurück bringen,
doch so schlim würde es wohl
nicht werden, wie gerne
möchte Ich da sein, weist Du
schon wie viele Graduiren?",kade_letters,human
kade_128_p057,kade_128,"Wir werden zu keinen was
sagen, daß Du eine Stelle in
aussicht hast. Norman u. Hib
sind auch in die selbe Klasse
diesen Monat musten 28 von
Dodge Co. gehn, u. im März 68,
wie es scheint, werden wir
auch im Krieg reinzegon, aber
es kann ja nichts geschehn ohne
Gottes Wille. Hast Du an
Onkel Aug geschrieben? Am
Sonntag ist Grace's Geburts-Tag.
Dan wird Sie Drei Jahr.
Letzte Woche hatte Ich wieder
einen klage Brief von Vic,
das Du meinen Brief nicht
Samstag gekriegt hast, war
ja Wa. Geburts-Tag.",kade_letters,human
kade_128_p058,kade_128,"Von Anton habn
wir noch nicht wieder wahs
gehört. Nun mus Ich
schließen den Norman will
den Brief zur Postbox
tragen. Leb wohl
      In Liebe Ma.

				Postmark March 6, 1941",kade_letters,human
kade_128_p061,kade_128,"Juneau, Wis.
      March 5 - 1941.
Lieber Sohn!
      Nun sind wir schon
im Dritten Monat, wie die
Zeit vergeht, bald wird die
Saatzeit hier sein. Ich hoffe das
Ich die Seife im Frühjahr kochen
kann anstadt im Herbst, weil
Ich Norman helfen mus im
Stall, u. dann Haus reinmachen,
daß ist immer zu viel, Ich werd
mich noch nicht grämen, Norman
ist schon ins Bett, u. schnarcht
ganz furchtbar, so das Ich es hier
in der Küche hören kann. Heute
hatte Er Besuch, Vater Blum,
dies war das zweite mal diesen
Winter, ins Haus war Er nicht
bin auch ganz froh, Er hat wieder
über Heinrich geschimpft, der
Knecht ist noch da, Er sagte daß
ist der beste, den Sie schon gehabt
haben. Ihr habt auch wieder",kade_letters,human
kade_128_p062,kade_128,"Schneesturm gehabt, hier war
Er Montag, es war so Dick
das man manchmal nicht bis
Onkel Aug sehen konnte, und
in all den Sturm ist Onkel
nach Hause gekommen, Er war
sehr gut, der Arzt hat gesagt
es ist nicht oft, wo so schnell
aus dem Hospital gehn kann
Tante Em sagte, die Freude war
sehr groß,  u. für Tante Em ist
es auch gut, den Sie konnte
nicht Essen oder Schlafen, Sie
ist so mager geworden, daß
der Wind Ihr kann umblasen
Sie war jeden Nachmittag
zum Hospital, Onkel hat viele
Karten gekriegt, u. auch mehre
Briefe, u. von Elsa K. eine
Box Candy, vill Frucht, u.
von Tante Em ein Alpen
veilchen auch von Selma B.",kade_letters,human
kade_128_p064,kade_128,"Norman will nächste
Woche sehn, wo Er einen
Bull kann kaufen, dieser
ist sehr groß, Vater B. hat heute
gesagt, Er wiegt 2.500 Pf.
doch ganz so schwehr wird Er
wohl nicht sein. Ich hatte
einen Brief von Tante Hulda
das Anton jetzt zu Hause ist,
Sie waren hin, mit Herbert,
Er klagt noch sehr, über seinen
Kopf. Nimm Dich gut in
Acht, daß Du nicht wieder
Dich erkältest, den was ist
besser als die Gesundheit. Edna
hatte letzte Woche auch sehr Kalt,
Sie sagte, die andern hatten es
u. da hat Sie es von gekriegt.
es ist jetzt halb elf, so mus
Ich gute Nacht sagen Leb wohl
      In Liebe Mutter

				Postmark March 13, 1941",kade_letters,human
kade_128_p067,kade_128,"Juneau, Wis.
      March 12 - 1941
Lieber Sohn!
      Dein Brief ist Heute
gekommen, die Post mus wohl auch
nicht immer dieselbe zeit geht,
er ist March 10 - 5.30 P.M. gestempt.
Nun werd Ich erst Deine Fragen
beantworten, Norman war Heute
fort u. wolte einen Bull
kaufen, Er war nach Puls, der
wohnt an 33 beinahe nach Allenton,
der wolte $150.00 haben, dann ist
Er nach Lepiens, Blums Freundschaft
bei Hartford, der war noch zu
jung, u. so hat Er keinen gekauft,
Morgen will Er nach Watertown
nach Lehmann, wo der Alte
her ist, ja dieser ist der noch von
Lehmann, Er ist sehr groß. Heute
Vormittag war Er hin und
wolte ein Pferd kaufen, den Ed.
Koenitzer hat gesagt, daß George
Hickey eins hätte, Es war schon
      verkauft",kade_letters,human
kade_128_p068,kade_128,"wie Er von Hartford ist ge=
kommen war Er ran nach Emil
Seegert, der hat auch eins zu verkaufen,
will $150.00 für haben, wir
wolten nicht solchs Teures
kaufen, es ist schade das Dick
mit einen mal so schlecht
geworden ist, aber das pflügen
im Herbst war schon ein Jammer.
Blums Knecht ist schon 65 Jahr Alt,
es war Emilie Korth, Ihr
Mann sind geschieden, den Er
hat so sehr gesoffen, daß ist
Onkel Wilhelm Korth seine
Schwester, Blums sagen Er
thut sehr gut Arbeiten. Von
Onkel Aug brauch Ich Dich nichts
Schreiben, den Tante Em hat zu
mich gesagt, daß Sie an Dich
geschrieben hätte. Wir waren
Samstag Abend nach Lorina's",kade_letters,human
kade_128_p069,kade_128,"Geburts-Tag, Du hast wohl
nicht dran gedacht, den Sie
hatte ja keine Gratulation von
Dich, Harry u. Hilda haben wir
mit genommen, Es waren
viele da, von Ihre Freundschaft,
es war zwei Uhr wie wir
nach Hause kammen, wir sind
die zement road gefahren, den
County trunk M. ist Furchbar
schlecht. Onkel Aug. Geburts-Tag
ist den 14 April, u. Edna's den
6 April, Morgen ist ja Walters
wenns Wetter gut ist werden
wir hingehn, jestern hatten
wir Schneesturm, Heute hat
der Pflug ausgepflügt, es
scheint der Winter ist noch
nicht zu Ende.
bin eben fertig geworden mit
Frühstück. Jestern Morgen ist Pastor
      Sauer gestorben, wohl Ihm",kade_letters,human
kade_128_p070,kade_128,"den sein Verstand, war sehr schwach
der wird wohl auf Juneau Kirchhoff
kommen, den Sie haben eine Lot hier.
Sonntag waren wir nach Anton
Er kann nur wenig auf sein
Sein Kopf u. Genick ist noch sehr
schwach, Er hat sich gefreut, Du
köntest Ihm ja auch einen kurzen
Brief Schreiben, oder Karte schicken.
Sein Knecht den Er schon lange
hat will fort, Walter Nickel
ist auch da, den der andre hat noch
immer Vieh nach Mil. genommen.
jetzt mus ja ein ander kommen
jestern war Paul Nickel u. Willard J.
nach Reeseville, wie Norman aus
diese road kamm, waren Sie im
Ditch, dann kamm ein truck u. der
hat die Car raus gezogen, Sie haben
aber keinen Mann gefunden, für
Anton, Paul hat über alles die aufsicht, der
Arzt hat gesagt, zwei Monat mus Er
noch im Haus bleiben, am Tisch hatte Er
noch nicht gegessen. Nun mus Ich Schließen.
                              In Liebe  Mutter.
Es waren schon 9 Wochen

				Postmark March 20, 1941",kade_letters,human
kade_128_p073,kade_128,"Juneau, Wis.
      March 20 - 1941
Lieber Sohn!
      Heute ist ja Frühlings
Anfang, aber es liegt noch
zimlich viel Schnee, den Sonntag
hatten wir wieder Schnee=
sturm, und es wurde dann
so furchbar Kalt, daß die Pips
u. cups im Stall eingefroren
ist, sind, jestern u. Heute ist es
gelinder. Ich habe jestern ge=
waschen u. Heute will ich bügeln.
Wir waren Jestern Abend nach
Edna, da ist "" ein kleiner
Sohn angelangt. Er wiegt 9 Pf.
u. zwei unzen, sind beide zimlich
gut, der kleine sieht aus wie
Raymond, Rose u. Ray wollen
Ihm fort geben. Rose sagt wenn
es eine Schwester wäre, Namen
wusten sie noch nicht.",kade_letters,human
kade_128_p074,kade_128,"Ich hab zu Frau Neuendorf
gesagt, daß Wilmer soll mal
an Dich Schreiben, Ich hab Ihr Deine
Adresse aufgeschrieben, sie sind
bei Sturms. die andern beiden
Mädchens Dienen in Beaver Dam,
die jüngste Dient bei Pains. Du
weist die Tanzhalle. Einen
Bull hat Norman jetzt gekauft,
Er was $75.00. kein Pferd
haben wir noch nicht, der
große Bull haben wir noch,
Norman will ihm noch etwas
Fütter, daß Er noch ein bischen
Schwerer wird. wir haben
blos 10 Milch Kühe diesen Sommer,
Rose was nicht mit Kalb,
u. hat blos noch wenig Milch
gegeben, brachte nicht das",kade_letters,human
kade_128_p075,kade_128,"Futter ein, so muste Sie fort,
u. wie Mallie frisch Melk
wurde, da hatte Sie in zwei
Striche spiders, daß es Norman
eine halbe Stunde genommen hat
Sie zu Melken, die waren
halb die Striche rauf, so musten
wir Ihr auch verkaufen, die
hat blos 1100 gewogen. Blums
kriegen jetzt viel Milch, jestern
hatten 1116 Pf. der
Käse ist etwas rauf gegangen.
Nun wird Vater Blum aber
Geld machen, Er schimpft
wieder viel über die Jungens,
Er war blos ein mal nach
Onkel Aug seitdem Er vom
Hospital zurück ist. Es ist nicht
mehr viel los mit Ihm, wenn
       die Saatzeit anfängt, wird",kade_letters,human
kade_128_p076,kade_128,"Er wohl wieder aufleben.
Es warn ein ganz Theil
Leute auf Walters Geburts=
Tag. Unglaubs auch. Hib. u.
Lorina wolten den Abend
Onkel Aug besuchen, die waren
nach Kirche, dann sind Sie auch
nach Walter. der kleine
Marvin ist so groß schon, u.
Elaine kann schon viel sprechen
auch recht Deutlich.
      Nun mus Ich schließen
den Ich mus Milch Geschirr
Waschen, Du wirst wohl
Morgens nicht an mich Denken.
Norman ist böse Heute Morgen
von die Land Geschichte
Hast Du schon was gehört von Beaver
Dam. In Liebe
      Mutter

				Postmark March 27, 1941",kade_letters,human
kade_128_p079,kade_128,"Juneau, Wis.
      March 27 - 1941
Lieber Sohn!
      Jestern war Ich bei Edna,
wir waren Samstag Abend
hin, u. dann hat Sie mich
gefragt, ob Ich einen Tag kommen
könnte, u. Brod u. Kuchen Backen,
den Frau Neuendorf, thut
auch kein Brod Backen, Sie
hatte auch so viel Arbeit, den
die ersten Tage u. Nächte, hat
das Baby viel geweint, u.
dann wurde Edna Montag so
Krank, daß Sie den Arzt rufen
musten, jestern war Sie etwas
besser, daß Baby ist jetzt recht
artig, Roselyn hat den Namen
haben wollen. Ronald Charles.
Ruth ist noch bei Hib, Sie haben
diesen Monat keinen Knecht.",kade_letters,human
kade_128_p080,kade_128,"Lorina helft Draußen, u.
Ruth ist im Haus. Ihr Boy Friend
hat gesagt, daß Ist ein guter
Platz, aufs Land, jetzt wird Sie
erst 16zehn u. hat schon, einen,
es ist Adolpf Lauersdorfs Junge
von Juneau. Mein Brod u.
Kuchen sind sehr gut geraten.
Jestern Abend war Walter, Elie,
u. Darvin bei Edna, Tante Emilie
Ihre Beine sind zimlich schlecht.
Sie geht noch nach Hardfort
nach Dr. Lehman. Tante Hulda
ist noch viel besser, die ist
noch so flink, Eleonora hat
ja immer viel Arbeit, Sie
solte nach Tante Emilie kommen
u. Kleider Nähen, Es ist Tanten
aber zu Kaldt, denn bei Ihr",kade_letters,human
kade_128_p081,kade_128,"ist es immer sehr warm,
u. dann wird der Mensch
verwöhnt. Wir haben jetzt
kein Feuer in die Furnice
den die Kohlen sind bald all,
es hat sehr viel Kohlen ge=
nommen diesen Winter, es
ja nicht so angenehm, über
haupt wenn die Sonne nicht
scheint, u. mich friet ja immer.
Bingo ist Heute auch wieder
Krank, Norman Denkt, der
wird wohl nicht mehr lange
Leben. Es ist doch sonderbar
das die draft Board, nicht
mit die erste Untersuchung
zufrieden waren, Emil
Güntherberg haben Sie wieder",kade_letters,human
kade_128_p082,kade_128,"zurückt geschickt, weil Er
Oben falsche Zähne hat.
Antons Adresse ist Mayville
Schreib man Englisch an Ihm
das kann Er besser lesen,
u. nimm Dich ein bischen zeit.
heute Abend haben wir
Passions Gottesdinst, Du
kanst wohl nicht gehen, oder
gehst Du zur Schwedischen
Kirche? Onkel Aug ist sehr gut
waren gestern Nachmittag bei
Edna. Franz Pufahl ist jestern
auch Operirt am Bruch, Heath
hat es auch gethan. Nun leb wohl
      In Liebe
      Mutter

				Postmark April 3, 1941",kade_letters,human
kade_128_p085,kade_128,"Juneau, Wis.
		April 3 - 1941
Lieber Sohn!
	Jetzt sind wir schon
wieder im April, wie die zeit
vergeht, Heute ist Irma's Geburts-
Tag. Ich wolte sonst nach Edna
gehn, und Backen Brod für Ihr, wenn
mich Norman dann holen mus,
wir es zu Spät, Leo hatte noch
keine Car L. license Irma hat gesagt,
Wir sollen kommen. Dinstag
Abend war Herman, seine Mutter
Ihr Geburts-Tag, Norman hat
Emil u. Art im Juneau getroffen
dan haben Sie zu Ihm gesagt, wir
solten kommen, u. Herman u Irma u
Lorraine mit bringen, der Herman
hätte auch noch keine Lizen, nun
Norman wolte ja auch gerne
gehn, so sind wir hin, es waren
weiter keine da.",kade_letters,human
kade_128_p086,kade_128,"Jestern Abend war Hib, Lorina,
die beiden kleinen, u. Ruth
hier. Hib muste Zinsen bezahlen
bei Jones, Herman sagte, Ira
fehlt, Cornelius ist nicht son
guter Bas cousin, wie der Alte war.
Hib kann das Geld behalten,
Ich hatte mich schon gesorgt,
wo Er jetzt das Geld solte her
kriegen, die kleinen Lienblige Lieblinge
waren so artig, der kleine
Marvin hat so große Augen, wie
Lorina, Er ist sehr Freundlich.
Nach Edna war Ich nicht, seit
letzte Woche Mitwoch, habe
eben die Nachbars Frau auf-
gerungen, sie sagte das Sie
alle Gesund sein, Ich hab ihr
gesagt, Sie soll Edna sagen, daß
Ich Morgen kommen werd.",kade_letters,human
kade_128_p087,kade_128,"Kleine Schweine haben wir
noch nicht, Ich hab Dich geschrieben
das wir 10 Milch Kühe werden
haben, es sind blos 9, wir
kriegen etwas über 300 Pf.
Blackie mus nächste Woche
einkommen, das ist die letzte,
die schon von Herbst, geben
auch schon weniger. Der große
Bull ist noch im Stall, wenn
Du Ihm blos sehen konntest,
es ist ein Pracht Tier. Daisy
war noch nicht vor den
Wagen gespant.
	Frau Pastor Sauer ist
zwei Wochen auf den Tag
nach Ihm gestorben, Ist Samstag
begraben, Sie starb auch im
Mil. Hospital. Olga ist da Nurse",kade_letters,human
kade_128_p088,kade_128,"Es ist doch sehr gut
das Du nicht zum Camp
brauchts, Hoffe das Du eine
gute Stelle kriegst, es
geht ja sehr Traurig zu, in
diese Welt, in Mil. war
ja auch wieder solch großer
Streik, sind viele verwundet,
die Bilder jestern in die zeitung.
Heute sieht es aus nach Regen,
die road ist schon gut getrocknet
den 1 April war ja Dein Confirmation
Tag, wie furchbar Schlecht, war
die road dann. Jetzt sind die
Milchkannen hier.
	Leb wohl
		In Liebe
			Mutter

				Postmark April 10, 1941",kade_letters,human
kade_128_p091,kade_128,"Juneau, Wis.
      April 10 - 1941
Lieber Sohn!
	Diesen Brief zu Schreiben
wird mir sehr schwer, Meine
Gedanken waren die letzte zeit
das Du wohl mehr wie eine
Freundin von Wilma Robb hälst,
Ich wolte Dich ja auch Schreiben,
daß Du kein Auge soltest auf
ein Mädchen haben, was nicht
unsers Glaubens ist, denn denke
blos was Du alles gelernt hast,
all die Jahre in Watertown, Du
wirst doch nicht Deinen Glauben
verläugnen, u. was Du am
Altar dem Herr gelobt hast, Oh
Ich konnte die ganze Nacht nicht
Schlafen, Gib mir mein Sohn Dein
Herz u. laß Deine Augen meine
Wege wohl gefallen, so war ja Dein
	Confirmation Spruch.",kade_letters,human
kade_128_p092,kade_128,"Und wird das Mädchen, von
Ihrem Glauben lassen, man
kann es ja auch nicht verlangen.
Und es ist sehr traurig, wenn
Mann u. Frau, nicht zusammen
in eine Kirche gehn, wie
oft kommt dann ärger, wenn
Kinder geboren werden, u.
jeder will Sie seines Glaubens
haben. Ach lieber Lester, es
macht mich sehr Traurig, dran
zu Denken. Edgar ging wie
Er bei Pabst war, mit
Vivian Wood, die sind ja
Katolisch, dann hat Pa auch
gesagt, Er solte die nicht
Heirathen, weil Sie die
Christen gemartert haben,
u. verfolgt haben.",kade_letters,human
kade_128_p093,kade_128,"Ich schicke Dir Dein Gelübte
mit, so bitte lese es sorgfältig
durch, u dann entscheide Dich,
was Du thun wilst, lege es
dann in Deine Bibel. denn
ersten April waren es Dreizehn
Jahr das Du Confirmirt bist.
Wirst Du auch die Feiertage
zum Abendmahl gehn? Norman
u. Ich gehn Heute Abend.
Ich wünsche Dir auch ein
gesegnetes Osterfest,
Wilkommen lieber Ostertag, der
Heiland der im Grabe lag, enstieg
dem Tode Himlich schön, sahn Ihm die
Engel aufertsehn.
Er liet litt des Lebens herbste not
Er Duldete den bängsten Tod
Nun ruft Er von der Arbeit
aus und Öfnet uns seines Vaters
			Haus.",kade_letters,human
kade_128_p094,kade_128,"Das Wetter war diese Woche
sehr schön, es hat gut getroknet
bis jetzt ist noch keiner aufs
Land, Montag hat Norman
ein Pferd gekauft, es ist
noch keine 6 Jahre Alt, Ist
sehr zahm, ist etwas leichter
den Nellie, musten 125 Dl.
für bezahlen, es ist Braun,
der Mann hat gesagt, wenn
es uns nicht gefält, nimmt Ers
wieder zurück, Norman konnte
aussuchen von acht Pferder, der
Knecht hat beinah geweint. Edna's
Geburts-Tag waren wir, und Lichtenbergs
Du hast keine Schulden bei mich
zu bezahlen, Ich hab diese Woche für
Edna gewaschen. Nun leb wohl
		In Liebe
			Mutter

Ich hab jestern eine Box an Dich geschickt
Schreib mich wie Du das Hemd gleichts, u wie
	waren die Cookies?",kade_letters,human
kade_128_p100,kade_128,"Juneau, Wis.
		April 16, 1941
Dear Lester:
Just a few lines that
your mother is sick she
has the Flu. Had the
Doctor twice will have
him come again to-day.
Hope she will soon be well
again has been in bed
since Saturday I am taking
care of her. I will write again
and let you know how she is.
	Regards from Hilda

				Postmark April 23, 1941",kade_letters,human
kade_128_p102,kade_128,"April 21, 1941.
Dear Lester:
Just a line that Mother is slowly
getting better she is still in bed
and very weak. She will not be
able to write for some time so
you won't have to look for a letter
from her. She received your letter
Monday and was glad to hear from
you. I was with your mother 9
days she is alone at present. We
are moving to the folks house
Sunday. The weather is cold and
have a lot of rain. There has no
seeding been done yet. Write to'
your Mother soon again as she is
always glad to hear from you.
			Hilda.

				Postmark May 1, 1941",kade_letters,human
kade_128_p105,kade_128,"Juneau, Wis.
      April 30 - 1941.

Lieber Sohn!
	Will versuchen ob Ich Schreiben
kann, den Ich bin noch sehr schwach.
die Flue hat mich sehr mit ge=
nommen. Ich bin schon seit letzte
Woche Montag aleine, zwei Tage
ist Tante Em Nachmittags rauf
gekommen u. hat geschirr ge-
waschen, mein Bett gemacht,
u. Haar gekämmt, aber seit
Donnerstag ist Sie nicht gekommen.
Ich war die meeste zeit im Bett.
Doch diese Woche geht es schon etwas
besser, wir waren Charlfreitag Karfreitag
noch zur Kirche, u. Ich hab auch Samstag
Morgen noch gemolken, doch konnte
Ich kein Früh stück mehr Essen,
muste gleich ins Bett, u. hatte solchen
Frost. Sonntag muste dann der
Arzt kommen, Er sagte, the old",kade_letters,human
kade_128_p106,kade_128,"Fashon Fashion Flue, u. ins Bett bleiben
Ich hatte kein Halsweh, keinen
Husten oder Schnupfen, aber meine
Glieder war solch großer
Schmerz, ob einer ein Messer
nimmt u. immer druch durch schneiden thät,
der Arzt sagte, Ich hätte sehr hohes
Fieber, u. mein Kopf war so
schlim, das Hilda beide Thüren
muste zu machen, wenn Norman
ist rein gekommen. Ich hätte Hilda
noch gerne behalten, Sie wolte
aber einpacken, den am Sonntag
sind Sie gemuft, in Onkel Wilhelm
sein Haus, Er hat doch Klugs Haus
gekauft, schon mus es Drei Jahr her
sein, die Familie wo drin
war wolte nicht raus, jetzt
ist der Mann Krank geworden,
Geschwür im Magen, haben Ihm",kade_letters,human
kade_128_p107,kade_128,"Heute nach Madison zum Hospital
genommen, jestern Abend war
Tante Guste, Hilda, u Harry hier,
Ich hab mich auch sehr gefreut, den
es ist so einsam. Norman ist
blos drin zum Essen, es ist sehr
hart für Ihm, alles alein thun
auch das Milch geschirr Waschen,
Er sagt, diese Woche wird
Er noch nicht fertig mit Säen,
Heute hat Er ein Stück fertig auf-
gearbeitet, daß Er Morgen
Säen will, es sieht sehr
aus nach regen, das Land
ist sehr naß, Jestern hat
Er Daisy am die Sämaschine
gehabt, Sie war sehr Müde
am Abend, wir haben noch
Dick, zum aufarbeiten nitmmt
		Norman Ihm",kade_letters,human
kade_128_p108,kade_128,"das Neue Pferd heißt
Babe, Es ist eine Meile
raus, wo Leo wohnt,
es ist ein sehr schönes treues
Pferd, der Mann hat es
selber gebracht, Er hat
zu mich gesagt, wenn es
nicht so ist wie Er sagt,
nimmt ers zurück, u. wir
kriegen das Geld wieder.
der Knecht wolte Weinen
das Er es verkauft hat. die
Zeitung habe Ich bis jetzt noch
nicht gelesen, Der liebe Gott
möge mir bald wieder ganz
gesund machen            In Liebe
wenn es sein Wille Ist                Mutter",kade_letters,human
kade_128_p112,kade_128,"Juneau, Wis.
      May 12 - 1941
Lieber Sohn!
	Zuerst Danke Ich Dir Herzlich
für das Schreib Papier, es ist Heute ge=
kommen, konnte mir garnicht Denken,
was in die Box konnte sein, Ich hab
gedacht, Du hast den Mutter-Tag vergessen.
Du hättest Dir ja auch nicht die unkosten
machen sollen, Hab mich ja sehr zu gefreut.
Nun wie geht es Dir, Fühlst Du schon
besser? Du nimst Dich immer zu viel
vor, so wie Du das für die Zeitung
geschrieben hast, jestern Abend wie
Norman gemolken hat, hab Ich drin
gelesen, daß war doch viel Arbeit,
Ich kann es gut lesen. Ich hab bis
jetzt noch nicht gemolken, den meine
Beine u. Kreutz sind noch so schwach,
mus mich wenn Ich etwas gethan habe,
wieder hin setzen u. ruhen, es geht
schon viel besser, habe doch Samstag können
die Saat Kartoffel Schneiden, Norman
hat Sie Samstag Nachmittag gepflanzt
Spät Kartoffel wollen wir garnicht",kade_letters,human
kade_128_p113,kade_128,"pflanzen, weil wir sehr wenig Essen
Ich kauf dann etwas im Herbst, es ist
immer mit das ausmachen. Garten hab
Ich noch nicht gemacht, sonst Jahrs hab Ich
schon um diese zeit gehackt, s werden
wir wohl keine Erbsen zum 4 July
haben. Edna, Leo, u. die kleinen waren
Samstag Abend hier, Sie waren nach
Horicon zum Arzt, mit dem kleinen,
sein Nabel ist schlimm, Edna hat letzte
Woche für mich gewaschen, Sie haben
das zeug gebracht, Leo muste Sonntag
Arbeiten, Edna hat mich einen Taschentuch
ein Brod u. Fried cakes gebracht. Hib
u. Lorina waren jestern Abend hier.
Ich hab eine Karte, Salz u. Pfeffer u. für
Mehl, es ist ein Set für aufs Ofen shelf
zu stellen. Von Edgar hab Ich nichts gehört,
Sie waren noch nicht hier seit Jan. Hast
Du an seinen Geburts-Tag gedacht? Den
17 May sind es 10 Jahre das Sie Verheiratet
sind, es wird wohl keiner hin gehn.
Ich werd Ihr eine Karte Schicken. Norman
war jestern Abend schon im Bett, wie
Hib kamm, Er war Samstag Abend Fischen
wolte mich Fische geben, aber keinen Schwanz.
Nochmals Danke  Leb wohl  In Liebe
					Ma.

				Postmark May 31, 1941",kade_letters,human
kade_128_p115,kade_128,"Samstag Morgen
Lieber Sohn!
	Haben Deinen
Brief Norman's Geburts-
Tag erhalten, die Box
kamm den nächsten Tag,
Norman Dankt auch viel-
mals, Er hat auch zigaren
von Tante Hu. u. El. Eleonora gekriegt.
Habe Heute keine Zeit
einen Brief zu Schreiben.
wenn kein Besuch
Morgen kommt, werde
Ich Dich alles Schreiben.
Bitte Schreib mich
wann Du Graduiren
thut, den Ich hab es ver=
gessen.  In Liebe  Ma.

				Postmark June 3, 1941",kade_letters,human
kade_128_p118,kade_128,"Juneau, Wis.
      June 2 - 1941
Lieber Sohn!
	Jestern ist das Schreiben nichts
geworden, Wir hatten keinen Besuch, Ich
war zu müde, jestern war der Picknick
u. das 50 Jährige Jubiläum, daß die Kirche
gebaut ist, so gab es wieder ein chicken
dinner, Ich muste auch zwei bringen, u.
Kartoffel Salat. Wir waren nur zur
Kirche, Professor Sitz hat Gepredigt,
Es freut mich sehr, daß Du jetzt
fertig bist, must Du auch eine Rede
machen wenn Du graduirst? oder
ist es da so, wie in Madison? Werdet
Ihr auch alle ein gown anhaben? Thut
Reed auch graduiren? Es thut mir so
Leid, daß Ich nicht kann da sein.
Denn Tag werd Ich mich ganz still
hin setzen, u. den Lieben Gott bitten
das Er Dich möge Führen auf rechter
Straße. Norman's Geburts-Tag, waren
hier Tante Hulda u. Eleonora, die sind
Montag Abend gekommen, Lüdkes,
Lichtenbergs, Hilberts, Ulbrichts,
u Albert B. Herman u. Emil
			Lauersdorfs",kade_letters,human
kade_128_p119,kade_128,"Es war eine schöne Geselschaft, Ich
hab mich sehr gefreut, das Tante u.
Eleonora gekommen sind, Irma war hier
in Haus reinmachen, Nora hat Ihr
geholfen, Oben ist jetzt alles fertig.
Ich hab nicht viel geholfen, den meine
Füße u. Beine sind noch Krank, von
die Flue, Treppen laufen ist sehr hart
für mich, Heute habe Ich gewaschen, u.
dann kamm Edna u. Leo, u. die Drei
kleinen. Raymond hatte Heute keine
Schule, dann hat mich Edna geholfen, war
das aber gut. Leo geht jetzt zur Schule,
von 6 Uhr Abends, bis zwölf oder 1 Uhr
die Nacht, lernt Maschinen Arbeit.
Norman hat Heute das letzte Korn
gepflanzt, ein Stück bei Rohdes,
u. Südlich von die Scheune, u. Östlich
vom Hünerstall, da war der Alfalfa
aus gefroren. Morgen kommt Irma
wieder, dann wollen wir den sitting
room rein machen. Kommst Du nach Hause? Sie
fragen mich alle, geht Andy wieder in Fischen?
Norman war Samstag Nacht nach Beaver Dam
lake. Er hat 8 große Bulheads gekriegt.
Nun leb wohl in Liebe    Ma.

				Postmark June 11, 1941",kade_letters,human
kade_128_p122,kade_128,"Mitwoch Morgen
      den 11 Juni 1941.
Lieber Sohn!
	Ich habe jester Deinen Brief
erhalten, so war Ich richtig mit daß
Graduiren, es haben mich viele ge=
fragt welchen Tag es wäre, weil
Ich jetzt auf den Kalender gesehn
habe, daß der 14 te am Samstag war,
dachte Ich wäre verkehrt. So wirst
Du wieder nach Pen. gehn. Du hast
doch mal geschrieben, Du woltest mir
Bilder Schicken, oder hat noch keiner
welche genommen? Lorina hat hier
bei uns, auch schon lange keine ge=
nommen. Sonntag waren wir bei
Edna zu Mittag, den Leo's Geburts=
tag war den 4 ten am Mitwoch, und
weil Er jetzt zur Abend Schule geht,
war Er ja Abens nicht zu Hause,
darum solten wir Sonntag kommen,
Walter, Elsie, und Darvin hwaren
auch da, Mit Tante Emilie geht es nicht
sehr gut, Sie kann schlecht in die car
			rein, und raus",kade_letters,human
kade_128_p123,kade_128,"Ich soll Dich auch grüßen von Tante Em
u. Onkel Aug, u. Sie Wünschen Dir
viel Glück in der Zukunft. Ich denk
Sie haben sehr gerechnet, daß Du zum
Heuen thäst nach Hause kommen, denn
Tante hat mal zu mich gesagt, dann würde
Norman u. Aug es wohl besser haben, Ich hab
Ihr dann gesagt, Du wärst jetzt keinen
Knochen Arbeit gewohnt. Ich hatte eine
Karte von Nora. Sie Schrieb daß Tante
Louise von La Crosse u. Ada nach Walter
gehn zum Sinatorium, u wenn Sie zurück
gehn, wollen Sie auch ein paar Tage bei
Ihr kommen. Onkel Willie war Montag
hier, Thedor Theodor Christian u. Willard sind nach
Madison gefahren, Frau Christian ist im
Hospital, Onkel Willie lauft auch sehr
erbärmlich, Er sagt Arbeiten kann Er
nicht mehr. Sein Kopf u. Genick ist
sehr schlecht. Heute haben wir einen
sehr kalten Regen, daß Korn ist noch
klein, den die letzte zeit waren die
Nächte immer kalt. Wie Leid thut es mir
das Ich Samstag nicht dann da sein. Nun dem
lieben Gott befohlen.  In Liebe
				Mutter.

				Postmark June 19, 1941",kade_letters,human
kade_128_p126,kade_128,"Juneau, Wis.
      June 18 - 1941
Lieber Sohn!
	Das Bild ist Heute gekommen.
Danke auch vielmals, Es ist sehr schön,
aber du siehst fremd aus, mit den
Schnur bart, es ist gut, daß Du ein
Bild hast nehmen lassen, daß Du
jetzt fertig bist, der Brief kamm
schon jestern, Es war ein surprise
das Du jetzt ein car hast, nun fahre
auch nicht zu schnell, denn hier sind
viele verunglückt, die meesten
bei Beaver Dam, es wird wohl besser
gehn als ein zwei Rad. Wir waren
für jestern Abend eingeladen für ein
shower, Walter Schliewe u. Mona Koch,
daß ist doch Irma's Bruder, es war
in Hustisford Hall, Norman war hin,
Norman sagt es waren sehr viele da.
Einen Abend diese Woche wollen wir
nach Tante Hulda gehn, Tante Louise
u. Ada von La Crosse sind da, Sie
waren nach Walter zum Sinatorium",kade_letters,human
kade_128_p127,kade_128,"Wir werden bei Tante Hulda bleiben
bis Sonntag. Bis jetzt sind Sie noch
beim Heuen, wollen jetzt
anfangen, der Alfalfa hier beim
Haus ist sehr groß. Hast Du die Karte
nicht gekriegt wo Ich Dich geschickt
habe? u. Edna wolte Dich ja auch
eine Schicken. Wie lange hat es Dich
genommen nach Pen. zu Fahren?
hat Reed eine Stelle gekriegt?
Winfred u. Ruth werden nach Ihre
Heimat gehn, ob Ruth noch Ihre Car
hat? Norman hat gewundert ob
Arnold auch schon geheiratet hat.
Hast Du schon wieder was von den
Windbeutel gehört? daß meint Penny.
Leo u. Edna kommen auch nicht oft,
Raymond ist jetzt bei Edwin Benneditz
ob Er wohl den Sommer wird aushalten.
La Mar ist nicht gekommen, den Vic war
Furchbar bockig wie Sie hier waren,
u. nachher hat Sie einen Dreckigen Brief
an mich geschrieben. Nun leb wohl
		In Liebe, Mutter.

				Postmark June 26, 1941",kade_letters,human
kade_128_p130,kade_128,"Juneau, Wis.
      June 25 - 1941
      	6 O'clock A.M.
Lieber Sohn!
      Ich hatte letzte Woche meinen Brief
nach Pillow geschickt, wenn Du dahin
kommst, kanst Du ja für fragen.
Also mit die Car war es nicht so gut,
aber die Olds bin Ich so satt, von
unsere, nun Sie werden ja alle
bockig, unsere wolte diesen Winter
auch nicht anfangen, dann hat Norman
einen Spark plus lassen rein thun,
dann war es all right. Jetzt ist
Onkel u. Norman fleiszig beim Heuen,
Sie sind bei Onkel, werden Heute
da fertig mit dem Alfalfa, Norman
hat jestern Morgen schon hier was
geschnitten, es ist jetzt sehr Heiß hier,
es ist zu schlim für mich. Ich hatte
letzte Woche Donnerstag, einen schlimmen
Schwindelanfall, zum Glück war Norman
hier draußen, es pazirte mich in die
Speise Kammer, so bin Ich nach die portch
raus gekrochen, u. hab gerufen, Norman",kade_letters,human
kade_128_p131,kade_128,"hat mich dann ins Bett geholfen,
u. hat den Arzt gerufen, Er ist dann
nach Irma, u. die ist auch mit gekommen.
Ich solte den Tag im Bett bleiben.
Von mein Blut war es nicht, der
Arzt meint, es wär von zu hart Arbeiten,
doch jetzt fühl Ich wieder zimlich gut,
den Ich war immer noch schwach, von die
Flue, Ich hab jetzt Medezin, u. die
scheint gut zu sein, Irma war dann
Freitag noch hier, u. Dinstag für Waschen
jestern hab Ich gebügelt. Dinstag hat
Pastor Nammensen geheiratet, es ist
eine Schul Lehrerin von Mil. es war
ja auch hart für Ihm aleine zu sein,
wenn Carl auch fort geht. Sonntag
waren Köhlers hier, auch Edna u. Leo,
der kleine Ranold ist sehr groß, Er wiegt
schon 15 lb. Wir waren Samstag Abend nach
Tante Hulda, Tante Louise wiegt blos 98 1/2 lb,
Sie ist noch ganz flink, diese Woche wolten
Sie nach Hause. Sie wären wohl auch gekommen
aber mit mich ist ja der Besuch nicht sehr gut.
Nun leb wohl   In Liebe Mutter

				Postmark July 3, 1941",kade_letters,human
kade_128_p133,kade_128,"Thursday A.M.
Lieber Sohn!
      Dein Brief kamm
jestern, weil Ich sehr be=
schäftigt bin, Ich hab Heute
Morgen im Garten gehackt,
u. nun mus Ich Mittag
machen, den Sie Heuen hier,
wir hatten noch keine
Hilfe, Onkel ist ein Fas so
wie immer, Er sagt Er
fühlt gut, Leo wird Samstag
kommen, Sie waren jestern
Abend hier. Es wird wohl
noch nächste Woche nehmen
mits Heu. Daß Korn ist noch
nicht alles gekoltert. Ich
Freue mich schon das Du
bald kommst. Arbeite Du
auch nicht zu hart.
In Liebe Mutter.

				Postmark July 10, 1941",kade_letters,human
kade_128_p136,kade_128,"Juneau, Wis.
      July 10 - 1941

Ich werd die Karte mit
Schicken, kamm Dinstag

Lieber Sohn!
      Es ist Heute sehr heiß, letzte
Nacht, hat es ein wenig geregnet,
jetzt ist es zehn Uhr, und nun Staubt
es schon wieder in die road, der
Schwitzt rolt meinen Puckel runter.
die letzte Woche war es alle Tage heiß
die Lawn ist braun, die Gerste wird
jetzt gelb, nächste Woche wird Sie
wohl müssen geschnitten werden,
Wir sind Montag Dinstag fertig geworden
mit Heuen, noch einen halben Tag
bei Onkel, jestern Nachmittag waren
Blums alle Drei auch da u. haben
geholfen, wollen auch Heute Nachmittag
kommen, Sie haben seit den 1 July einen
Jungen von 15 Jahr, Norman sagt Er
ist Stark, wiegt nur acht Pfund
weniger den Heinrich. Dinstag war
Irma hier u. hat mich geholfen beim
      Waschen, Norman hat ja",kade_letters,human
kade_128_p137,kade_128,"so viel Arbeit, u. Sie kann die
Maschine anstellen, Ich hab mein bestes
versucht, kann Sie nicht im gang bringen.
Jestern hab Ich zwei Stunden Distel
gehackt früh Morgens, u. dann Beeren
eingemacht, Ich hab zwölf qt. gekauft.
Erdbeeren hab Ich nicht gekriegt, Max
Goetch hatten mir versprochen, dann
wurde es so Trocken, daß Sie keine
mehr hatten. daß mus sehr schön
aus sehn mit alle die Hühner, daß ist
aber auch viel Arbeit, thuen die Frauens
das besorgen? Die Berge wären wohl
nichts für mich, wir waren den 29ten June
nach Hib, dann war Ich so schwindlig, daß
Sie mich musten anfassen, von das Fahren.
Hib hat auch keine Hilfe, Vater Bosin
war einen Tag da beim Heuen, Miller
solte hier corn koltern mit den Tra.
den 4 ten waren Ich bei Edna, Beaver Dam
hat groß gefeiert, es besteht 100 Jahr, Ich bin
mit Walter hin, Tante Hulda u. Nora waren
bei Lichtenbergs, sind dann auch mit, es war
ein großer Umzug, sogar Paul Nickels
waren da. Nun leb wohl  In Liebe
      Mutter

				Postmark July 17, 1941",kade_letters,human
kade_128_p140,kade_128,"Juneau, Wis.
      July 17 - 1941.
Lieber Sohn!
      Dein Brief kamm Dinstag.
wolte auch jestern Abend Schreiben,
war aber zu müde, dann Schlaf
Ich ein beim Schreiben, es ist auch
Abens spät wenn Ich rein komme
Melken thue Ich blos zwei Kühe,
wir haben nur wenig Milch,
den in die Weide ist das Futter
sehr knap, Norman Futtert jetzt
Insalage. Heute will Norman
Gerste abschneiden, es sieht sehr
aus nach Regen, es ist Furchbar
Trocken hier. Sonntag war der
große Käse macher Picknick in
Juneau, dann hat sich Edwin Benne-
ditz Knecht das Bein gebrochen,
Leo helft jetzt Nachmittags
Getreide aufsetzen, Raymond fahrt
den tractor u. alte Ed den Binder",kade_letters,human
kade_128_p141,kade_128,"der Knecht war besoffen, es
weis keiner, wie's pasirt ist.
zwei Uhr Nachts, hat Heath auf
gerungen, Er hat ihm nach Beaver
Dam zum Hospital genommen.
Sonntag Abend waren wir nach
Lichtenberg's, es war Darrin's
Geburts-Tag, mit Tante Emilie
geht es sehr langsamm, Ihr Bein
ist immer noch schlim, wie es scheint
ist keine Hilfe für. Daß mus
wohl Furchbar gewesen sein
unter die Arbeiter, hast Du was
gehört, ob welche Gestorben sind?
Montag Abend war Schul meeting
da haben Sie auch gestritten, Norman
war mit Albert hin gefahren, um
11 Uhr kamm Er nach Haus gelaufen, Schulz
wolte $200.00 haben seine Kinder
zu Fahren, haben es Ihm nicht bewilligt.
      Nun leb wohl
        In Liebe
      Mutter

				Postmark January 15, 1942",kade_letters,human
kade_128_p144,kade_128,"Juneau, Wis.
      Jan. 15 - 1942.
Lieber Sohn!
      Bist Du so Krank geworden
das Du nicht Schreiben konntest? Du
bist wohl wieder ohne Unter Hemd
gegangen, Ich hab doch jestern keinen
Brief von Dir gekriegt. Albert ist
noch nicht hier für die Milch, so will
Ich schell Schreiben, den Morgen geh
Ich nach Hilbert in schlachten, oder
vielmehr Wurst machen, den jestern
haben Sie geschlachtet, u. Heute will
Er die Schweine entzwei machen.
Hilda wird mit kommen, Norman
mus uns hin Fahren, wenn blos
das Wetter gut ist, den es sind
Schnee bänke zehn Fuß hoch, letzte ganze
Woche war eine Furchbare Kälte,
es war bis 30 unter Null, Sonntag
wurde es dann gelinder, u. bis jetzt
war es jeden Tag Schön, es hat sogar
auf die Dächer etwas gethaut. Hib
u Lorina auch Elaine waren Dinstag
Abend hier, Elaine war ganz aufgeregt",kade_letters,human
kade_128_p145,kade_128,"es war ein Hase im Sched, u. da hat
Sie sich so sehr gefreut. Von Edna
haben wir noch nichts gehört, seit den
Sonntag wie wir hin waren.
letzte Woche Freitag haben Blums Ihr
Stier geschlachten, Tante Em u. Ich
musten ja wieder die Därme rein
machen. Albert hat Norman gefragt
ob Ich helfen könnte, sonst solte Annie
helfen, daß war aber sehr fett, Sie
haben uns ein Stück gegeben, da hatten
wir zwei mal Beef staek, u. heute
will Ich daß andre kochen. Wir hatten
noch ein staeck was so mürbe war
man konnte es mit die Gabel schneiden.
Ich hab bis jetzt noch nicht gemolken
jetzt sind noch wieder zwei frisch
Melk, daß schwarze Heifer, u. die Schlägte
furchbar, die hat ein Heifer Kalb, sind jetzt
zwei, daß ist wirklich zu wenig zum
aufziehn, jetzt mus Ich aber bald anfangen, denn
es nimt Norman zu lange. Es war doch zu
Schön, dass Du Weihnachten zu Hause warst, daß beste
      geschenk. Nun leb wohl In Liebe
      Mutter",kade_letters,human
survey_001_p0002,survey_001,"Subdivisions of
Township No 41
North; Range No 1
West of 4th
Principal Meridian
Wisconsin
Commenced July 13th, 1858
Finished July 18th, 1858
By
Hiram C. Fellows
Deputy Surveyor",survey_notes,human
survey_001_p0003,survey_001,"Township 41 North Range 1
Compared and measuring
chain with standard,
found it correct
Beginning at corner to
Sections 25 and 36 re=
=traced East side of
Section 36, running South
Variation 6° 30' East
40.08 Intersect 15 links West of
quarter Section corner.
80.20 Intersect 25 links West
of Township corner.
Thence retraced South side
of Section 36
Variation 6° 30' East
40.18 Intersect 20 links North
of quarter Section post
80.35 Intersect 36 links
North of corner to
Sections 35 and 36
July 13th, 1858.
West of 4th Principal Meridian
Chain North between Sections
35 and 36
Variation 7° East
40.00 Set quarter Section post
Hemlock 10 S 43 E 25 links
Birch 9 N 62 W 38 links
80.00 Set post corner to Sections
25. 26. 35. and 36
Sugar 12 N 28 W 29 links
Sugar 9 S 49 E 48 links
Surface rolling
Soil 3d Rate
Timber Sugar, Hemlock,
Birch & Elm
Undergrowth Hazle.",survey_notes,silver_claude
survey_001_p0004,survey_001,"Township 41 North Range 1
Chain East Random between
Sections 25 and 36
Variation 7° East
80.25 Intersect Meridian line
75 links South of post.
West corrected between
Sections 25 and 36
Variation 7° 32' East
20.00 Enter Tamarac Swamp
bears North & South
40.12½ Set quarter Section post
Tamarac 9 S 70 W 10 links
Tamarac 12 N 63 E 15 links
60.00 Leave Swamp bears N E
Unfit for Cultivation
80.25 Section Corner
Surface Level
Soil 3d Rate
Timber Tamarac Birch
& Hemlock
West of 4th Principal Meridian
Chains North between Sections
25 and 26
Variation 7° East
40.00 Set quarter Section post
Sugar 14 N 18 E 75 links
Elm 9 S 28 W 50 links
45.00 Enter Tamarac Swamp
bears N W.
75.00 Leave Same bears S E
Unfit for Cultivation
80.00 Set post corner to Sections
23. 24. 25 and 26
Birch 10 N 72 W 15 links
Birch 6 S 56 E 25 links
Surface Level
Soil Worthless
Timber Sugar Hemlock
Tamarac & Birch
Undergrowth Hazle",survey_notes,silver_claude
survey_001_p0005,survey_001,"Township 41 North, Range 1
Chains East Random between
Section 24 and 25
Variation 7° East
79.80 Intersect Meridian line
40 links South of post.
West corrected between
Sections 24 and 25
Variation 7° 17' East
39.90 Set quarter Section post
Birch 7 N 40 E 36 links
Sugar 9 N 79 W 50 links
79.80 Section Corner
Surface Rolling
Soil 2nd Rate
Timber Birch Sugar
Hemlock & Elm
Undergrowth Hazle
West of 4th Principal Meridian
Chains North between Sections
23 and 24
Variation 7° East
25.50 Enter Tamarac Swamp
bears N E.
40.00 Set quarter Section post
Tamarac 12 S 18 W 5 links
Tamarac 9 N 20 E 8 links
65.00 Leave Swamp bears N E
Unfit for Cultivation
80.00 Set post corner to Sections
13. 14. 23. and 24
Elm 11 N 40 W 27 links
Fir 9 S 20 E 15 links
Surface Rolling
Soil 3d Rate
Timber Tamarac, Birch,
Lind & Fir
Undergrowth Hazle",survey_notes,silver_claude
survey_001_p0006,survey_001,"Township 41 North, Range 1
Chains East Random between
Sections 13 and 24
Variation 7° East
79.95 Intersect Meridian line
50 links North of post
West corrected between
Sections 13 and 24
Variation 6° 26' East
25.00 Leave Tamarac Swamp
bears N E. - Unfit for Cultivation
39.97½ Set quarter Section post
Hemlock 18 N 64 W 60 links
Hemlock 6 S 34 E 18 links
79.95 Section Corner
Surface Rolling
Soil 3d Rate
Hemlock, Birch, Sugar
& Tamarac
Undergrowth Hazle
West of 4th Principal Meridian
Chains North between Sections
13 and 14
Variation 7° East
37.00 Enter Spruce Swamp bears
N E
40.00 Set quarter Section post
Spruce 7 N 5 W 7 links
Tamarac 8 S 30 E 11 links
50.00 Leave Swamp bears S E
Unfit for Cultivation
80.00 Set post corner to Sections
11. 12. 13 & 14
Elm 10 S 62 W 38 links
Birch 12 N 63 E 30 links
Surface level, Soil 3d.
Rate, Timber Tamarac
Birch Hemlock & Elm
Undergrowth Hazle",survey_notes,silver_claude
survey_001_p0007,survey_001,"Township 41 North, Range 1
Chains East Random between
Sections 12 and 13
Variation 7° East
79.75 Intersect Meridian line
50 links North of post
West corrected between
Sections 12 & 13
Variation 6° 39' East
32.00 Leave Spruce Swamp
bears N E, Unfit for Cultivation
39.87½ Set quarter Section post
Hemlock 10 N 21 E 9 links
Hemlock 12 S 30 W 12 links
79.75 Section Corner
Surface Rolling
Soil 3d Rate
Timber Hemlock, Birch &
Spruce
Undergrowth Hazle
West of 4th Principal Meridian
Chains North between Sections
11 and 12
Variation 7° East
40.00 Set quarter Section post
Sugar 9 S 51 W 20 links
Sugar 8 N 40 E 38 links
43.00 Enter Cedar Swamp bears
S E, Unfit for Cultivation
80.00 Set post corner to Sections
1. 2. 11 & 12
Cedar 7 N 18 W 10 links
Spruce 7 S 29 E 8 links
Surface Level;
Soil 3d Rate
Timber Cedar Spruce
Hemlock Sugar &
Birch
Undergrowth Hazle",survey_notes,silver_claude
survey_001_p0008,survey_001,"Township 41 North, Range 1
Chains East Random between
Sections 1 and 12
Variation 7° East
80.10 Intersect Meridian line
75 links North of post
West corrected between
Sections 1 and 12
Variation 6° 24' East
40.05 Set quarter Section post
Fir 6 S 18 W 30 links
Elm 10 N 48 E 10 links
70.00 Enter Cedar Swamp bears
N E Unfit for Cultivation
80.10 Section Corner
Surface level
Soil 3d Rate
Timber Cedar, Spruce,
Hemlock & Birch
West of 4th Principal Meridian
Chains North Random between
Sections 1 and 2
Variation 7° East
81.00 Intersect North Boundry
85 links East of post
South corrected between
Sections 1 and 2
Variation 7° 36' East
41.00 Set quarter Section post
Spruce 6 S 41 E 10 links
Cedar 7 N 65 W 13 links
81.00 To Section corner
Surface Level
Soil Worthless
Timber Cedar Spruce
& Tamarac
July 13th, 1858",survey_notes,silver_claude
survey_001_p0009,survey_001,"Township 41 North Range 1
Chains Compared measuring chain
with standard & found it correct
North between Sections
34 and 35
Variation 7° East
40.00 Set quarter Section post
Fir 9 N 27 W 10 links
Cedar 7 S 15 E 9 links
46.50 Leave Cedar swamp bears
East & West, Unfit for Cultivation
80.00 Set post corner to Sections
26. 27. 34 & 35
Elm 9 N 28 E 27 links
Birch 7 S 18 W 6 links
Surface level
Soil 3d Rate
Timber Cedar Hemlock
Birch Elm & Fir
Undergrowth Hazle
West of 4th Principal Meridian
Chains East Random between
Sections 26 & 35
Variation 7° East.
79.50 Intersect North & South line
25 links South of post.
West corrected between
Sections 26 & 35
Variation 7° 11' East
28.00 Enter Cedar Swamp bears
N E.
39.75 Set quarter Section post
Cedar 7 N 10 E 20 links
Tamarac 8 S 19 W 16 links
43.00 Leave Swamp bears N E
Unfit for Cultivation
79.50 To Section Corner
Surface Rolling
Soil 3d Rate
Timber Cedar, Hemlock,
& Sugar",survey_notes,silver_claude
survey_001_p0010,survey_001,"Township 41 North, Range 1 West of 4th Principal Meridian
Chains North between Sections
26 and 27
Variation 7° East
20.00 Enter Tamarac Swamp
bears NW
38.00 Leave same bears SE
Unfit for Cultivation
40.00 Set quarter Section post
Sugar 8 N 49 W 9 links
Sugar 7 S 46 E 15 links
80.00 Set post corner to
Sections 22. 23. 26 & 27
Ironwood 6 S 40 W 9 links
Ironwood 7 N 45 W 15 links
Surface Rolling
Soil 3d Rate
Timber Sugar Birch
Hemlock & Ironwood
Chains East Random between
Sections 23 and 26
Variation 7° East
80.25 Intersect North & South
line 10 links South of post
West corrected between
Sections 23 and 26
Variation 7° 34' East
7.50 Enter cedar Swamp bears
North and South
18.50 Leave Same bears North &
South - Unfit for Cultivation
30.00 Enter cedar Swamp bears SE
31.00 Leave same bears S E.
Unfit for Cultivation
40.12½ Set quarter Section post
Sugar 10 S 15 E 14 links
Sugar 8 N 30 W 15 links
80.25 Section Corner
Surface Level
Soil 3d Rate
Timber Cedar Sugar &
Hemlock",survey_notes,silver_claude
survey_001_p0011,survey_001,"Township 41 North, Range 1 West of 4th Principal Meridian
Chains North between Sections
22 and 23
Variation 7° East
40.00 Set quarter Section Post
Sugar 8 N 55 E 25 links
Hemlock 10 S 24 W 26 links
80.00 Set post corner to Sections
14. 15. 22 & 23
Elm 8 N 18 E 25 links
Birch 7 S 5 W 28 links
Surface level;
Soil 3d Rate
Timber Hemlock Sugar
Birch & Elm
Chains East Random between
Sections 14 and 23
Variation 7° East
79.90 Intersect North & South line
22 links South of post.
West corrected between
Sections 14 & 23
Variation 7° 9' East
10.00 Enter Tamarac Swamp
bears N E.
38.00 Leave same bears N E.
Unfit for cultivation
39.95 Set quarter Section post
Birch 9 N 35 E 18 links
Hemlock 10 S 15 W 25 links
79.90 Section Corner
Surface Rolling
Soil 3d Rate
Timber Sugar Hemlock
Birch & Tamarac
Undergrowth Hazle",survey_notes,silver_claude
survey_001_p0012,survey_001,"Township 41 North, Range 1 West of 4th Principal Meridian
Chains North between Sections
14 and 15
Variation 7° East
40.00 Set quarter Section post
Sugar 8 N 15 E 20 links
Lind 7 S 29 W 10 links
80.00 Set post corner to
Sections 10. 11. 14 & 15
Birch 12 S 5 E 26 links
Hemlock 9 N 15 W 12 links
Surface Rolling
Soil 3d Rate
Timber Hemlock Sugar
Birch & Lind
Chains East Random between
Sections 11 and 14
Variation 7° East
80.10 Intersect North & South line
25 links North of post
West corrected between
Sections 11 and 14
Variation 6° 49' East
38.00 Enter Cedar Swamp bears SE
40.05 Set quarter Section post
Tamarac 8 N 50 W 11 links
Cedar 10 S 45 E 121 links
65.00 Leave Swamp bears S E.
Unfit for Cultivation
80.10 Section Corner
Surface level
Soil 3d Rate
Timber Hemlock Cedar
Birch & Tamarac",survey_notes,silver_claude
survey_001_p0013,survey_001,"Township 41 North Range 1 West of 4th Principal Meridian
Chains North between Sections
10 and 11
Variation 7° East
40.00 Set quarter Section post
Elm 8 N 15 E 25 links
Sugar 10 S 49 W 40 links
80.00 Set post corner to
Sections 2. 3. 10 and 11
Sugar 9 N 18 W 30 links
Sugar 8 S 40 E 40 links
Surface Level
Soil 2nd Rate
Timber Hemlock Sugar
Birch & Elm
Chains East Random between
Sections 2 & 11
Variation 7° East
80.00 Intersect North & South
line 50 links North of post
West corrected between
Sections 2 & 11
Variation 6° 39' East
40.00 Set quarter Section post
Cedar 6 N 62 E 4 links
Tamarac 7 S 43 W 10 links
60.00 Leave Cedar Swamp bears
N E. Unfit for cultivation
80.00 Section Corner.
Surface level
Soil worthless
Timber Cedar Tamarac
Birch Hemlock &
Sugar",survey_notes,silver_claude
survey_001_p0014,survey_001,"Township 41 North Range 1 West of 4th Principal Meridian
Chains North Random between
Sections 2 & 3
Variation 6° 30' East
80.25 Intersect North Boundary
85 links East of post.
South corrected
between Sections 2 & 3
Variation 7° 6' East
40.25 Set Quarter Section Post
Fir 6 N 17 E 5 links
Elm 8 S 64 W 10 links
64.12 Creek 25 links wide
runs S W.
80.25 Section Corner
Surface level
Soil 2nd Rate
Timber Hemlock Sugar
Fir & Elm
Undergrowth Hazle
July 15th, 1858
Chains North between Sections
33 and 34
Variation 7° East
22.00 Leave Spruce Swamp
bears S W. Unfit for cultivation.
40.00 Set quarter Section post
Hemlock 7 N 68 E 7 links
Fir 9 S 73 W 25 links
50.00 Enter Cedar Swamp bears
S W.
70.00 Leave Same bears S W.
Unfit for Cultivation.
80.00 Set post corner to Sections
27. 28. 33 & 34
Birch 9 S 19 E 46 links
Berch 8 N 43 W 30 links
Surface Level
Soil 3d Rate
Timber Cedar Spruce
Hemlock Birch & Sugar
Undergrowth Hazle",survey_notes,silver_claude
survey_001_p0015,survey_001,"Township 41 North, Range 1
Chains East Random between
Sections 27 & 34
Variation 6° 30' East
79.80 Intersect North & South
line 95 links South of post.
West corrected between
Sections 27 & 34
Variation 7° 11' East
6.50 Enter Spruce Swamp
bears S W.
39.90 Set quarter Section post
Spruce 7 N 10 E 6 links
Spruce 6 S 24 W 10 links
47.50 Leave Swamp bears S W.
Unfit for Cultivation
79.80 Section corner
Surface level
Soil 3d Rate
Timber Spruce Sugar
Hemlock & Birch
West of 4th Principal Meridian
Chains North between Sections
27 and 28
Variation 7° East
5.00 Enter Cedar Swamp
bears S W.
35.00 Leave Same bears N E.
Unfit for Cultivation
40.00 Set quarter Section post
Sugar 8 S 63 E 10 links
Hemlock 10 N 30 W 18 links
80.00 Set post corner to Sections
21. 22. 27 & 28
Hemlock 8 S 79 W 6 links
Cedar 10 N 76 E 18 links
Surface Rolling
Soil 3d Rate
Timber Hemlock Sugar
Birch & Cedar
Undergrowth Hazle",survey_notes,silver_claude
survey_001_p0016,survey_001,"Township 41 North, Range 1
Chains East Random between
Sections 22 & 27
Variation 7° East
80.10 Intersect North & South line
at post
West corrected between
Sections 22 & 27
Variation 7° East
40.05 Set quarter Section post
Elm 10 S 10 E 14 links
Birch 14 N 45 E 10 links
80.10 Section corner
Surface Rolling
Soil 3d Rate
Timber Hemlock
Birch Sugar & Elm
West of 4th Principal Meridian
Chains North between Sections
21 and 22
Variation 7° East
2.00 Enter Cedar Swamp bears
East & West
35.00 Leave same bears East & West
Unfit for Cultivation
40.00 Set quarter Section post
Hemlock 10 S 64 E 6 links
Birch 9 N 54 W 10 links
52.50 Creek 40 links wide
runs S W. High banks
Sandy Soil
80.00 Set post corner to Sections
15. 16. 21 and 22
Hemlock 6 N 77 E 10 links
Sugar 6 S 74 W 15 links
Surface Rolling
Soil 3d Rate
Timber Hemlock
Sugar Birch & Cedar
Undergrowth Hazle",survey_notes,silver_claude
survey_001_p0017,survey_001,"Township 41 North, Range 1
Chains East Random between
Sections 15 & 22
Variation 7° East
80.00 Intersect North & South
line 50 links North of
post
West corrected between
Sections 15 & 22
Variation 6° 39' East
20.00 Enter Spruce Swamp
bears S E.
40.00 Set quarter Section post
Fir 10 S 40 E 10 links
Spruce 8 N 36 W 9 links
72.50 Leave Swamp bears N E
Unfit for Cultivation
75.10 Creek 50 links wide
runs S W.
80.00 Section corner
Surface Level
Soil Worthless
Timber Spruce Hemlock
& Birch
West of 4th Principal Meridian
Chains North between Sections
15 and 16
Variation 7° East
40.00 Set quarter Section post
Birch 20 N 57 W 9 links
Birch 24 S 43 E 20 links
80.00 Set post corner to
Sections 9. 10. 15 & 16
Hemlock 8 N 45 E 26 links
Hemlock 6 S 50 W 20 links
Surface Rolling
Soil 2nd Rate
Timber Hemlock Birch
Sugar & Elm
Undergrowth Hazle",survey_notes,silver_claude
survey_001_p0018,survey_001,"Township 41 North Range 1
Chains East Random between
Sections 10 & 15
Variation 7° East
80.00 Intersect North & South
line 40 links South
of post
West corrected between
Sections 10 & 15
Variation 7° 17' East
40.00 Set quarter Section post
Hemlock 9 S 35 E 39 links
Sugar 10 N 30 W 8 links
53.10 Creek 65 links wide
runs S W. High banks
80.00 Section corner
Surface Rolling
Soil 2d Rate
Timber Sugar Hemlock
Lind & Birch
Undergrowth Hazle
West of 4th Principal Meridian
Chains North between Sections
9 and 10
Variation 7° East
37.00 Enter Tamarac Swamp
bears S W
40.00 Set quarter Section post
Tamarac 8 N 44 W 50 links
Tamarac 10 S 42 E 25 links
57.00 Leave Swamp bears
N E - Unfit for Cultivation
80.00 Set post corner to
Sections 3. 4. 9. and 10
Sugar 8 N 45 W 44 links
Sugar 7 S 62 E 27 links
Surface Rolling
Soil 2d Rate
Timber Sugar
Hemlock & Birch
Tamarac & Lind
Undergrowth Hazle",survey_notes,silver_claude
survey_001_p0019,survey_001,"Township 41 North, Range 1
Chains East Random between
Sections 3 & 10
Variation 7° 20' East
80.00 Intersect North & South
line 65 links North
of post
West corrected between
Sections 3 & 10
Variation 6° 52' East
37.25 Creek 30 links wide runs
S W. High banks
40.00 Set quarter Section post
Sugar 12 N 63 E 40 links
Sugar 10 S 41 W 33 links
80.00 Section corner
Surface level
Soil 2d Rate
Timber Sugar Hemlock
Birch & Lind
Undergrowth Hazle
West of 4th Principal Meridian
Chains North Random between
Sections 3 and 4
Variation 7° East
80.25 Intersect North Boundary
25 links East of post
South corrected
between Sections 3 & 4
Variation 7° 11' East
40.25 Set quarter Section post
Birch 6 N 7½ E 10 links
Balsam 7 S 41 W 20 links
80.25 Section corner
Surface Rolling
Soil 2d Rate
Timber Hemlock
Sugar Birch & Fir
Undergrowth Hazle
July 15th 1858.",survey_notes,silver_claude
survey_001_p0020,survey_001,"Township 41 North, Range 1
Chains West on true line between
Sections 28 and 33
Variation 7° East
16.00 Enter Cedar Swamp
bears S W.
35.00 Leave Same bears S W
Unfit for Cultivation
40.00 Set quarter Section post
Hemlock 8 S 61 E 5 links
Fir 7 N 46 W 25 links
43.00 Enter Cedar Swamp bears
N W. Unfit for Cultivation
68.40 Creek 50 links wide runs
South
80.00 Set post corner to Sections
28. 29. 32 & 33
Alder 6 S 40 W 5 links
Alder 7 N 10 E 6 links
Surface level
Soil Worthless
Timber Cedar Hemlock
Tamarac
Undergrowth Alder
West of 4th Principal Meridian.
Chains South on true line
between Sections 32 & 33
Variation 7° East
18.30 To Lake & Set Meander
post
Balsam 8 N 20 W 40
Alder 5 N 28 E 5
40.00 Quarter corner in Lake
80.00 Surface level; Soil
Unfit for Cultivation.
Timber Cedar. Under-
growth Alder.",survey_notes,silver_claude
survey_001_p0021,survey_001,"Township 41 North, Range 1
Chains North between Sections
28 and 29
Variation 7° East
15.70 Stream 45 links wide
runs S E. low banks
muddy Soil bed
39.00 Leave Alder Swamp
bears N E Unfit for Cultivation
40.00 Set quarter Section post
Fir 9 N 16 W 10 links
Birch 7 S 22 E 19 links
80.00 Set post corner to
Sections 20 2120. 21 28 & 29
Fir 7 N 18 E 10 links
Fir 6 S 63 W 18 links
Surface level,
Soil 3d Rate
Timber Fir Hemlock
Birch & Sugar
Undergrowth Alder
& Hazle
West of 4th Principal Meridian
Chains East Random between
Sections 21 and 28
Variation 7° East
80.00 Intersect North & South
line 40 links North of post.
West corrected between
Sections 21 & 28
Variation 6° 43' East
37.00 Creek 50 links wide
runs S W.
40.00 Set quarter Section post
Fir 9 N 71 E 40 links
Fir 8 S 69 W 75 links
80.00 Section corner
Surface Rolling
Soil 3d Rate
Timber Hemlock
Sugar Fir & Birch
Undergrowth Hazle.",survey_notes,silver_claude
survey_001_p0022,survey_001,"Township 41 North, Range 1
Chains North between Sections
20 & 21
Variation 7° East
10.00 Enter Cedar Swamp
bears N E.
36.00 Leave Same bears S W.
Unfit for Cultivation
40.00 Set quarter Section post
Hemlock 8 S 41 W 25 lks
Sugar 10 N 8 E 75 links
80.00 Set post corner to
Sections 16. 17. 20 & 21
Ironwood 6 S 54 W 12 lks
Birch 24 N 54 E 20 lks,
Surface Rolling
Soil 3d Rate
Timber Hemlock
Birch Sugar &
Lind
Undergrowth Hazle
West of 4th Principal Meridian
Chains East Random between
Sections 16 and 21
Variation 6° 50' East.
79.78 Intersect North & South
line at post
West corrected between
Sections 16 and 21
Variation 6° 50' East
21.00 Enter Cedar Swamp
bears North & South
26.50 Leave Same bears North & South
Unfit for Cultivation
39.89 Set quarter Section post
Birch 10 S 22 E 5 links
Sugar 14 N 10 E 28 links
47.50 Enter Cedar Swamp
bears N W
69.50 Leave Same bears S E
Unfit for Cultivation
79.78 Section corner
Surface Level; Soil
3d Rate, Timber Cedar
Birch Sugar & Hemlock",survey_notes,silver_claude
survey_001_p0023,survey_001,"Township 41 North Range 1
Chains North between Sections
16 and 17
Variation 7° East
40.00 Set quarter Section
post
Sugar 8 N 23 W 20 links
Elm 9 S 21 E 30 links
80.00 Set post corner to
Sections 8. 9. 16 and 17
Elm 9 S 70 E 30 links
Hemlock 18 N 65 W 49 lks.
Surface level,
Soil 3d Rate
Timber Hemlock
Sugar Birch & Elm
West of 4th Principal Meridian
Chains East Random between
Sections 9 and 16
49.95 Variation 7
79.75 Intersect North & South
line 28 links South of post
West corrected between
Sections 9 and 16
Variation 7° 10'12' East
30.00 Enter Tamarac Swamp
bears N E
39.87½ Set quarter Section post.
Tamarac 6 N 72 E 6 links
Tamarac 7 S 29 W 18 links
71.50 Leave Swamp bears N E
Unfit for Cultivation
79.75 Section corner
Surface Level
Soil 3d Rate
Timber Tamarac
Hemlock & Sugar",survey_notes,silver_claude
survey_001_p0024,survey_001,"Township 41 North, Range 1
Chains North between Sections
8 and 9
Variation 7° East
40.00 Set quarter Section post
Hemlock 18 N 17 E 40 links
Hemlock 20 S 60 E 31 links
75.00 Enter Spruce Swamp
bears N E. Unfit for Cultivation
80.00 Set post corner to
Sections 4. 5. 8 & 9
Spruce 7 S 6 E 7 links
Spruce 6 N 20 W 8 links
Surface Rolling
Soil 3d Rate
Timber Hemlock,
Birch, Sugar, Lind,
& Spruce
West of 4th Principal Meridian
Chains East Random between
Sections 4 & 9
Variation 7° East
79.50 Intersect North & South
line 40 links North of
post
West corrected between
Sections 4 & 9
Variation 6° 43' East
30.00 Enter Spruce Swamp
bears N W - Unfit for Cultivation
39.75 Set quarter Section post
Spruce 9 S 81 E 6 links
Tamarac 6 N 70 W 15 links
79.50 Section corner
Surface level,
Soil worthless
Timber Spruce Hemlock
Birch & Sugar",survey_notes,silver_claude
survey_001_p0025,survey_001,"Township 41 North, Range 1
Chains North Random between
Sections 4 and 5
Variation 7° East
79.90 Intersect North Boundary
85 links East of post.
South corrected between
Sections 4 and 5
Variation 7° 36' East
39.90 Set quarter Section post
Spruce 6 S 33 E 28 links
Spruce 7 N 45 W 46 links
79.90 Section corner
Surface Level
Soil unfit for Cultivation,
Timber Spruce
July 16th, 1858
Compared measuring
chain with standard
and found it in
adjustment
West of 4th Principal Meridian
Chains North between Sections
31 and 32
Variation 7° East
40.00 Set quarter Section post.
Sugar 8 N 60 E 75 links
Birch 17 S 53 W 47 links
45.00 Enter Tamarac Swamp
bears N E.
60.00 Leave Same bears S W.
Unfit for Cultivation
80.00 Set post corner to
Sections 29. 30. 31. and 32.
Hemlock 10 S 25½ W 60 links
Birch 30 N 40 E 25 links
Surface Level
Soil 3d Rate
Timber Hemlock Birch
Sugar & Elm.
Undergrowth Hazle",survey_notes,silver_claude
survey_001_p0026,survey_001,"Township 41 North, Range 1
Chains East Random between
Sections 29 & 32
Variation 7° East
80.50 Intersect North & South
line 50 links South of post
West corrected between
Sections 29 & 32
Variation 7° 21' East
40.25 Set quarter Section post
Spruce 6 S 33 E 6 links
Tamarac 6 N 49 W 10 links
45.00 Leave Tamarac Swamp
bears N E. Unfit for
Cultivation
80.50 Section corner
Surface level
Soil low & worthless
Timber Spruce
Tamarac Hemlock &
Birch
Undergrowth Alder
West of 4th Principal Meridian
Chains West Random between
Sections 30 & 31
Variation 7° East
82.50 Intersect Range line
70 links North of post.
East corrected between
Sections 30 & 31
Variation 7° 29' East
42.50 Set quarter Section post
Birch 8 S 62½ W 20 links
Sugar 10 N 70 E 10 links
82.50 Section corner
Surface Rolling
Soil 2d Rate
Timber Sugar Birch
Hemlock & Elm
Undergrowth Hazle",survey_notes,silver_claude
survey_001_p0027,survey_001,"Township 41 North Range 1
Chains North between Sections
29 & 30
Variation 7° East
40.00 Set quarter Section post
Elm 9 N 8 W 25 links
Elm 6 S 44 E 10 links
80.00 Set post corner to Sections
19. 20. 29 & 30
Sugar 8 N 17 E 20 links
Sugar 7 S 33 W 28 links
Surface rolling;
Soil 2d Rate
Timber Sugar Birch
Lind & Elm
Undergrowth Hazle
West of 4th Principal Meridian
Chains East Random between
Sections 20 & 29
Variation 7° East
80.20 Intersect North & South
line 38 links South of
post
West corrected between
Sections 20 & 29
Variation 7° 18' East
30.00 Creek 20 links wide
runs S E
40.10 Set quarter Section post
Fir 6 N 10 W 10 links
"" 7 S 56 E 12 links
80.20 Section corner
Surface Rolling
Soil 2d Rate
Timber Birch Hemlock
Sugar & Elm
Undergrowth Hazle",survey_notes,silver_claude
survey_001_p0028,survey_001,"Township 41 North Range 1
Chains West Random between
Sections 19 and 30
Variation 7° 30' East
82.75 Intersect Range line 20
links North of post
East corrected between
Sections 19 & 30
Variation 7° 38' East
42.75 Set quarter Section post
Sugar 18 N 16 E 25 lks
Birch 10 S 70 W 45 links
82.75 Section corner
Surface Rolling
Soil 2d Rate
Timber Hemlock Sugar &
Birch
Undergrowth Hazle.
West of 4th Principal Meridian
Chains North between Sections
19 and 20
Variation 7° East
40.00 Set quarter Section post
Ironwood 6 N 17 E 25 lks.
Sugar 8 S 56 W 10 links
80.00 Set post corner to Sections
17. 18. 19 & 20
Birch 8 N 65 W 8 links
Lind 7 S 63 E 30 links
Surface Rolling
Soil 2d Rate
Timber Hemlock Sugar
Birch & Lind
Undergrowth Hazle.",survey_notes,silver_claude
survey_001_p0029,survey_001,"Township 41 North, Range 1
Chains East Random between
Sections 17 & 20
Variation 7° East
79.75 Intersect North & South
line 30 links North
of post.
West corrected between
Sections 17 and 20
Variation 6° 47' East
22.50 Creek 15 links wide
runs South
39.87½ Set quarter Section post
Hemlock 7 S 45 E 15 links
Hemlock 8 N 55 E 30 links
79.75 Section corner
Surface Rolling
Soil 3d Rate
Timber Hemlock
Sugar Birch &
Pine
Undergrowth Hazle
West of 4th Principal Meridian
Chains West Random between
Sections 18 & 19
Variation 7° 40' East
82.00 Intersect Range line 25
links North of post.
East corrected between
Sections 18 and 19
Variation 7° 50' East.
42.00 Set quarter Section post
Hemlock 7 S 33 E 40 links
Birch 8 N 28 W 35 links.
82.00 Section corner
Surface Rolling
Soil 2d Rate
Timber Hemlock Sugar
Birch & Lind
Undergrowth Hazle",survey_notes,silver_claude
survey_001_p0030,survey_001,"Township 41 North, Range 1
Chains North between Sections
17 and 18
Variation 7° 10' East
40.00 Set quarter Section post
Hemlock 8 N 10 W 25 links
Hemlock 10 S 65 E 20 links
80.00 Set post corner to
Sections 7. 8. 17 and 18
Hemlock 20 S 44 E 20 lks.
Sugar 12 N 61 W 8 links
Surface Rolling
Soil 2d Rate
Timber Hemlock
Sugar Birch & Elm
Undergrowth Hazle
West of 4th Principal Meridian
Chains East Random between
Sections 8 & 17
Variation 7° East
80.00 Intersect North & South
line 40 links North
of post,
West corrected
between Sections
8 & 17
Variation 6° 43' East
35.30 Stream 10 links wide
runs South
40.00 Set quarter Section post
Fir 8 N 10 W 18 links
Sugar 7 S 40 E 20 links
80.00 Section corner
Surface Rolling
Soil 2d Rate
Timber Hemlock Fir
Sugar & Birch
Undergrowth Hazle",survey_notes,silver_claude
survey_001_p0031,survey_001,"Township 41 North Range 1
Chains West Random between
Sections 7 & 18
Variation 7° 50' East
81.40 Intersect Range line
at post.
East corrected between
Sections 7 & 18
Variation 7° 50' East
41.40 Set quarter Section post
Fir 8 N 46 E 49 links
Hemlock 18 S 38 W 52 lks
81.40 Section corner
Surface Level
Soil 3d Rate
Timber Hemlock Sugar
Birch & Fir
West of 4th Principal Meridian.
Chains North between Sections
7 and 8
Variation 7° East
40.00 Set quarter Section post
Elm 9 N 41 E 60 links
Birch 10 S 20 W 50 links
80.00 Set post corner to
Sections 5. 6. 7. and 8
Hemlock 10 N 58 W 20 links
Hemlock 18 S 49 E 27 links
Surface Rolling
Soil 2d Rate
Timber Hemlock Sugar
Elm & Birch
Undergrowth Hazle.",survey_notes,silver_claude
survey_001_p0032,survey_001,"Township 41 North, Range 1
Chains East Random between
Sections 5 & 8
Variation 7° East
80.10 Intersect North &
South line 30 links
North of post
West corrected between
Sections 5 & 8
Variation 6° 47' East
20.00 Leave Spruce Swamp
bears N E. Unfit for
Cultivation
40.05 Set quarter Section
post
Sugar 8 N 18 E 10 links
Maple 6 S 38 E 18 links
80.10 Section corner
Surface Rolling
Soil 2d Rate
Timber Hemlock Maple
Sugar & Birch
Undergrowth Hazle
West of 4th Principal Meridian.
Chains West Random between
Sections 6 & 7
Variation 7° 50' East
80.85 Intersect Range line
15 links North of post.
East corrected between
Sections 6 & 7
Variation 7° 56' East
40.85 Set quarter Section post
Lind 8 N 18 E 46 links
Birch 7 S 43 W 60 links
80.85 Section corner
Surface Rolling
Soil 2d rate
Timber Hemlock Sugar
Birch & Lind
Undergrowth Hazle.",survey_notes,silver_claude
survey_001_p0033,survey_001,"Township 41 North Range 1
Chains North Random between
Sections 5 and 6
Variation 7° East
80.15 Intersect North Boundry
90 links East of post.
South corrected between
Sections 5 & 6
Variation 7° 39' East
40.15 Set quarter Section post
Sugar 8 N 10 E 40 links
Lind 7 S 16 W 25 links
80.15 Section corner
Surface Rolling
Soil 2d Rate
Timber Hemlock Sugar
Birch & Lind
Undergrowth Hazle
July 18th 1858
West of 4th Principal Meridian
Chains Meanders of part of Lake
in Sections 32 & 33
Beginning at corner on
Township line on West side
of Lake in Section 32
Variation 7° East
North 6.00
N 52 E 6.00
N 33 E 4.00
S 83 E 5.50 In Section 32.
N 11 W 12.00
North 4.00
N 45 E 5.00
North 7.50
N 27 E 3.00
N 10 E 9.00
N 62 E 4.00
N 16 E 7.50
N 59 E 2.50
N 14 E 5.00
N 39 E 1.50 2 To post between
Sections 32 & 33.",survey_notes,silver_claude
survey_001_p0034,survey_001,"Township 41 North, Range 1
Thence in Section 33
Variation 7° East
N 76 E 3.00
S 80 E 3.50
S 16 E 6.50
S 75 E 1.00 To Inlet 50 links
wide comes from
North.
N 40 E 4.50
N 7 W 3.00
N 30 E 8.00
S 80 E 3.00 In Section 33
S 44 E 6.00
S 7 W 6.00
S 24 W 4.50
South 14.00
S 26 W 4.00
S 24 W 5.00
S 68 W 11.00
S 15 E 10.50
S 12 W 9.00
West of 4th Principal Meridian
S 45 W 6.50
S 23 W 3.00
S 44 W 1.00 3 To post on Township
line on East side
of Lake. high
banks
Water clear & deep.
July 16th 1858.",survey_notes,silver_claude
survey_001_p0035,survey_001,"Township 41 North Range 1
General Description
This Township is a slight
improvement on Township
40 Range 1
The Swamps are
numerous but not very
mirey. The soil might
possibly support a
Dutchman but an
Irishman would starve
on it. The timber is
Hemlock Birch & Sugar
all very large and no
White Pine that is
worthy of attention.
West of 4th Principal Meridian.
Affadavit
I Hiram C. Fellows,
Deputy Surveyor do
solemnly swear that in
pursuance of a contract
with Warner Lewis,
Surveyor General of the
United States for Wisconsin
and Iowa; bearing date the
7th day of June A.D. 1858
and in strict conformity
to the laws of the United
States and the instructions
of said Surveyor General;
I have faithfully
surveyed and subdivided
into Sections, Township
No 41 North Range No 1
West of the 4th Principal
Meridian Wisconsin
And I do further solemnly
swear that the foregoing
are the true and original",survey_notes,silver_claude
survey_001_p0036,survey_001,"field notes of such
survey executed as
aforesaid
Hiram C. Fellows
Deputy Surveyor
Thad Mason } Chainman
T. J. Jordon }
David McMurry Axeman
Subscribed by said
Hiram C. Fellows Deputy
Surveyor and sworn
to before me at my
Office in Chippewa
Falls this 20th day
August A.D. 1858
Warner Lewis
Sur. Genl.",survey_notes,silver_claude
survey_002_p0005,survey_002,"3
Township 16 North, Range 8 West, 4th Meridian
South true line between Sections 23 & 24
Chains Variation 8° 45' East
7.14 Left bank Mississippi Main channel
and made Meander corner on Willow 6
inches diameter.
Bearings Willow 6 S. 82¼ E. 14 links
No other tree taken
2d rate bottom; heavily timbered with Ash
Elm, Maple & Birch & some Willow
Willow bar 12 Chains S. of Meand. Corner
4
Township 16 North, Range 8 West, 4th Meridian
West true line between Sections 14 & 23
Chains Variation 8° 35' East
6.48 Left bank Mississippi Main Channel
& Set meander post
Bearings Elm 20 S. 37½ E. 29 links
Elm 14 N. 80 E. 25 links
Well timbered 2d rate bottom; Elm, Ash
Maple & Birch - some Bur Oak.",survey_notes,human
survey_002_p0006,survey_002,"5
Township 16 North, Range 8 West, 4th Meridian
North between Sections 13 & 14
Chains Variation 8° 45' East
11.29 Elm 15 inches diameter
35.00 Enter Marsh, bears S.E.
40.00 Set quarter Section post
Bearings Birch 10 S. 2 E. 500 links
No other tree near
60.00 Leave Marsh, bears S.E.
80.00 Set post, corner to Sections 11, 12, 13 & 14
Bearings Elm 14 S. 20 E. 6 links
Elm 12 S. 27½ W. 5 links
Wet, 3d rate; Elm, Ash, Maple & Birch
6
Township 16 North, Range 8 West, 4th Meridian
East random between Sections 12 & 13
Chains Variation 8° 35' East
79.70 Intersected E. boundary, 55 links N. of post
West corrected between Sections 12 & 13
Variation 8° 11' East
21.70 E. bank Bayou & Set meander post
Bearings Ash 10 N. 68½ E. 168 links
No other tree near
then Leave prairie bears South enter Marsh
25.79 W. bank Same & Set meander post
Bearings Birch 15 N. 56 W. 66 links
Birch 9 S. 15 W. 76 links
29.00 Slough 100 links wide, runs South
39.85 Set quarter Section post
Bearings Willow 8 S. 13¾ W. 134 links
No other tree near
41.00 Slough 50 links wide, runs S.E.
67.00 Leave Marsh, bears S.E.
79.70 Section corner. - 3d rate - marshy; Elm, Birch
Ash & Willow",survey_notes,human
survey_002_p0007,survey_002,"7
Township 16 North, Range 8 West, 4th Meridian
West true line between Sections 11 & 14
Chains Variation 8° 35' East
22.00 Enter Marsh, bears S.W.
33.50 Leave Same, bears S.E.
35.55 Elm 12 inches diameter
40.00 Set quarter Section post
Bearings Maple 20 N. 12 W. 16 links
Elm 10 S. 9 W. 29 links
41.35 Linden - diameter omitted
63.92 Left bank Mississippi Main Channel
& Set meander post
Bearings Elm 40 N. 54½ E. 16 links
Elm 30 S. 45 E. 29 links
Well timbered with Elm, Ash, Birch &
Maple.; 3d rate; 3 feet below High Water.
December 20th
8
Township 16 North, Range 8 West, 4th Meridian
North between Sections 11 & 12
Chains Variation 8° 55' East
2.66 Elm 14 inches diameter
40.00 Set quarter Section post
Bearings Ash 12 S. 53 W. 58 links
Elm 36 N. 32¼ E. 236 links
61.10 Slough 50 links wide, runs S.E.; sandy
73.18 Birch 15 inches diameter
80.00 Set post, corner Sections 1, 2, 11 & 12
Bearings Birch 24 S. 69½ E. 115 links
Birch 15 S. 68 W. 322 links
Swampy; 3d rate; sparse timber - Elm, Ash
Birch, & Maple.",survey_notes,silver_claude
survey_002_p0008,survey_002,"9
Township 16 North, Range 8 West, 4th Meridian
East random between Sections 1 & 12
Chains Variation 8° East
79.35 Intersected E. boundary, 83 links S. of post
West corrected between Sections 1 & 12
Variation 8° 36' East
20.00 Leave prairie & enter Marsh, bears S.W.
35.00 Leave Marsh & enter timber, bears S.W.
39.67½ Set quarter Section post
Bearings Birch 12 S. 60½ E. 83 links
Birch 10 N. 40 W. 33 links
79.35 Section corner.
Except prairie; Marshy; 3d rate; chiefly
Birch & Maple
10
Township 16 North, Range 8 West, 4th Meridian
North random between Sections 1 & 2
Chains Variation 9° 30' East
78.69 Intersected N. boundary, 50 links E. of post
South corrected between Sections 1 & 2
Variation 9° 51' East
24.00 Leave Marsh, bears S.W.
38.69 Set quarter Section post
Bearings Birch 12 S. 67 E. 198 links
Ash 14 S. 76 W. 117 links
78.69 Section corner.
Swamp & marsh; 3d rate; Elm, Ash & Birch",survey_notes,silver_claude
survey_002_p0009,survey_002,"11
Township 16 North, Range 8 West, 4th Meridian
West true line between Sections 2 & 11
Chains Variation 8° 35' East
6.00 Sandy, Black Oak ridge, bears S. E
15.50 Leave same, bears S. E. & enter swamp
28.75 Slough 50 links wide, runs S. E. & leave swamp
40.00 Set quarter Section post
Bearings Maple 10 N 10½ W. 43 links
Maple 9 S. 20 E. 5 links
57.00 Slough 50 links wide, runs S. E.
80.00 Set post, corner to Sections 2, 3, 10 & 11
Bearings Birch 15 S. 88 W. 71 links
Elm 12 S. 62 E. 43 links
Low & Swampy; 3d rate; Elm, Birch, & Ash
12
Township 16 North, Range 8 West, 4th Meridian
South true line between Sections 10 & 11
Chains Variation 8° 55' East
40.00 Set quarter Section post
Bearings Maple 12 S. 57 W. 42 links
Elm 10 N. 63 E. 18 links
43.00 Cabin 100 links East of line
44.92 Left bank Mississippi, Main Channel
& Set Meander post
Bearings Ash 12 S. 32 E. 73 links
No other tree near
2d rate, heavily timbered bottom; Birch,
Ash, Maple, Elm & Bur Oak.",survey_notes,silver_claude
survey_002_p0010,survey_002,"13
Township 16 North, Range 8 West, 4th Meridian
North random between Sections 2 & 3
Chains Variation 9° 50' East
78.16 Intersected N. boundary, 80 links W. of post
Bearings to Birch 15 S. 15 W. 27 links
corner on N.B. Birch 15 S. 52½ E. 82 links
South corrected between Sections 2 & 3
Variation 9° 15' East
38.16 Set quarter Section post
Bearings Ash 6 N. 84 W. 13 links
Maple 12 S. 67 E. 18 links
71.00 Slough 100 links wide, runs East
78.16 Section corner
Low, level 2d rate bottom; well timbered.
Ash, Maple, Birch, Elm & Cottonwood
14
Township 16 North, Range 8 West, 4th Meridian
West true line between Sections 3 & 10
Chains Variation 8° 35' East
16.35 Left bank Mississippi, main channel
Ash 10 inches diameter for meander corner
Bearings Elm 10 S. 36 E. 31 links
No other tree taken
2d rate bottom; Ash, Elm, Birch & Maple",survey_notes,silver_claude
survey_002_p0011,survey_002,"15
Township 16 North, Range 8 West, 4th Meridian
South, true line between Sections 3 & 4
Chains. Variation 9° 15' East
Bearings to Bur Oak 18 S. 42½ E. 39 links
corner on N.B. Bur Oak 15 S. 49½ W. 46 links
3.44 Left bank Mississippi, main channel
Linden 10 inches diameter for Meander corner
2d rate bottom, above high water, well timbered
with Birch, Maple Linden, Bur Oak & Ash
December 21st
16
Township 16 North, Range 8 West 4th Meridian
Meanders of Left bank Mississippi
River & of a Slough & Bayou of Same
Beginning at Meander corner on N. boundary
between Sections 4 & 33, thence down Stream
In Section 4
Courses. Chains Variation 8° 55' East
S.45½ E. 4.95 Meander corner between Sections 3 & 4
Bank 6 feet high; rapid; 2d rate; Birch & Ash
In Section 3
Variation 8° 55' East
S.50½ E. 4.00
S.57½ E. 28.00
S.49 E. 16.00 Mouth of Slough 70 links wide, from N.
S.44½ E. 13.50
S.25 E. 8.00
S.17 E. 23.00
S.39 E. 6.50 Slough 100, runs out East
S.13½ E. 2.77 Meander corner between Sections 3 & 10
Banks 5 feet high; rapid current; sandy
Birch, Maple, Elm, Ash & Oak.",survey_notes,silver_claude
survey_002_p0012,survey_002,"17
Township 16 North, Range 8 West, 4th Meridian
In Section 10
Courses Chains Variation 8° 45' East
S. 4½ E. 4.50
S. 15 E. 7.00
S. 8 E. 11.00
S. 25 E. 7.00
S. 31 E. 19.00 Meander corner between Sections 10 & 11
Banks 6 feet; rapid; 2d rate; Birch, Ash, Elm
In Section 11
Variation 8° 45' East
S. 20 E. 12.00
S. 26½ E. 26.55 Meander corner between Sections 11 & 14
Banks 6 feet; rapid; 2d rate; Birch, Ash, Elm
In Section 14
Variation 8° 40' East
S. 25½ E. 14.00 Head Willow Island S. 25 E.
S. 46 E. 10.50 Same S. 44 W.
S. 55 E. 11.00
S. 74 E. 4.50
S. 60 E. 13.00
18
Township 16 North, Range 8 West, 4th Meridian
Courses. Chains
S. 30 E. 16.00
S. 14 E. 21.00 Foot Willow Island S. 7 W.
S. 19 E. 5.00) Same, S. 59 W.
S. 35 E. 8.00 Meander corner between Sections 14 & 23
Banks 4 feet; rapid; 2d rate; Ash, Elm & Birch
In Section 23
Variation 8° 40' East
S. 43 E. 9.76 Meander corner between Sections 23 & 24
Banks 4 feet; rapid; Ash, Birch; & Elm
In Section 24
Variation 8° 35' East
S. 41 E. 3.86
S. 49½ E. 24.00
S. 34 E. 9.50
S. 21 E. 4.50
S. 29 E. 7.50 Head of a Mississippi Slough
S. 44 E. 2.75 Left bank Slough down stream
S. 61 E. 5.00
S. 68 E. 6.00
S. 55 E. 5.50",survey_notes,silver_claude
survey_002_p0013,survey_002,"19
Township 16 North, Range 8 West, 4th Meridian
Courses Chains
S.70 E. 5.00
S.87 E. 3.50
N.71 E. 7.00
N.59 E. 5.00
N.41 E. 9.50
N.38 E. 12.50 Mouth of a large Bayou
N.38 W. 4.50 Up W. bank of Bayou
N.72 W. 3.50 Mouth Slough 100 from W.
N.33 W. 4.00
N.1 W. 3.00 Enter Marsh, bears West
N.26 W. 4.00 Foot island N.41 E.
N.16 W. 20.00 Meander corner between Sec.s 13 & 24
Banks 4 feet; swift except on Bayou;
3d rate; Birch, Maple, Elm & Ash
In Section 13
Variation 8° 45' East
N.8 W. 23.10 Foot Island S.23 E, Head Same N.39 E.
N.3 E. 20.00 Head Island S.18 E.
N.36 W. 24.00
N.7 E. 13.00
20
Township 16 North, Range 8 West, 4th Meridian
Courses Chains
East 1.50 Across Slough from North 70 wide
S.13 W. 4.50
S.4 E. 7.50
S.33 E. 6.00
S.66 E. 6.00 Mouth of Slough
N.22 E. 2.00
N.24 W. 15.50
N.15 E. 3.50
N.13 W. 4.50 Meander corner between Sections 12 & 13
Low marshy banks; 3d rate; some Elm & Willow
In Section 12
Variation 8° 10' East
N.2 E. 2.87
N.53 E. 3.00 Head of Bayou, High banks
S.20 E. 5.00 Meander corner between Sections 12 & 13
Low banks; 3d rate; no timber; marsh.
In Section 13.
Variation 8° 45' East
S.35 E. 1.80
S.12 E. 40.00",survey_notes,silver_claude
survey_002_p0014,survey_002,"21
Township 16 North, Range 8 West, 4th Meridian
Courses. Chains
S. 21 E. 15.50
S. 8 E. 25.00 Meander corner between Sect. 13 & 24
Banks 6 feet; 2d rate; Birch & Oak.
In Section 24
Variation 8° 40' East
S. 8 E. 15.50
S. 15 E. 4.00 Meander corner on E. boundary
between Sections 19 & 24
Banks 4 feet; 2d rate; Birch & Maple
Meanders of W. & N. side Island in
Sections 24 & 25 on Main channel Mississi.
Beginning on E. boundary at Meander
corner between Sections 25 & 30 - 47.50
Chains S. of corner to Sections 19, 24, 25 & 30, from
which point head of willow island brs. N. 78 W.
thence up Left bank Mississippi:
In Section 25
Variation 8° 40' East
N. 47 W. 10.00 At 0.00 Head willow island N. 78 W. at same
Same S. 45 W
N. 41 W. 15.00
22
Township 16 North, Range 8 West, 4th Meridian
Courses. Chains
N. 29 W. 10.00
N. 25 W. 2.50
N. 20 W. 11.00
N. 5 W. 1.00 Across mouth Slough 100, runs out S.E.
N. 17 W. 7.40 Meander corner between Sections 24 & 25
Banks 5 feet; rapid; 3d rate; Elm, Ash & Birch
In Section 24
Variation 8° 40' East
N. 17 W. 9.00 At 0.00 Foot Isld. N. 50 W. at 9.00 Same S. 10 W.
N. 45 W. 18.50 At 7.50 Head same S. 83 W; at 18.50 Same S. 34 E
N. 38 W. 8.00
N. 4 E. 3.50 Head of Slough 270 links wide
S. 61 E. 19.50 Right bank Slough down stream.
S. 70 E. 4.50
N. 82 E. 8.50
N. 61 E. 6.50
N. 42 E. 17.00
N. 32 E. 4.15 Meander corner on E. boundary S. of Slough
between Sections 19 & 24.
Banks 3 feet; rapid; Birch, Maple & Ash
December 22d",survey_notes,silver_claude
survey_002_p0015,survey_002,"General description
This Fraction is nearly all subject to
inundation from the Mississippi to the
depth of of from 1 to 6 feet; but there
are bodies of very fine timber near the
shore & some good 2d rate sandy soil
The marshes seem to be the lowest
& are either entirely destitute of timber
or if there is any it is generally killed
by high water.
In the Meanders some Sloughs
have been cut off & excluded because
there was so much of it to do & the
land was not deemed sufficiently
valuable to justify the meandering
of them all.
There are a great many Willow
bars in the Mississippi S.W. of this
Township.
Affidavit.
I, Alfred L. Brown, Dep. Surveyor, do solemnly swear
that in pursuance of a contract with Geo. W. Jones, Sur. Genl.
United States for Wisconsin & Iowa, bearing date the 9th day
of October 1846, and in strict conformity to the Laws of the
United States and the instructions of the said Surr. Genl.
I have regularly Surveyed Township 16 North, Range 8 West
4th Meridian, Wisconsin Territory; and I do further solemnly
swear that the foregoing are the true and original field
notes of the said Survey, executed as aforesaid.
Alfred L. Brown
William Higgins
Wm. H. Weidman
Joel M. Higgins Chainmen
Joseph C. Hayes
John M. Smith
Reuben W. Ford Markers
Subscribed by said Alfred L. Brown, Dep. Surr.
& sworn before me at Dubuque this 28th Jany. 1847
Geo. W. Jones Sur.
Genl",survey_notes,silver_claude
survey_003_p0005,survey_003,"105
Township 39 North
North between
Sections 25 & 26
Variation 7° 30' East
3.50 Stream 10 links wide
runs NE
40.00 Set ¼ Section post
Tamarack S 77° W 15 lks
do 6 S 76° E 19 ""
41.00 Leave swamp bears
NE & SW
54.00 Enter same bears
NW & SE
63.50 Over same bears E & W
80.00 Set post corner to
Sections 24, 25, 26 & 27
Black Oak 20 N 78° W 45 lks
W. Pine 8 N 45° E 47 ""
Surface rolling
Soil 3rd rate
Timber Pine, Aspen,
Birch & Tamarac
Undergrowth Hazel
+ Maple
106
Range 6 East of 4th Mer.
East random between
Sections 24 & 25
Variation 7° 30' East
80.90 Intersected East boundary
200 links South of post
West corrected between
Sections 24 & 25
Var. 8° 56' East
40.45 Set ¼ Section post
Sugar 10 N 33° E 8 links
do 8 S 28½ E 10
49.64 Intersected lake & set
meander corner
Y. Pine 24 N 13° E 27 lks.
do 9 S 32½ E 16 ""
65.90 Over lake & set meander
corner
Birch 5 S 27½ W 30 lks.
Aspen 5 N 11½° W 14 ""
80.90 Section corner
Surface rolling Soil
3rd rate. Timber Aspen
Pine & Sugar",survey_notes,human
survey_003_p0006,survey_003,"107
Township 39 North
North between
Sections 23 & 24
Variation 6° East
10.00 Intersect pond course
NW & SE
12.83 Over same course E. & W.
16.15 Pond course East & West
32.15 Over same course
East & West
40.00 Set ¼ Section post
Black Oak 10 N 56° E 3 lks.
W. Pine 9 S 71° W 19 ""
64.71 Trail course East & West
69.18 Intersect pond course
East & West
76.99 Over same course E & W
80.00 Set post for corner
to Sections 13 14, 23 & 24
Spruce Pine 6 S 52 W 35 lks
do 6 S 61° E 39 ""
Surface rolling. Soil
3rd rate. Timber
Tamarac, Spruce & Pine
Undergrowth same
108
Range 6 East of 4th Mer.
East random between
Sections 13 & 24
Var. 7° East
81.00 Intersected East
boundary 320 links
South of post
West corrected between
Sections 13 & 24
Variation 9° 15' East
5.00 Leave Tamarac swamp
bears 77E & SW
40.50 Set ¼ Section post
Birch 5 N 21° E 22 lks.
Aspen 5 S 36° E 13 ""
81.00 Section Corner
Surface rolling
Soil 3rd rate
Timber Aspen, Shrub
Oak & Tamarac
Undergrowth Shrub
Oak & Aspen",survey_notes,human
survey_003_p0007,survey_003,"109
Township 39 North
North between
Sections 13 & 14
Var. 7° East
9.36 Intersect lake & set
meander corner
Y. Pine 12 N 61°E 38 lks.
do 10 S 50°E 40 ""
40.00 ¼ post in lake
80.00 Section Corner in
lake
October 15, 1863
Compared chain &
found it correct
110
Range 6 East of 4th Mer.
West true line
between Sections
12 & 13
Variation 7° East
25.50 Intersect lake & set
meander corner
Y. Pine 14 N 15°E 73 lks.
do - S 52°E 173 ""
Surface level, Soil 3rd
rate.
Timber Pine, Birch
& Maple
Undergrowth Hazel
& Maple",survey_notes,silver_claude
survey_003_p0008,survey_003,"111
Township 39 North
West true line
between Secs 1 & 12
Variation 7° East
40.00 Set ¼ Section post
Y. Pine 10 S 70° W 57 lks.
do 12 N 41° E 80 ""
80.00 Set post for corner
to Sections 1, 2, 11 & 12
Birch 8 N 65½ W 167 lks.
B. Pine 8 S 79° W 122 ""
Surface level
Soil 3rd rate
Timber Aspen, Birch
& small Pine
Undergrowth same
112
Range 6 East of 4th Mer.
South between Sections
11 & 12
Variation 7¼° East
20.50 Intersect lake & set
meander corner
Birch 7 N 33° W 34 lks.
Y. Pine 8 N 9° E 22 """,survey_notes,silver_claude
survey_003_p0009,survey_003,"113
Township 39 North
North true line
between Sections 1 & 12
Variation 7° East
38.50 Intersect lake &
set meander corner
Y. Pine 18 S 30° E 87 lks
Tamarac 8 S 5½ W 65 ""
Surface rolling
Soil 3rd rate
Timber Pine, Maple
& Birch
114
Range 6 East of 4th Mer.
North between Sections
34 & 35
Var. 8° East
40.00 Set ¼ Section post
W. Pine 10 S 80° E 12 links
Aspen 14 N 80 W 33 ""
80.00 Set post for corner to
Sections 26. 27. 34 & 35
Aspen 8 N 10° W 25 links
do 8 N 82° E 15 ""
Surface level
Soil 3rd rate
Timber Pine, Aspen,
& Birch
Undergrowth Hazel
& Maple",survey_notes,silver_claude
survey_003_p0010,survey_003,"115
Township 39 North
East random bet.
Sections 26 & 35
Var. 7° 30' East
80.00 Intersected North &
South line 30 links
South of post
West corrected between
Sections 26 & 35
Var. 7° 43' East
40.00 Set ¼ Section post
Birch 10 N 43° E 6 links
Y. Pine 7 S 17° E 7 ""
51.00 Leave Tamarac swamp
unfit for cultivation
bears NE & SW
59.00 Enter same bears NW & SE
69.00 Leave same "" NW & SE
80.00 Section Corner
Surface rolling
Soil 3rd rate
Timber Pine, Birch
& Aspen. Undergrowth
Hazel & Maple
116
Range 6 East of 4th Mer.
North between Sections
26 & 27
Variation 6° 30' East
34.50 Intersect lake & set
meander corner
Y. Pine 20 S 40° E 46 lks.
do 16 S 68° W 9 ""
56.83 Over lake & set
meander corner
Y. Pine 20 N 8° W 139 lks.
No other tree near
80.00 Set post corner to
Sections 22, 23, 26, 27
W. Pine 8 N 72° E 58 lks.
do 8 S 15° W 9 ""
Surface rolling
Soil 3rd rate
Timber Pine, Birch
& Aspen
Undergrowth Hazel
& Maple",survey_notes,silver_claude
survey_003_p0011,survey_003,"117
Township 39 North
East random between
Sections 23 & 26
Var. 6° East
80.20 Intersected north &
south line 167 links
south of post
West corrected between
Sections 23 & 26
Var. 7° 12' East
40.10 Set ¼ Section post
W. Pine 20 S 45°E 32 lks.
do 12 N 14°W 37 ""
69.00 Intersect pond course
North & South
74.00 Over same bears North
& South
80.20 Section Corner
Surface rolling
Soil 3rd rate
Timber Pine, Birch.
& Aspen
Undergrowth Hazel
& Maple
118
Range 6 East of 4th Mer.
North between Sections
22 & 23
Variation 6° 30' East
40.00 Set ¼ Section post
Birch 10 N 52°W 58 lks.
W. Pine 24 S 86 E 47 ""
56.82 Intersect lake & set
meander corner
80.00 * Section corner in lake
Surface rolling
Soil 3rd rate
Timber Aspen, Birch
& Pine. Undergrowth
Hazel & Maple
October 16th 1863
Compared chain with
Standard & found
it ¼ inch too long.
Adjusted same
* Black Oak 10 S 32°W 32 lks
Y. Pine 6 S 10°E 30 """,survey_notes,silver_claude
survey_003_p0012,survey_003,"119
Township 39 North
West true line
bet. Sections 14 & 23
Var. 7° East
7.80 Trail SE & NW
33.37 Pond course North & South
38.59 Over same course
North & South
40.00 Set ¼ Section post
W. Pine 10 N 11½° W 24 lks
do 10 S 50° E 65 ""
65.07 Intersect lake & set
meander corner
Black Oak 10 S 89° E 56 lks
do 12 N 52½ E 75 ""
80.00 Section corner in lake
Surface rolling
Soil 3rd rate
Timber young Aspen,
Pine & Birch
Undergrowth Hazel
& Aspen
120
Range 6 East of 4th Mer.
North between Sections
14 & 15
Variation 6° 30' East
16.57 Over lake & set meander
post
Black Oak 8 N 24° W 21 lks.
Y. Pine 16 N 30° E 34 ""
29.40 Same lake & set meander
corner
Black Oak 8 N 24° W 21 lks.
do 8 N 30° E 34 ""
68.29 Over same & set meander
corner
W. Pine 36 N 75° W 35 lks.
Y. Pine 12 N 12° E 113 ""
77.56 Same lake & set meander
corner
W. Pine 24 S 22° W 256 lks.
do 24 S 6° E 404 ""
80.00 Section Corner in lake
Surface rolling. Soil
3rd rate. Timber Pine
& Birch, a few Indian
houses in Sec. 15 near
this line",survey_notes,silver_claude
survey_003_p0013,survey_003,"121
Township 39 North
East true line bet.
Sections 11 & 14
Variation 7° East
36.00 Leave lake & set
meander corner
Tamarac 5 N 11° E 82 lks.
do 5 N 30½ E 53 ""
& enter Tamarac swamp
Unfit for cultivation
bears NW & SE
40.00 Set ¼ Section post
Tamarac 5 S 50½ E 187 lks
W. Pine 9 N 45½ E 3.15 ""
57.25 Intersect same lake
& set meander corner
Birch 5 N 40° W 25 lks.
do 7 S 53° W 28 ""
80.00 Section Corner in
lake
122
Range 6 East of 4th Mer.
North between
Sections 10 & 11
Variation 7° East
15.14 Leave lake & set
meander corner
Y. Pine 12 N 1½ E 303 lks.
do 12 S 37½ W 220 ""
36.00 Intersected lake & set
corner
Y. Pine 30 S 47½° W 9 lks.
B. Oak 10 S 46° E 13 ""
57.50 Over same & set
meander corner
Tamarac 5 N 80° W 8 lks.
do 5 N 63 E 13 ""
& enter Tamarac swamp.
Unfit for cultivation
bears East & West
70.00 Leave same bears NE & SW
80.00 Set post for corner to
Sections 2.3.10 & 11
B. Pine 9 S 10° E 124 lks.
do 10 N 36½ E 250 ""
Surface rolling. Soil 3rd
rate. Timber Pine. Birch
& Tamarac",survey_notes,silver_claude
survey_003_p0014,survey_003,"123
Township 39 North
East random between
Sections 2 & 11
Var. 7° 15' E.
80.00 Intersected North & South
line 35 links North
of post
West corrected between
Sections 2 & 11
Var. 7° East
40.00 Set ¼ Section post
Aspen 9 N 48¼° E 24 lks.
W. Pine 9 S 48½ W 26 ""
80.00 Section Corner
Surface level
Soil 3rd rate
Timber young Pine
& Aspen
124
Range 6 East of 4th Mer.
North random between
Sections 2 & 3
Variation 7° 20' East
43.42 Intersected North
boundary 59 links
East of post
South corrected
between Sections 2 & 3
Variation 8° 6' East
3.42 Set ¼ Section post
Aspen 9 N 44° E 25 lks.
do 10 S 59½ W 22 ""
43.42 Section Corner
Surface level
Soil 3rd rate
Timber thick Pine
& Aspen",survey_notes,silver_claude
survey_003_p0015,survey_003,"125
Township 39 North
North between
Sections 33 & 34
Variation 8° 10
40.00 Set ¼ Section post
Black Pine 10 N 67° W 45 lks.
do 10 N 82° E 51 lks
80.00 Set post for corner
to Sections 27, 28, 33 & 34
Y. Pine 14 N 39° W 36 lks.
do 15 N 39° E 51 ""
Surface rolling
Soil 3 rd rate
Timber Pine, Aspen
& Birch
Undergrowth Hazel
& Maple
October 18th 1863
Compared chain
with Standard &
found it correct
126
Range 6 East of 4th Mer.
East random between
Sections 27 & 34
Var. 7° 30' East
79.10 Intersected North &
South line 11 links
south of post
West corrected
between Sections 27 & 34
Var. 7° 35' East
39.55 Set ¼ Section post
Birch 7 North 39 links
Aspen 7 S 42° W 23 ""
79.10 Section Corner
Surface rolling
Soil 3rd rate
Timber Pine, Birch,
& Aspen
Undergrowth Hazel
& Maple",survey_notes,silver_claude
survey_003_p0016,survey_003,"127
Township 39 North
North between
Sections 27 & 28
Variation 7° East
40.00 Set ¼ Section post
Aspen 10 S 53° E. 48 lks.
do 8 S 47° W 17 ""
79.00 Enter Tamarac swamp
unfit for cultivation
bears NE & SW
80.00 Set post corner to
Sections 21.22.27 & 28
Tamarac 7 N 77° E 30 lks
do 7 S 49° E 38 ""
Surface rolling
Soil 3rd rate
Timber Pine, Birch
& Aspen
Undergrowth Hazel
& Maple
128
Range 6 East of 4th Mer.
East random between
Sections 22 & 27
Var. 5° 40' East
80.00 Intersected North &
South line at post
West corrected between
Sections 22 & 27
Variation 5° 40' East
26.00 Intersect pond course
NW & SE
34.30 Over same course NW & SE
40.00 Set ¼ Section post
Aspen 5 N 50° W 23 lks.
do 5 S 65° E 3 ""
41.00 Enter uncultivable marsh
bears NE & SW
50.00 Leave same bears NW & SE
52.00 Trail bears NW & SE
78.00 Enter swamp unfit for
cultivation. Course N. & S.
80.00 Section Corner
Surface rolling. Soil 3rd
rate. Timber Pine, Aspen
& Birch",survey_notes,silver_claude
survey_003_p0017,survey_003,"129
Township 39 North
North between
Sections 21 & 22
Var. 6° 45' East
2.00 Leave swamp course
NE & SW
22.50 Pond course NW & SE
34.71 Over same course
NE & SW
40.00 Set ¼ Section post
Y. Pine 15 S 81° W 126 lks.
do 10 N 12° E 94 lks.
74.20 Intersect lake &
set meander corner
Aspen 6 S 24° W 8 lks.
Birch 5 S 21° E 14 ""
80.00 Section Corner in
lake
Surface rolling
Soil 3rd rate
Timber Birch, Aspen,
Pine & Maple
Undergrowth Hazel
& Maple
130
Range 6 East of 4th Mer.
East true line bet.
Sections 15 & 22
Var. 6° 30' East
4.69 Leave lake & set
meander corner
4.69 Leave lake & set
meander corner
Y. Pine 24 N 1° E 65 lks.
Birch 5 S 68° E 19 ""
40.00 Set ¼ Section post
Birch 8 N 53° W 18 links
Y. Pine 15 S 3° E 50 ""
41.00 Enter Spruce swamp. Unfit
for cultivation, brs. NW & SE
59.50 Portage trail course
North & South
66.00 Leave swamp crs. N. & S.
71.44 Intersect lake & set
meander corner
W Pine 50 S 18° W 39 lks.
Black Oak 10 N 31° W 6 ""
80.00 Section Corner in lake
Surface rolling. Soil 3rd
rate. Timber Pine, Birch
aspen, Spruce. Ungth Aspen & Pine",survey_notes,silver_claude
survey_003_p0018,survey_003,"131
Township 39 North
North between
Sections 15 & 16
Var. 7° East
5.67 Over lake & set meander post
Aspen 5 S 80° E 3.0 lks
Birch 5 N 10° W 51 ""
11.39 Intersect same lake
set meander corner
W. Pine 8 N 48° E 4 lks.
do 10 S 20° W 18 ""
62.88 Over lake & set
meander corner
Aspen 7 N 75° E 14 lks.
Birch 7 N 7° E 19 ""
80.00 Set post for corner
to Sections 9. 10. 15 & 16
Birch 6 N 10° W 17 links
W. Pine 8 S 60° W 31 ""
Surface rolling
Soil 3rd rate
Timber Black Pine
& Birch.
Undergrowth Hazel
& Maple
132
Range 6 East of 4th Mer.
East true line between
Sections 10 & 15
Var. 6° 45' East
14.50 Intersect lake & set
meander corner
Aspen 8 N 3° E 40 links
Black Oak - S 75° W 58 ""
49.00 Over lake & set
meander corner
Y. Pine 8 S 50° E 98 links
do 24 N 20° E 278 ""
& enter Tamarac swamp
unfit for cultivation
bears N & S
68.40 Intersect lake & set
meander corner
Tamarac 10 N 19° W 66 lks
Spruce 5 S 38° E 39 ""
80.00 Section Corner in lake
Surface rolling
Soil 3rd rate
Timber small Pine
Birch & Aspen",survey_notes,silver_claude
survey_003_p0019,survey_003,"133
Township 39 North
North between
Sections 9 & 10
Var. 7° East
7.63 Intersect lake &
set meander corner
Hemlock 10 N 77° W 30 lks.
Birch 5 S 48° E 22 ""
21.00 Over lake & set
meander corner
Tamarac 5 N 14° W 132 lks
do 6 N 55° E 47 lks
40.00 Set ¼ Section post
Y. Pine 6 S 30° W 19 lks.
do 8 S 61° E 7 links
52.00 Enter Tamarac swamp
unfit for cultivation
bears E & W
80.00 Set post for corner to
Sections 3, 4, 9 & 10
Tamarac 6 N 39° E 44 lks
Y. Pine 15 N 24° W 137 ""
Surface rolling. Soil
3rd rate. Timber Y. Pine
Birch & Tamarac
134
Range 6 East of 4th Mer.
East random between
Sections 3 & 10
Variation 7°
79.10 Intersected North & South
line 87 links south of post
West corrected between
Sections 3 & 10
Variation 7° 37' East
0.10 Enter small marsh
round
4.00 Over same
39.55 Set ¼ Section post
B. Pine 10 N 75° E 13 lks.
do 8 S 47° E 15 ""
70.00 Enter Tamarac swamp
unfit for cultivation
bears NW & SE
79.10 Section Corner
Surface rolling
Soil 3rd rate
Timber Pine & Aspen
Undergrowth same",survey_notes,silver_claude
survey_003_p0020,survey_003,"135
Township 39 North
North random bet.
Sections 3 & 4
Var. 6° 30' East
43.50 Intersected north
boundary 51 links
East of post
West corrected bet.
Sections 3 & 4
Var. 7° 10' East
3.50 Set ¼ Section post
Y. Pine 8 S 55° W 30 lks
Tamarac 10 S 22° E 47 ""
17.50 Enter Tamarac swamp
unfit for cultivation
bears E & W
43.50 Section Corner
Surface rolling. Soil
3rd rate. Timber B.
Pine, Birch & Aspen
Undergrowth Hazel
& Tamarac
October 19, 1863
Compared chain with
Standard & found it correct
136
Range 6 East 4th Mer.
North between Sections
32 & 33
Variation 7° East
3.17 Intersect pond
course NE & SW
8.66 Over same course
NE & SW
15.00 Leave Tamarac swamp
Course NE & SW
32.00 Intersect pond course E & W
37.90 Over same "" "" "" ""
40.00 Set ¼ Section post
Birch 7 N 57° E 14 links
do 7 S 39° W 20 ""
47.50 Enter Cedar swamp
unfit for cultivation
Course East & West
66.00 Leave same bears E & W
71.63 Intersect lake & set
meander corner
Birch 7 S 17° W 52 links
Y. Pine 18 S 8 E 13 ""
80.00 Section Corner in lake",survey_notes,silver_claude
survey_003_p0021,survey_003,"137
Township 39 North
East random bet.
Sections 28 & 33
Var. 7° East
80.00 Intersected North &
South line 65 links
South of post
West corrected bet.
Sections 28 & 33
Var. 7° 28' East
40.00 Set ¼ Section post
Birch 7 N 10° E 9 lks.
Aspen 6 S 38° W 17 ""
60.50 Intersect lake & set
meander corner
Y. Pine 14 S 12° W 21 lks
do 16 N 70° E 17 ""
67.00 Over lake & set
meander corner
Birch 7 S 29° W 17 lks.
do 7 N 50° W 23 ""
70.67 Intersect same lake & set meander
Birch 8 S 88 E 141 lks.
do 10 N 8° E 53 ""
80.00 Section Corner
138
Range 6 East 4th Mer.
North between
Sections 28 & 29
Variation 7° 30'
69.84 Over lake on main
shore & set meander
corner
B. Pine 9 N 71° E 45 lks.
do 10 N 48½ W 50 ""
80.00 Set post corner to
Sections 20, 21, 28 & 29
Y. Pine 10 N 68° E 17 links
Aspen 10 N 38° W 33 ""
Surface rolling
Soil 3 rd rate
Timber Birch, Pine,
& Hemlock
Undergrowth Hazel
& Hemlock",survey_notes,silver_claude
survey_003_p0022,survey_003,"139
Township 39 North
East random between
Sections 21 & 28
Var. 7° 30' East
80.50 Intersected North &
South line 122 links
north of post
West corrected between
Sections 21 & 28
Variation 6° 38' East
6.50 Leave Tamarac swamp
bears NE & SW
40.25 Set ¼ Section post
Aspen 8 S 6° E 5 links
Y. Pine 7 N 14° W 23 ""
55.00 Trail course NE & SW
80.50 Section Corner
Surface rolling
Soil 3rd rate
Timber Pine, Birch,
& Aspen.
Undergrowth Pine
& Aspen
140
Range 6 East 4th Mer.
North between Sections
20 & 21
Var. 8° East
8.50 Intersect lake & set
meander corner
Birch 8 N 25° E 15 links
do 8 S 9° W 7 ""
24.00 Over lake & set
meander corner
Black Pine 12 S 73½° E 55 lks
40.00 Set ¼ Section post
Aspen 10 N 9½° E 29 lks.
do 10 N 58½ W 9 ""
47.50 Enter Tamarac swamp
unfit for cultivation
bears NE & SW
73.00 Portage trail course
East & West
80.00 Set post for corner to
Sections 16, 17, 20 & 21
Tamarac 5 N 68° W 145 lks.
do 5 N 10½ E 203 ""
Level 3rd rate. Timber
Aspen, Tamarac, Pine &
Birch. Undergrowth Hazel
& Tamarac",survey_notes,silver_claude
survey_003_p0023,survey_003,"141
Township 39 North
East true line
between Sections 16 & 21
Var. 6° 40' East
10.00 Leave Tamarac swamp
bears NW & SE
15.13 Intersect lake &
set meander corner
Aspen 10 N 67½ W 29 lks
Tamarac 7 S 78° W 7 ""
October 20. 1863
Compared chain
with Standard &
found it ⅓ of an
inch too short
Adjusted same
142
Range 6 East 4th Mer.
North between Sections
16 & 17
Variation 7° East
13.50 Leave Tamarac swamp
bears NE & SW
16.75 Portage trail course NW & SE
22.50 Intersect pond crs. East & West
25.50 Over same course East & West
40.00 Set ¼ Section post
Aspen 12 S 56½° E 36 lks.
Y. Pine 12 N 56° W 11 ""
43.50 Intersect pond course
NE
54.00 Over same course
NE
80.00 Set post corner to
Sections 8, 9, 16 & 17
Y. Pine 16 N 50° E 44 links
Birch 6 N 35° W 30 ""
Surface rolling
Soil 3rd rate
Timber Tamarac, Birch
& Aspen. Undergrowth
Hazel & Maple",survey_notes,silver_claude
survey_003_p0024,survey_003,"143
Township 39 North
East random between
Sections 9 & 16
Variation 7° East.
79.75 Intersected North
& South line at post
West corrected
between Secs. 9 & 16
Var. 7° East
27.50 Intersect lake & set
meander corner
Birch 5 N 38° E 14 lks.
Y. Pine 18 S 53° E 23 ""
38.27 Over lake & set
meander corner
Birch 5 N 19° W 9 lks.
do 6 S 87 W 33 ""
39.87½ Set ¼ Section post
Birch 6 S 38° W 20 lks.
do 6 N 10° W 30 ""
79.75 Section Corner
Surface rolling
Soil 3rd rate
Timber Pine, Birch
& Aspen
144
Range 6 East 4th Mer.
North between Sections
8 & 9
Variation 7° East
22.28 Intersect lake & set
meander corner
Tamarac 5 N 84° E 58 lks
do 8 N 22° E 20 ""
31.28 Over lake & set
meander corner
Spruce 6 S 23° E 7 links
do 7 S 40° W 57 ""
40.00 Set ¼ Section post
W. Pine 7 S 72° E 15 lks.
Aspen 8 S 53° W 30 ""
41.00 Portage trail course NW & SE
80.00 Intersect SE corner of
Indian Reservation
the to which an
Aspen 12 N 55° W 14 links
do 8 S 45° E 16 ""
Surface rolling
Soil 3rd rate
Timber Pine, Birch
& Aspen",survey_notes,silver_claude
survey_003_p0025,survey_003,"145
Township 39 North
East random bet.
Sections 4 & 9
Var. 7° East
80.20 Intersected North &
South line 27 links
South of post
West corrected bet.
Secs 4 & 9
Variation 7° 12' East
25.00 Leave swamp bears
NE & SW
40.10 Set ¼ Section post
W. Pine 14 S 17°E 12 lks
do 12 N 10 E 5 ""
51.00 Stream 100 links wide
runs North
80.20 Section Corner
Surface rolling
Soil 3rd rate
Timber Pine, Birch
& Aspen
Undergrowth Hazel
& Maple
146
Range 6 East of 4th Mer.
North random bet.
Sections 4 & 5
Var. 7° East
44.09 Intersected North
boundary 9 links East
of post
South corrected
between Sections 4 & 5
Var. 7° 7' East
4.05 Set ¼ Section post
Black Pine 5 S 41°E 24 lks.
do 6 S 60°W 18 ""
20.00 Enter pond bears NE & SW
30.00 Over same
44.09 Section Corner
Surface rolling
Soil 3rd rate
Timber Pine, Birch
& Aspen
Undergrowth Hazel",survey_notes,silver_claude
survey_003_p0026,survey_003,"147
Township 39 North
North between
Sections 31 & 32
Var. 6° 35' East
24.50 Enter Tamarac swamp
unfit for cultivation
bears NW & SE
40.00 Set ¼ Section post
Spruce 5 S 54° E 10 lks
Tamarac 5 N 7° W 28 ""
47.50 Leave swamp bears
NW & SE
80.00 Set post for corner
to Sections 29, 30, 31 & 32
Birch 10 N 35° E 14 links
do 8 N 57° W 27 ""
Surface rolling
Soil 3 rd rate
Timber small
Pine, Birch & Aspen
Undergrowth Hazel
& Maple
148
Range 6 East of 4th Mer.
East random between
Sections 29 & 32
Var. 7° 30' East
80.00 Intersected North &
South line 96 links
South of post
West corrected bet.
Secs. 29 & 32
Variation 8° 11' East
15.50 Over lake & set
meander corner
Birch 7 N 65° W 7 links
do 7 S 16° E 5 ""
40.00 Set ¼ Section post
W. Pine 16 N 45° E 18 lks.
Aspen 8 S 46° W 5 ""
80.00 Section Corner
Surface rolling
Soil 3 rd rate
Timber Pine, Aspen
& Birch
Undergrowth Hazel
& Maple",survey_notes,silver_claude
survey_003_p0027,survey_003,"149
Township 39 North
West random bet.
Sections 30 & 31
Var. 7° East
77.00 Intersected West
boundary 154 links
North of post
East corrected bet.
Sections 30 & 31
Var. 8° 9' East
37.00 Set ¼ Section post
Black Pine 10 N 57 E 5 lks
do 10 S 5° W 12 ""
77.00 Section Corner
Surface rolling
Soil 3 rd rate
Timber Pine, Birch
& Aspen
Undergrowth Hazel
& Maple
150
Range 6 East 4th Mer.
North between Secs.
29 & 30
Var. 8° East
40.00 Set ¼ Section post
Black Pine 12 S 38° W 11 lks.
Aspen 7 N 71° E 21 ""
80.00 Set post for corner
to Sections 19, 20, 29 & 30
Tamarac 9 N 50° E 5 lks.
W. Pine 10 S 32° E 11 ""
Surface rolling
Soil 3 rd rate
Timber Pine, Birch &
Aspen
Undergrowth Hazel &
Maple
October 21, 1863
Compared chain with
Standard & found
it correct",survey_notes,silver_claude
survey_003_p0028,survey_003,"151
Township 39 North
East random between
Sections 20 & 29
Variation 8° East
79.76 Intersected North &
South line 221 links
South of post
West corrected bet.
Sections 20 & 29
Var. 9° 35' East
39.88 Set ¼ Section post
W. Pine 10 S 53°E 25 lks.
do 8 N 30 E 63 ""
and enter Tamarac
swamp, unfit for
cultivation bears NE & SW
45.00 Leave same bears NE & SW
79.76 Section Corner
Surface rolling
Soil 3rd rate
Timber Tamarac,
Birch & Aspen
Undergrowth Hazel
& Maple
152
Range 6 East 4th Mer.
West random between
Sections 19 & 30
Var. 8° East
74.80 Intersected West
boundary 70 links
South of post
East corrected between
Sections 19 & 30
Var. 8° 2' East
30.40 Stream 100 links wide
runs SW
34 80 Set ¼ Section post
Tamarac 7 N 55°E 10 lks.
Cedar 5 S 62°E 10 ""
74.80 Section Corner
Surface rolling
Soil 3rd rate
Timber Pine, Birch
& Aspen
Undergrowth Hazel
& Birch",survey_notes,silver_claude
survey_003_p0029,survey_003,"153
Township 39 North
North between
Sections 19 & 20
Var. 6° 30' East
1.00 Enter Tamarac swamp
unfit for cultivation
course SE & NW
35.00 Stream 10 links wide
runs NW
40.00 Set ¼ Section post
Tamarac 9 N 44½ W 27 lks
do 9 East 7 links
47.23 Trail bears SW
80.00 Set post for corner
to Sections 17, 18, 19, 20
Aspen 9 S 18½° E 9 links
Birch 8 S 28 W 21 ""
Surface rolling
Soil 3 rd rate
Timber Birch, Tamarac
& Spruce
Undergrowth Hazel
& Birch
154
Range 6 East 4th Mer.
East random between
Sections 17 & 20
Var. 9° East
79.30 Intersected North &
South line 7 links
North of post
West corrected bet.
Sections 17 & 20
Var. 8° 57' East
10.00 Leave Tamarac swamp
course NW & SW
39.65 Set ¼ Section post
Aspen 10 S 39° E 17 links
do 12 N 17° W 13 ""
79.30 Section Corner
Surface rolling
Soil 3 rd rate
Timber Birch, Aspen
& Tamarac
Undergrowth Hazel
& Birch",survey_notes,silver_claude
survey_003_p0030,survey_003,"155
Township 39 North
West random bet.
Sections 18 & 19
Variation 8° East
74.95 Intersected west
boundary 68 links
South of post
East corrected between
Sections 18 & 19
Variation 7° 30' East
10.00 Tomahawk Creek 75
links wide runs South
34.95 Set ¼ Section post
Aspen 9 N 59°W 6 links
do 8 S 68°E 14 ""
74.95 Section Corner
Surface rolling
Soil 3rd rate
Timber young Birch,
& Aspen
Undergrowth same
156
Range 6 East of 4th Mer.
North between
Sections 17 & 18
Variation 7° East
40.00 Set ¼ Section post
Aspen 10 N 48½°W 8 lks.
do 10 N 89½°E 6 ""
41.50 Portage trail course
NW & SE
80.00 Set post for corner to
Sections 7, 8, 17 & 18
Birch 10 N 80°E 24 lks.
W. Pine 9 N 65°W 12 ""
Surface rolling
Soil 3rd rate
Timber young Birch
& Aspen
Undergrowth the same
October 22, 1863
Compared chain with
Standard & found
it correct",survey_notes,silver_claude
survey_003_p0031,survey_003,"157
Township 39 North
East random bet.
Sections 8 & 17
Var. 7° East
80.02 Intersected North &
South line 21 links
South of post
West corrected bet.
Sections 8 & 17
Var. 7° 9' East
40.01 Set ¼ Section post
Aspen 10 S 83½ E 25 lks
Double Birch 10 N 30° W 29 lks
46.50 Intersected lake & set
meander corner
Tamarac 6 S 41½ E 104 lks
do 5 N 44½ E 75 ""
68.88 Over lake & set meander
corner
Y. Pine 24 N 61½ W 74 lks.
Birch 9 S. 21° E 42 ""
80.02 Section Corner
Surface rolling
Soil 3 rd rate
Timber Birch, Aspen &
Tamarac
158
Range 6 East of 4th Mer.
West random bet.
Sections 7 & 18
Var. 7° East
75.20 Intersected West boundary
188 links North of post
East corrected between
Sections 7 & 18
Var. 8° 26' East
9.00 Enter Cedar swamp
unfit for cultivation
bears N & S
18 21 Tomahawk creek 70 lks
wide runs South &
leave swamp
35.20 Set ¼ Section post
W. Pine 9 N 29½ W 22 lks.
Y. Pine 9 S 55° E 36 ""
67.00 Enter marsh unfit for
cultivation Bears NW & SE
75.00 Leave same course NW & SE
75.20 Section Corner
Surface rolling. Soil
3 rd rate. Timber Birch
Pine & Aspen",survey_notes,silver_claude
survey_003_p0032,survey_003,"159
Township 39 North
North between Secs.
7 & 8
Variation 7° East
13.32 Intersect lake & set
meander corner
W. Pine 9 S 12° E 201 lks
do 9 S 15° W 210 ""
21.25 Over same & set
meander corner
Y. Pine 10 N 86½ W 69 lks
do 9 N 55° E 8 ""
40.00 Set ¼ Section post
B. Pine 11 S 36° E 12 lks
do 9 N 48° W 23 ""
41.50 Enter open marsh unfit
for cultivation, course NE & SW
51.50 Leave same bears NE & SW
72.75 Portage trail course NW & SE
75.89 Tomahawk creek 100
links wide runs SW
80.00 Set post Cor. Secs. 7 & 8
Aspen 7 S 80° W 6 lks.
W. Pine 8 N 53° E 80 ""
Surface rolling. Soil 3rd
rate. Timber Birch, Aspen
& Pine
160
Range 6 East of 4th Mer.
East random between
Sections 5 & 8
Var. 7° East
79.68 Intersected North & South
line 25 links North of post
West corrected between
Sections 5 & 8
Var. 6° 49' East
39.84 Set ¼ Section Cor. post
Aspen 10 N 52½ W 40 lks.
do 10 S 9 E 20 lks.
58.00 Enter swamp. Unfit
for cultivation, course
NE & SW
71.46 Tomahawk Creek 75
links wide runs SW
& leave swamp
79.68 Section Corner
Surface rolling
Soil 3 rd rate
Timber Birch, Maple
& Pine
Undergrowth Hazel
& Maple",survey_notes,silver_claude
survey_003_p0033,survey_003,"161
Township 39 North
West random bet.
Sections 6 & 7
Var. 9° 30' East
75.93 Intersected West
boundary at post
East corrected between
Sections 6 & 7
Variation 9° 30' East
5.00 Tomahawk Creek 75
links wide runs SE
35.00 Same runs NW
35.93 Set ¼ Section post
Birch 5 S 66° E 165 lks.
No other
52.50 Trail bears NW
75.93 Section Corner
Surface rolling
Soil 3 rd rate
Timber Birch, Pine,
& Aspen
Undergrowth Hazel
& Maple
162
Range 6 East 4th Mer.
North random between
Sections 5 & 6
Variation 7° East
45.10 Intersected North
boundary 30 links
East of post
South corrected bet.
Sections 5 & 6
Var. 7° 23' East
5.10 Set ¼ Section post
Birch 8 N 21° W 71 lks.
Tamarac 7 S 50° E 47 lks.
45.10 Section Corner
Surface rolling
Soil 3 rd rate
Timber B. Pine
No undergrowth
October 23, 1863",survey_notes,silver_claude
survey_003_p0034,survey_003,"163
Township 39 North
Meanders of West shore of
Tomahawk Lake, beginning
on South boundary
1 Variation 7° 30' East
N 46 W 3.00 In Sec. 36
S 80¼ W 4.50
N 18 W 1.00 Enter Tamarac
bears SW.
N 62 W 1.50
N 16½ E 3.00
N 26 E 4.00 Leave swamp bears SW
N 65 E 3.50
N 21 E 1.00
N 34 W 4.00
N 2 W 5.00
N 22 E 3.00
N 9½ W 7.00
N 54 E 7.50
N 29½ E 4.00
N 88½ E 4.50
S 53½ E 9.50
N 37 E 8.50
N 19½ E 6.20
N 75 E 3.00
S 55 E 7.00
164
Range 6 East 4th Mer.
N 45½ E 3.90
N 40½ W 1.75
N 85 W 8.00
N 65 W 2.00
N 29 W 3.00
N 8½ E 3.50
N 27½ W 6.00
N 8 E 12.68
N 88½ E 7.50
N 50½ E 2.50
N 26 W 4.70
N 78 E 13.80 To line of
2 Sections 25 & 36
Banks high Soil
3rd rate. Timber
Pine, Birch, Maple
N 74½ W 8.25 In Sec. 25
N 68 W 3.50
N 36½ W 9.00
N 46 W 1.60
S 28 W 4.50
N 87½ W 2.50
N 71½ W 2.00",survey_notes,silver_claude
survey_003_p0035,survey_003,"165
Township 39 North
N 20½ W 6.25
N 75 W 1.50
N 81 W 3.50
S 64 W 2.00 Enter Tamarac
swamp brs. SW
N 69 W 3.50
N 9 W 20.00 At 5.00 stream
5 links wide
runs NE
N 54 W 5.00 Leave Tamarac
bears SW
N 24½ E 3.50
N 34½ E 8.50
N 88 W 3.00
North 3.50
N 11½ E 5.00
N 36 E 7.50
N 53 E 3.50
N 56½ W 4.00
N 30 W 1.50
N 22½ W 2.50
N 45 W 2.00
N 9 E 3.00
N 3 E 3.50 to line of Secs
24 & 25. Banks high. Soil
3rd rate. Timber
Birch, Maple, Pine
166
Range 6 East 4th Mer.
N 37 E 2.37 In Sec. 24
N 13 E 3.00
N 5½ W 6.50 At 2.00 enter
Tamarac bears SW
N 38 E 5.00
N 24 E 7.00
N 68½ E 5.00 At 3.50 Trail
bears NW
S 82 E 11.25
N 78 E 5.89 To outlet 200 lks.
wide NE
N 46½ E 3.00 Over outlet
S 25½ W 11.00 At 300 leave
swamp NE
S 44 W 8.70
S 26½ W 9.70 To line of
Sections 24 & 25
Banks low Soil
3rd rate
Timber Tamarac
& Pine
4
S 2½ W 12.50 In Sec. 25
S 48 W 6.00
S 8½ W 2.28
S 60 E 6.50
S 39 E 8.00",survey_notes,silver_claude
survey_003_p0036,survey_003,"167
Township 39 North
N 80 ½ E 11.50
N 50 E 2.00
N 36 ½ E 5.00
S 72 E 6.00
N 85 ½ E 4.00
S 40 E 5.50
S 62 E 2.00
N 46 E 1.50
N 5 W 1.50
N 64 E 1.50
N 82 E 6.00
S 79 ½ E 3.50
S 43 ½ E 3.50 To range line
5 Banks high. Soil
3 rd rate
Timber Birch
Pine & Tamarac
Beginning on range
line 47.54 chains North
6 of corner to Secs. 25 & 36
S 65 W 24.00 In Sec. 25
S 24 ½ W 4.00
S 5 ½ W 4.00
168
Range 6 East 4th Mer.
S 75 E 3.50
S 86 E 11.00
S 74 E 10.00 to range line
7 Banks high. Soil
3 rd rate. Timber
Birch, Maple, Pine
Meanders of a Lake in
Sections 10, 11, 12, 13, 14, 15,
22 & 23. Beginning on
range line on North
8 side of lake
N 79 ½ W 15.00 In Sec. 13
N 32 E 12.50
N 55 E 6.00
N 72 W 8.00
S 59 ½ W 8.50
N 37 ½ W 1.50
N 44 ½ W 7.00
N 31 ½ W 3.00 (31°) to line
9 of Secs. 12 & 13
Surface level. Soil
3 rd rate. Timber
Pine, Birch, Aspen",survey_notes,silver_claude
survey_003_p0037,survey_003,"169
Township 39 North
N 6 E 14.70 In Sec. 12
N 50 W 6.00
S 76½ W 4.00
S 65 W 7.00
S 82½ W 7.00
N 75½ W 5.00
N 72 W 7.00
N 64 W 9.50
N 77 W 8.50
N 59½ W 2.50
N 18½ W 4.50
N 30 E 11.50
N 5½ W 3.00
N 61 E 6.00
N 41 E 5.00
N 20 E 4.50
N 8½ E 3.50
N 52½ W 4.00
S 56 W 6.00
N 70 W 10.50 To line of Secs.
11 & 12. Banks
low & sandy.
Soil 3 rd rate
Timber Pine, Birch & Maple
170
Range 6 East 4th Mer.
10
N 85 W 3.00 in Sec. 11
S 35 W 7.00
S 17 W 15.00
West 4.50
S 58 W 7.00
S 7 W 8.00
S 15½ E 5.00
S 70½ E 4.50
S 53½ E 2.00
S 9 W 4.00
S 23 W 4.00
S 9 W 4.00
S 12½ W 4.00
S 17 W 1.50
S 67 W 9.70 To line of Secs.
11 & 14. Banks low
& wet. Soil 3 rd
rate. Timber
Pine, Birch &
Maple
11
S 2½ E 2.50 In Section 14
S 38½ E 10.50
S 1½ W 6.50",survey_notes,silver_claude
survey_003_p0038,survey_003,"171
Township 39 North
S 50 E 3.50
S 72 E 4.50
S 41½ E 1.50
S 21 E 2.50
S 13 E 2.00
S 36½ W 2.50
S 71 W 3.50
S 54 W 6.00
S 5 E 2.50
S 28½ E 2.50
S 21 W 4.50
S 56 W 4.00
S 11 W 4.85
N 41½ W 3.00
S 76½ W 4.50
N 65 W 2.50
N 13 W 6.50
N 23 W 10.00
N 60½ W 5.00
S 71½ W 4.50
S 37 W 7.50
S 9 W 6.00
S 42½ W 2.50
S 64 W 3.00
172
Range 6 East 4th Mer.
N 29½ W 4.50
N 17 W 4.50
N 57½ W 4.00
N 64 W 3.61 To NW corner
N 44 W 10.20 of log house
N 18½ E 9.00
N 38 E 3.50
N 61 E 5.00
N 79½ E 3.50
S 81½ E 3.50
N 58 E 6.00
N 26½ E 5.50
N 88 E 3.00 Enter Tamarac
S 40 E 5.00 swamp bears SW
N 83 E 6.50
N 28 E 4.50
N 72 W 6.50 To line of Secs.
11 & 14, & leave
swamp, bears NE
Banks high. Soil
3rd rate. Timber
Y. Pine. Birch &
Aspen",survey_notes,silver_claude
survey_003_p0039,survey_003,"173
Township 39 North
12
North 7.00 In Section 11
N 51 W 5.00
N 14½ E 2.50
North 2.50
N 9 W 3.63
N 14 W 3.70
N 46½ W 3.00
N 18½ W 4.50
N 63½ E 5.00
N 29½ E 2.00
N 8½ W 3.50
N 46½ W 3.50
N 34 W 2.00
N 50½ W 6.00
N 77 W 1.50
S 27 E 5.00
S 7 E 5.50
S 76 W 6.00
N 85 W 3.00
S 64½ W 5.00
S 62½ W 3.00
S 41 W 6.50
S 46 W 3.00
174
Range 6 East of 4th Mer.
S 41 W 8.50 To line of Secs.
10 & 11. Banks
low. Soil 3 rd
rate. Timber Pine
Tamarac & Birch
13
S 35 W 1.00 In Section 10
S 23 W 2.50
S 21½ W 2.50
S 3 E 3.50
N 77½ W 2.00
S 68½ W 4.50
S 62½ W 4.80
S 22 E 3.00 To line of Secs.
10 & 15. Banks
high. Soil 3 rd
rate. Timber
Pine, Maple, Birch
14
S 78½ E 11.50 To line of
Sections 14 & 15
15
S 22 E 2.70 in Section 14
S 42 E 4.50",survey_notes,silver_claude
survey_003_p0040,survey_003,"175
Township 39 North
S 51½ W 5.40 To line of Secs.
14 & 15. Banks
high. Soil 3rd
rate. Timber
Pine & Birch
16
S 51½ W 7.00 In Section 15
S 15 E 11.00
S 26½ W 8.50
S 57½ W 3.00 To outlet 2.00
runs west.
St. germains band
of Indians have
a village of 10 or
a dozen houses
opposite the last
2 courses
S 31½ E 3.50
S 12 E 4.00
S 31 E 3.50
S 45½ E 6.22 To line of Secs.
17
15 & 14. Banks high.
Soil 3rd rate
Timber Birch & Pine
176
Range 6 East 4th Mer.
17
S 18 E 7.00 In Section 14
S 6 E 5.00
S 60½ W 3.00 To line of
Sections 14 & 15
18
S 57 W 7.00 In Section 15
S 11¾ W 13.00 To line of Sections 15 & 22
19
S 4 W 6.00 In Sec. 22
S 36 W 3.50
S 21½ E 6.00
S 14 E 3.00
S 30 E 1.50
S 39 E 5.50
N 66 E 5.20 To line of Secs.
22 & 23 Banks
high. Soil 3rd
rate. Timber
Pine & Birch
20
N 83 E 2.00 In Sec. 23
S 81 E 5.00
S 86 E 4.50
N 67 E 8.50
N 44½ E 4.50
S 79½ E 6.50
S 53 E 8.00",survey_notes,silver_claude
survey_003_p0041,survey_003,"177
Township 39 North
N 83 E 1.50
S 6 E 5.00
N 66½ E 2.50
N 1½ E 5.00
N 9½ E 4.00
N 65½ W 4.50
N 55 W 1.50
N 6½ E 3.00
N 75½ W 11.50
N 78 W 6.50
N 13½ W 3.50
N 23½ W 4.50 To line Sections
21
14 & 23. Banks
low. Soil 3 rd
rate. Timber
Pine. Tamarac
& Birch
N 43 E 5.00 In Section 14
N 5½ W 8.00
N 25½ E 2.50
N 11 E 2.50
N 12 E 8.50
N 70 E 2.50
178
Range 6 East 4th Mer.
S 47½ E 3.00
S 88½ E 12.50
S 41½ E 3.50
S 67½ E 5.00
S 87 E 8.50
N 60½ E 3.50
S 63 E 2.50
S 25 E 9.50
S 29 E 5.50
S 19 E 4.00
S 60 E 2.00 Portage trail SE
N 81½ E 10.50
N 10½ E 4.50
N 6½ E 2.40 To line of
22
Sections 13 & 14
Banks high
Soil 3 rd rate
Timber small
Birch & Aspen
N 59 E 3.00 In Sec. 13
N 85½ E 4.00
N 53 E 6.00
N 59 E 5.50",survey_notes,silver_claude
survey_003_p0042,survey_003,"179
Township 39 North
N 64 E 12.50
N 7 E 4.50
N 18 W 7.50
N 20 E 5.75
N 79½ E 6.50
N 30½ E 9.50
S 67½ E 8.00
S 81½ E 2.00
S 6 W 4.00
S 59 E 2.50
N 45 E 5.25
N 82 E 5.00
S 89 E 5.00
S 65 E 7.00
S 37½ E 6.00
S 83 E 2.50
N 81 E 4.10 To range line
23 Banks high
Soil 3 rd rate
Timber Pine
& Birch
180
Range 6 East of 4th Mer.
Meanders of a lake in
Secs. 26 & 27. Beginning
on North side on line
between Sections 26 & 27
24 Var. 7° East
N 16 E 2.50 In Sec. 26
S 83 E 4.50
S 38 E 11.00
S 29½ E 4.50
S 41 E 2.50
S 3 W 5.00
S 12½ W 3.00
S 43½ W 9.00
West 3.00
N 73 W 4.50
N 23 ¼ W 3.80 To line of
Sections 26
& 27
25
N 71½ W 6.50 In Sec. 27
N 30½ W 3.50
N 60 W 2.50
N 39 W 1.50
N 62½ W 3.50",survey_notes,silver_claude
survey_003_p0043,survey_003,"181
Township 39 North
N 31½ W 4.50
North 5.00
S 88½ W 3.50
S 65½ W 4.00
N 72 W 6.00
N 22 E 6.00
N 30 W 2.50
N 18 W 1.25
N 67½ W 4.00
N 27 E 2.50
N 84½ E 4.00
N 44 E 4.50
N 76½ W 2.50
S 65 W 2.50
N 48 W 8.50
N 60 E 6.00
S 83½ E 4.50
N 73 E 1.50
N 54 E 2.00
S 77 E 3.50
S 25 E 3.50
S 47 E 7.25
N 89 E 4.00
S 40 E 7.00
182
Range 6 East 4th Mer.
S 47 E 2.00
S 22 E 6.00 To place of
24 beginning.
Surface level.
Soil 3 rd rate
Timber Pine,
Birch & Maple
Meanders of a lake in
Sections 10 & 11. Beginning
on north side of line
between Sections 10 & 11
26 Variation 7° East
N 74 E 6.35 In Section 11
Leave Tamarac N.
S 25½ E 8.50
S 8½ E 5.00
S 57½ E 5.00
S 34 E 8.00
S 30½ W 2.50
S 74 W 7.50
N 81 W 6.00
N 62½ W 5.90 To line of Secs. 10 & 11
Banks low. Soil 3 rd rate
27 Timber Pine, Tamarac
& Birch",survey_notes,silver_claude
survey_003_p0044,survey_003,"183
Township No. 39 North
N 75½ W 2.91 In Sec. 10
N 27½ W 4.50 Enter Tamarac
course NW
N 6½ W 5.50
N 10 E 10.00
N 69½ E 4.00 To Beginning
26 Banks low, Soil
3rd rate
Timber Tamarac
Meanders of South end of
Lake in Sections 1 & 2, Beginning
on East side on north boundary
75.00 chs. west of corner to
Township
28
S 39 W 8.00 In Section 1 to
line of Sections
1 & 2
29
S 10½ W 5.90 In Sec. 2
N 88 W 4.00
N 36 W 4.00
N 22 E 5.75
N 52 E 3.50
184.
Range 6 East of 4th Mer.
N 33½ E 3.00 To north
30 boundary, Banks
low. Soil 3rd
rate. No timber
Meanders of South side of
lake in Section 3 beginning
on North boundary on East
side of lake 7.62 west of
Section corner
31
S 77¼ W 4.12 In Section 3
N 73 W 2.50 To Town line
32
Beginning 17.67 West
33 of corner to Secs. 2 & 3
S 73 W 22.00 In Sec. 3
N 64 W 3.00
N 54 W 4.00
N 25 E 3.00
N 89½ E 3.40 To Town line
34 Banks high
Soil 3rd rate
Timber Birch & Pine",survey_notes,silver_claude
survey_003_p0045,survey_003,"185
Township 39 North
Meanders of North end
of Lake in Section 34 beginning
on South boundary 32.33 chs.
West of corner to Sections
34 & 35
35
N 80½ W 2.00 In Sec. 34
S 73 W 1.26 To township
36
line, Banks
low. Soil 3rd
rate. Timber
Tamarac & Birch
Meanders of a lake in Secs.
28. 29. 32 & 33 beginning on
South side on line between
Sections 32 & 33
37 Var. 7° East
S 34 W 1.40 In Sec. 32
S 48½ W 3.00
S 21 W 1.50
N 45 W 3.50
N 68½ W 2.00
N 88½ W 2.00
N 51 W 1.00
186
Range 6 East 4th Mer.
N 25½ W 4.00
N 66 W 3.50
N ½ W 3.80 To line of
38
Sections 29 &
32. Banks high
Soil 3rd rate
Timber Birch
& Maple
N 40 W 2.00 In Sec. 29
N 21 W 6.00
N 65 W 1.50
N 83 W 5.00
N 39½ W 4.50
N 5½ W 5.00
N 43½ W 3.50
N 58 W 4.00
N 37 W 3.00
N 46 W 7.00
S 78 W 8.50
N 62½ W 1.50
S 50 W 2.50
N 74 W 2.50
N 40 W 1.50",survey_notes,silver_claude
survey_003_p0046,survey_003,"187
Township 39 North
N 13 ½ W 8.50
N 31 ½ W 4.50
N 16 ½ E 14.50
S 68 ½ E 4.50
N 79 ½ E 2.50
N 49 E 6.00
N 19 E 6.00
N 4 W 1.50
N 39 ½ W 2.00
N 10 ½ W 2.00
N 33 E 5.00
N 3 E 3.20
N 76 ½ E 10.00
S 42 E 12.50
S 83 E 17.50
N 71 E 1.00
N 40 E 1.00
N 10 ½ E 2.50
N 84 E 4.20 To line of Secs.
28 & 29. Banks
high. Soil 3 rd rate
Timber Birch,
Maple & Pine
188
Range 6 East 4th Mer.
39
S 65 ½ E 5.00 In Sec. 28
S 45 E 9.50 Trail north
S 17 E 21.50
S 11 ½ W 9.00
S 61 ½ E 3.30
S 1 ½ E 5.00
S 27 E 2.50
S 81 E 1.00
N 66 E 1.00
N 28 ½ E 2.50
N 24 ½ E 3.00
N 18 ½ E 21.00
N 1 E 3.50
N 12 W 3.00
N 77 E 1.00
N 85 ½ E 8.80
S 73 ½ E 5.00
S 41 E 6.00
S 53 E 5.00
S 5 ½ W 5.00
S 70 W 1.50
S 8 W 2.15
S 54 ½ W 2.50
N 82 W 2.00",survey_notes,silver_claude
survey_003_p0047,survey_003,"189
Township 39 North
S 58½ W 3.00
S 8¼ W 11.00
S 2½ W 1.50
S 42 E 4.50
S 9 W 2.50
S 80 W 5.50
S 14 W 2.30
S 32 E 5.00
S 9½ W 5.00
S 57 W 3.85
S 86½ W 2.50
S 67½ W 5.00
S 83 W 3.00
S 81½ W 7.70 To line of Secs.
28 & 33. Banks
high. Soil 3rd
rate. Timber
Birch, Pine &
Maple
40
S 55 W 2.30 In Sec. 33
S 81 W 2.00
N 59 W 3.20 To line of
Secs. 28 & 33
190
Range 6 East 4th Mer.
41
N 76½ W 0.85 In Sec. 28
N 32 W 2.50
N 56 W 1.50
N 29½ W 2.50
N 56 W 2.50
S 23 W 2.00
S 2½ E 2.50
S 67½ E 3.50
S 17 E 1.30 To line of Secs.
42
28 & 33. Banks
high. Soil 3 rd
rate. Timber
Birch & Maple
S 56 W 4.50 In Sec. 33
S 79½ W 4.00
S 33 E 4.00
S 66½ W 2.50
S 65½ W 2.00 To beginning
37
Banks high
Soil 3 rd rate
Timber Birch.
Pine & Maple",survey_notes,silver_claude
survey_003_p0048,survey_003,"191
Township 39 North
Meanders of lake in
Sections 9, 10, 15, 16, 21 & 22
Beginning on West side on line
between Sections 16 & 21
43 Var. 7° East
S 12½ W 1.50 In Sec. 21
S 6½ W 2.50
S 25½ W 6.75 At 2.00 Portage
trail SW & enter
S 33½ E 6.67 Tamarac course NW
N 82½ E 3.00
N 54½ E 8.00
S 82 E 5.70 Leave Tamarac
S 48 E 2.00 course SW
N 32 E 6.40
N 81½ E 1.50
N 67½ E 2.50
N 78½ E 7.00
N 65½ E 6.50
S 74 E 5.00
S 45½ E 4.00
S 35 W 5.50
S 50 W 7.50
S 32 W 8.00
192
Range 6 East 4th Mer.
S 8 W 5.00
S 16½ E 4.50
N 83 E 4.00 at 2.35 trail SW
N 61 E 4.00
S 70½ E 1.50
S 33 E 2.00
S 50 E 1.50
S 87½ E 6.50
S 35½ E 1.50
N 25 E 2.00
N 40 E 2.50
N 16 E 7.50
N 25 E 6.50
N 56 E 2.00
N 19 E 4.00
N 6½ W 3.50
N 87½ E 4.00 To line of Secs.
44 21 & 22. Banks
high. Soil 3rd
rate. Timber
Tamarac, Birch
& Pine",survey_notes,silver_claude
survey_003_p0049,survey_003,"193
Township 39 North
East 2.00 In Sec. 22
S 58 E 3.00
S 36 E 6.00
S 65½ E 2.00 Stream 8 links
wide runs NE
S 76½ E 4.00
East 3.50
N 45 E 4.00
N 32 E 6.00
N 16½ W 1.40
N 81 W 10.50
N 54 W 4.90 To line of Secs.
15 & 22. Banks
high. Soil 3 rd
rate. Timber
Birch & Aspen
45
N 58 W 10.20 In Section 15 to
line of Secs. 15 & 16
46
N 35½ W 6.50 In Section 16
N 84½ E 3.50 To line of Secs.
15 & 16, Banks low.
Soil 3 rd rate
Timber Pine & Birch
194
Range 6 East of 4th Mer.
47
N 83 E 3.00
N 33 E 12.00
N 55½ E 6.00
N 33 E 8.00
S 81 E 6.00
East 3.00
S 67½ E 2.00
S 63 E 9.00
S 79½ E 5.00
N 74½ E 3.00 Enter marsh bears SW
N 88 E 4.00
N 41 E 6.00 Leave marsh bears south
N 57½ E 4.50
N 70 E 5.00
N 23 E 2.00
N 7 W 1.50 Inlet 2.50 lks.
wide runs west
N 33½ W 5.00
S 63½ W 6.00
N 15 W 2.00
N 32 W 9.00
S 63½ W 6.50
N 80 W 3.50
N 13 E 4.00
S 53 E 2.00",survey_notes,silver_claude
survey_003_p0050,survey_003,"195
Township 39 North
N 78 E 7.00
North 5.50
N 6 W 8.50
N 20 E 8.00
N 50 W 2.00
North 6.00 To line of Secs.
10 & 15. Banks
high. Soil 3rd
rate. Timber
Birch, Pine &
Tamarac
48
N 10 E 4.50 In Sec. 10
N 43 W 6.50
N 63 W 5.00
S 46 W 7.50
N 42 W 4.00
N 31½ W 6.50
N 40½ W 6.00
S 85 W 2.50
N 65½ W 4.50
S 66 W 7.50
S 89 W 7.00
N 4½ E 2.50
196
Range 6 East 4th Mer.
N 73 W 6.80 To line of
Sections 9 & 10
Banks low.
Soil 3rd rate
Timber Pine,
Birch &c
49
N 1 W 7.00 In Sec. 9
West 7.50 Outlet 250
runs NW
S 67 W 2.50
S 26 E 3.50
S 15 W 6.00
S 14 E 4.50
S 51½ E 4.00
S 73 E 3.00
S 48½ E 4.00 To line Sections
9 & 10. Banks
low. Soil 3rd
rate. Timber
Pine & Birch
50
S 76½ E 2.38 In Sec. 10
S 72½ E 2.00
S 79 E 10.00",survey_notes,silver_claude
survey_003_p0051,survey_003,"197
Township 39 North
S 9½ W 2.00
S 19 E 3.00 To line of Secs.
10 & 15. Banks
low & sandy.
Soil 3 rd rate
Timber Birch
& Pine
51
S 18½ W 2.50 In Sec. 15
S 49 E 4.00
N 75 E 7.00
N 33 E 2.00
S 78½ E 2.00
S 57 W 2.50
S 26½ E 4.00
S 42 E 7.50
S 54 W 3.00
S 53 W 2.50
S 73 W 4.50
N 89 W 4.00
N 57½ W 3.50
N 44 W 5.00
S 83 W 1.50
S 79 W 3.50
198
Range 6 East 4th Mer.
S 52 W 3.00
N 85 W 2.50
S 24 W 4.20 To line of
Sections 15 &
16. Banks
high. Soil 3rd
rate. Timber
Birch & Maple
52
N 25 W 1.50 In Sec. 16
N 6 E 4.50
N 56 W 3.00
N 73½ W 5.00
N 50 W 3.50
N 69½ W 7.50
N 83½ W 4.00 To line of Sections
N 66 W 6.40 "" "" "" ""
53
9 & 16
Banks low &
sandy
Timber Pine
& Birch",survey_notes,silver_claude
survey_003_p0052,survey_003,"199
Township 39 North
N 33 W 3.00 In Section 9
N 13 W 3.00
N 10 E 3.50 Enter Tamarac
N 35 W 3.00 swamp bears SE
N 83½ W 4.50 Leave swamp
bears SW
S 35 W 3.00
S 45 W 3.00
S 34 W 2.50 Trail bears NW
S 26 W 4.00
S 69 E 4.50 To line of Secs.
54 9 & 16. Banks
low. Soil 3 rd
rate. Timber
Tamarac &
Birch
S 37½ W 1.50 In Section 16
S 41 W 3.00
S 29 W 4.00
S 24 W 3.50
S 13 W 8.00
S 10 W 4.50
S 23 W 8.50
200
Range 6 East 4th Mer.
S 5 E 3.50
S 15 W 5.00
S 51½ E 4.00
S 58 E 3.50
S 72 E 3.00
S 67½ E 3.50
S 44 E 2.50
S 30 E 6.00
S 34 E 5.00
S 86 E 3.50
N 45½ E 5.00
N 75 E 2.50
S 22 E 2.00
S 24 W 3.50
S 41½ W 8.50
S 69 W 11.00
N 79 W 3.00
S 41 W 4.00
N 84 W 5.00
N 32 W 3.00
N 25½ W 2.00
N 12½ W 3.00
N 71½ W 2.50
N 45½ W 3.50",survey_notes,silver_claude
survey_003_p0053,survey_003,"201
Township 39 North
N 32 W 4.50
S 88 W 2.00
S 22½ W 4.00
S 25 W 5.00
S 34½ W 2.00 Trail bears West
S 19 W 5.00
S 10½ W 3.00
S 12½ E 4.50
S 46½ E 4.60 To Beginning
43 Land & timber
same
Meanders of a lake in
Sections 20 & 21. Beginning
on South side on line
between Secs. 20 & 21
55 Variation 7° East
N 62 E 3.00 In Section 21
S 82½ E 3.00
S 85 E 5.00
N 51 E 5.50
N 23 E 5.50
N 27 E 5.75
N 82 W 10.00
202
Range 6 East 4th Mer.
N 70½ W 6.00
S 59½ W 4.90 To line of
56 Sections 20 &
21. Banks high
Soil 3 rd rate
Timber Birch.
Maple & Pine
N 40 W 5.50 In Sec. 20
S 54 W 20.00
S 41¾ E 18.00
N 55 E 9.20 To beginning
55 Banks low
Soil 3 rd rate
Timber Tamarac
& Pine
Meanders of a lake in Secs.
8 & 9. Beginning on north
side on line between
Sections 8 & 9.
57 Variation 7° East
S 73 W 8.50 In Sec. 8
S 21 W 2.00",survey_notes,silver_claude
survey_003_p0054,survey_003,"203
Township 39 North
S 21 E 3.50
S 54 E 5.50
N 62½ E 3.60 To line of Secs.
58 8 & 9. Banks
high & sandy
Timber Pine
& Birch
S 80 E 7.00 In Section 9
N 72 E 1.00
N 69 E 7.00
N 3 W 5.00
N 31½ E 6.50
N 42 E 5.00
N 61 E 2.50
N 27 W 4.00
N 81 W 3.50
West 6.50
N 23 W 2.50
N 23 E 3.00 Stream 4 North
S 72 W 1.00
S 34½ W 6.50
S 16½ W 3.00
S 30 W 9.50
204
Range 6 East 4th Mer.
S 82½ W 1.70 To beginning
57 Banks high
Soil 3rd rate
Timber Pine
& Birch
Meanders of a lake in Secs.
7. 8. & 17. Beginning on
East side on line between
Sections 8 & 17
59 Variation 7° East
N 20 E 4.50 In Sec. 8
N 62 W 4.00
N 15½ W 11.00
N 50 W 9.00
S 69 W 5.50
N 29 W 2.00
S 74 W 1.00
N 83 W 10.00
S 61 W 3.50
S 77½ W 2.00 To line of Secs.
7 & 8. Banks
high. Soil 3rd
rate. Timber Pine & Birch",survey_notes,silver_claude
survey_003_p0055,survey_003,"205
Township 39 North
60
S 77½ W 5.00 In Sec. 7
S 19½ W 2.50
S 44½ E 5.00
S 70 E 2.60 To line of Secs.
7 & 8. Banks
high & sandy.
Timber Pine
& Birch
61
S 78 E 9.40 In Sec. 8
S 38 E 3.50
S 4 E 8.20 To line of
Sections 8 & 17
62
S 45 E 10.00 In Sec. 17
N 85 E 6.40
N 52 E 11.00 To beginning
59
Banks high.
Soil 3rd rate
Timber Birch.
Maple & Pine
206
Range 6 East of 4th Mer.
Meanders of point of lake
in Section 19. Beginning
on range line on south
side of lake
63
N 28½ E 5.00 In Sec. 19
N 37 W 4.10 to west
boundary
64",survey_notes,silver_claude
survey_003_p0056,survey_003,"207
Township 39 North
General Description
This township is
mostly high dry
rolling surface. Soil
sandy. Some good
pine in NE corner
of Township. There
are numerous large
& beautiful lakes
well stocked with
fish
208
Range 6 East 4th Mer.
Affidavit
I, Alexander Anderson,
Deputy Surveyor, do
solemnly swear that in
pursuance to a contract
with Henry A. Wiltse
Surveyor General of the
United States for Iowa &
Wisconsin, bearing date
June 12th, A.D. 1863, and
in strict conformity to the
laws of the United States
and instructions of the
said Surveyor General
I have regularly surveyed
and subdivided into
Sections Township No. 39
North of Range No. 6 East
of the 4th Principal Meridian
State of Wisconsin. And
I do further swear that
the foregoing are the
true & original field
notes of said survey",survey_notes,silver_claude
survey_003_p0057,survey_003,"209
Township 39 North
executed as
aforesaid.
Alexander Anderson
Deputy Surveyor
E. Chamberlin
Horatio T. Wood
Wm. K. Brown
Chainmen
John G. Smith
M. S. Batterton
markers
210
Range 6 East 4th Mer.
Subscribed by the
said Alex. Anderson
Deputy Surveyor, &
sworn to before me
at my office in the
city of Dubuque,
Dubuque County, State
of Iowa the 31st day
of March, A.D. 1864.
Witness my hand
and Seal
(Seal) Wm. Johnson
Revenue Notary Public
Stamp for Dubuque Co.
5¢ Iowa",survey_notes,silver_claude
survey_003_p0058,survey_003,"211
Township 39 North
Surveyor General's Office
Dubuque
The foregoing field notes
of the survey of Township
39 North, Range 6 East
of the 4th Principal Meridian
in the State of Wisconsin
executed by Alexander
Anderson, under his
contract of June 12, 1863
in the month of October
1863, having been critically
examined, the necessary
corrections & explanations
made, the said field
notes and the surveys
they describe are hereby
approved
Henry A. Wiltse
Surveyor General
Range 6 East 4th Mer.",survey_notes,silver_claude
survey_004_p0005,survey_004,"6
Township 32 North Range 13 West 4th Mer
69.00 Enter Swamp bears N.E.
80.33 Section corner
Surface rolling, Soil 3d rate
Timber Tamarac in Swamp
on upland White and Black
Oak Sugar Linn and
Elm undergrowth of Hazel
Alders and Weeds
North between Sections 25 & 26
Variation 8° East
400 Leave Swamp bearing
N.W.
18.00 Creek 6 links wide runs East
and Enter Swamp bearing
2500 Leave Swamp for upland bearing
40.00 Set quarter Section Post
Sugar 11 S 20 W 13 links
Sugar 10 N 29 W 6 links
7
Township 32 North Range 13 West 4th M
80.00 Set Post corner to Sections
23, 24, 25 & 26.
Birch 16 S 51½ E 63 links
Sugar 10 N 24½ W 6 links
Surface rolling
Soil 2d rate. Timber
Sugar, White Oak, White Pine
Tamarac Ash Linn and
Birch undergrowth of
Prickley Ash, Alder, Hazel, and Thorns
East random between Sections 24 & 25
Variation 7° 30' East
80.40 Intersect Range Line 65 links
North of Post
West correction between Sections 24 & 25
Variation 7° 2' East
5.50 Enter bottom and Marsh bears S E",survey_notes,human
survey_004_p0006,survey_004,"8
Township 32 North Range 13 West 4th Mer
11.35 Creek 10 links wide runs East
14.00 Leave Marsh for Swamp bearing
South
30.50 Leave Swamp for upland
bearing South and N.W.
40.20 Set quarter Section Post
Burr Oak 14 N 82½ E 387 links
Burr Oak 12 S 69 E 275 ""
80.40 Section corner
Surface rolling Soil 2d rate
Timber Ash, Tamarac, Elm
Oak and Pine, undergrowth
Prickley Ash, Alder and Hazel
North between Sections 23 & 24
Variation 7° 50' East
9.00 Enter Swamp bears East
10.50 Creek 3 links wide runs N E
22.50 Leave Swamp for upland bearing
North East
9
Township 32 North Range 13 West 4th Mer
40.00 Set quarter Section Post
Aspen 14 S 13½ W 20 links
Birch 9 N 48½ E 45 links
46.50 Enter bottom bears S.E. low and wet
59.50 Creek 12 links wide runs S 60° E
78.50 Leave bottom unfit for cultivation
for upland bearing S.E.
80.00 Set Post corner to Sections
13 14, 23, & 24,
Burr Oak 11 N 26 W 6 links
Burr Oak 13 S 26 E 27 links
Surface generally level, bottoms
wet Soil 3d rate
Timber Aspen, Ash, Pine
Burr Oak Maple and Birch
undergrowth Alders, Briers
and Thorns.",survey_notes,human
survey_004_p0007,survey_004,"10
Township 32 North Range 13 West 4th
East random between Sections 13 & 24
Variation 7° 5' East
80.70 Intersect Range Line 80 links
North of Post
West corrected between Sections 13 & 24
Variation 6° 31' East
40.35 Set quarter Section Post
Elm 7 S 56 W 15 links
Maple 8 N 65 W 17 links
80.70 Section corner
Surface rolling Soil 2d rate
Timber. Aspen, Linn, Maple
White & Bur Oak Pine and
Birch, undergrowth of weeds
Oct 7th 1852
11
Township 32 North Range 13 West 4th Mer
North between Sections 13 & 14
Variation 7° 35' East
40.00 Set quarter Section Post
Bur Oak 6 N 54½ W 7 links
Bur Oak 12 S 43 E 45 ""
80.00 Set Post corner to Sections
11, 12, 13 & 14,
Birch 30 S 29 W 14 links
Ironwood 8 N 28½ E 30 links
Surface rolling Soil 2d rate
Timber Maple White
and Bur Oak, Linn
Aspen Elm & Birch
Undergrowth Ironwood, Beach,
Prickley Ash, Briers, and weeds,
East Random between Sections 12 & 13
Variation 7° East
80.20 Intersect Range line 141 links North
of Post",survey_notes,silver_claude
survey_004_p0008,survey_004,"12
Township 32 North Range 13 West 4th Mer
West corrected between Sections 12 & 13
Variation 6° East
40.10 Set quarter Section Post
Red Oak 8 S 31 W 10 links
Red Oak 5 N 10 W 24 ""
80.20 Section corner
Surface rolling, Soil 2d rate
Timber Sugartree White, Red,
and Burr Oak, Linn Aspen
and Birch, Undergrowth
Iron wood, Briers & weeds,
North between Sections 11 & 12
Variation 6° 50' East
16.50 Creek 4 links wide runs S.W.
40.00 Set quarter Section Post
Sugartree 14 S 41 E 14 links
Sugartree 12 N 75 W 95 ""
61.19 White Pine 22 inches in diameter
13
Township 32 North Range 13 West of 4th Mer
80.00 Set Post corner to Sections
1. 2. 11. & 12
Birch 14 N 42 E 57 links
Sugartree 12 S 57½ W 42 links
Surface Broken Soil 3d rate
Timber White and Black
Oak Aspen & Linn
Undergrowth Briers,
Iron wood and Weeds
East random between Sections 1 & 12
Variation 6° East
79.70 Intersect Range line 55 links
North of Post
West corrected between Sections 1 & 12
Variation 5° 36' East
39.95 Set quarter Section Post
Black Oak 12 S 37 E 99 links",survey_notes,silver_claude
survey_004_p0009,survey_004,"14
Township 32 North Range 13 West 4th Mer
White Oak 7 N 25 W 485 links
79.90 Section corner
Surface rolling Soil 3d rate
Timber Aspen, Linn, Black
White & Bur Oak Maple Birch
and Pine, Undergrowth
Birch Aspen and Alder
North random between Sections 1 & 2
Variation 7° 31' East
74.60 Intersect South boundary of
Township 33 North 40 links
East of Post
South corrected between Sections 1 & 2
Variation 7° 48' East
34.60 Set quarter Section Post
Ash 8 N 73½ W 34 links
Hard Maple 6 S 33 E 31 links
15
Township 32 North Range 13 West 4th Mer
74.60 Section corner
Surface rolling Soil 3d rate
Timber Scattering Oak,
Aspen, Maple, and Pine,
Undergrowth Aspen Briers
& Weeds
North between Sections 34 & 35
Variation 10° 30' East
14.08 Creek 4 links wide runs S. west
40.00 Set quarter Section Post
Bur Oak 10 S 53 W 101 links
Aspen 17. N 55 E 55 links
80.00 Set Post corner to Sections
26, 27, 34 & 35,
Aspen N 73½ E 84 links
Jack Oak S 77¾ W 115 links
Surface rolling. Soil 2d rate
Timber. Scattering White Oak.",survey_notes,silver_claude
survey_004_p0010,survey_004,"16
Township 32 North Range 13 West 4th Mer
East random between Section 26 & 35
Variation 7° 16' East
79.55 Intersect Meridian Section line 61
links South of Post
West corrected between Section 26 & 35
Variation 7° 36' East
2.80 Leave Swamp and Enter upland
bearing N.W. and S.E
39.77½ Set quarter Section Post
Bur Oak 12 N 51 E 38 links
Bur Oak 14 S 62 W 63 links
79.55 Section corner
Surface rolling Soil 2d rate
Timber Oak. and a few White
Pines fire killed very Scattering
Undergrowth of Oak grubs
Briers and Weeds
17
Township 32 North, Range 13 West 4th Mer
North between Sections 26 & 27
Variation 9° 25' East
40.00 Set quarter Section Post
White Oak 10 S 78½ E 735 links
White Oak 22 N 14½ E 354 links
80.00 Set Post corner to Sections
22, 23, 26 & 27
Red Oak 25 N 84½ E 114 links
Linn 11 S 44½ W 127 links
Surface Hilly Soil 2d rate
Timber scattering trees
of Oak and Linn
undergrowth Oak grubs
Aspen and weeds
East random between Sections 23 & 26
Variation 8° East
79.82 Intersect Meridian Section Line 74
links South of Post",survey_notes,silver_claude
survey_004_p0011,survey_004,"18
Township 32 North Range 13 West 4th Mer
West corrected between Sections 23 & 26
Variation 8° 32' East
39.91 Set quarter Section Post
Bur Oak 20 S 5 W 14 links
Hard Maple 14 N 1½ E 54 links
79.82 Section corner
Surface rolling Soil 2d rate
Timber Scattering consisting
of Oak, Linn, Maple and
White Pine
Undergrowth of Oak brush,
Briers, Prickley ash, and
weeds,
North between Sections 22 & 23
Variation 9° East
40.00 Set quarter Section Post
White Ash 14 N 69 E 16 links
White Ash 20 N 61½ W 131 links
19
Township 32 North, Range 13 West 4th Mer
80.00 Set Post corner to Sections
14, 15, 22 & 23,
White Oak 22 S 56½ E 50 links
Black Oak 18 N 55½ W 78 links
Surface Hilly Soil 3d rate
No timber of any amount
Except a few Scattering White
Oaks Undergrowth of Oak
grubs and small aspens
East random between Sections 14 & 23
Variation 8° 30' East
80.20 Intersect Meridian Section
line 112 links North of
Post
West corrected between Sections 14 & 23
Variation 7° 42' East
30.10 Enter bottom bears S. E.",survey_notes,silver_claude
survey_004_p0012,survey_004,"20
Township 32 North Range 13 West 4th Mer
34.50 Creek 8 links wide runs
South East
40.10 Set quarter Section Post
Elm 11 N 90 W 60 links
White Oak 7 S 3 E 66 links
44.00 Leave bottom bears S E and
Enter upland
80.20 Section corner
Surface rolling Soil 3d rate
Timber Scattering Oak Elm
Aspen and White Pine on the
East ¾ of line Undergrowth
of Birch Aspen Oak Alder
and Briers
October 8th 1852
21
Township 32 North Range 13 West 4th Mer
Measuring chain compared
with Standard chain and
adjusted thereto it being
found ½ inch to long
North between Sections 14 & 15
Variation 8° 30' East
28.00 Oak 13 inches in diameter
40.00 Set quarter Section Post
Linn 10 S 34½ W 9 links
White Ash 9 N 56½ E 14 links
46.00 dry bed of a creek 8 links
wide bears N.E.
80.00 Set Post corner to Sections
10. 11. 14 & 15
Yellow Birch 18 S 56 W 43 links.
Yellow Birch 14 N 60 E 22 links
Surface rolling Soil 2d rate
Timber, Oak, Linn, Birch and Pine.",survey_notes,silver_claude
survey_004_p0013,survey_004,"22
Township 32 North Range 13 West 4th Mer
East random between Sections 11 & 14
Variation 8° East
80,70 Intersect Meridian Section
line 18 links South of Post
West corrected between Sections 11 & 14
Variation 8° 8' East
20,00 Creek 6 links wide runs South
40,35 Set quarter Section Post
Maple 9 S 39 W 6 links
Maple 18 N 39 E 20 links
80,70 Section corner
Surface rolling Soil 2d rate
Timber, Maple White &
Bur Oak, Linn, Elm.
and a few Large White
Pines of good quality
23
Township 32 North Range 13 West 4th Mer
North between Sections 10 & 11
Variation 8° East
3,50 Dry bed of a creek bearing
South West
40,00 Set quarter Section Post
Elm 20 N 49 W 4 links
Birch 9 S 25 E 20 ""
59,50 An Indian trail bears N,E
and S,W,
80,00 Set Post corner to Sections
2, 3, 10 & 11
Linn 18 N 51 W 30 links
Yellow Birch 14 S 61 E 36 ""
Surface rolling
Soil 2d rate Timber, Ash,
Maple Linn Birch Elm
and White Pine.",survey_notes,silver_claude
survey_004_p0014,survey_004,"24
Township 32 North Range 13 West 4th Mer
East random between Sections 2 & 11
Variation 8° 10' East
80.49 Intersect Meridian Section
Line at Post
West corrected between Sections 2 & 11
Variation 8° 10' East
40.24½ Set quarter Section Post
Hickory 8 N 1 E 20 links
Butternutt 8 S 27 W 5 links
80.49 Section corner
Surface rolling Soil 2d rate
Timber Sugartree White,
Black and Bur Oak, Elm
Ash Linn and Birch
North random between Sections 2 & 3
Variation 8° East
76.00 Intersect South boundary of Township
25
Township 32 North Range 13 West 4th Mer
33 North 135 links West
of Post
South corrected between Sects 2 & 3
Variation 7° 4' 6° 59' East
36.00 Set quarter Section Post
Linn 12 N 62½ W 48 links
Hard Maple 8 S 67 E 50 links
76.00 Section corner
Surface Hilly. Soil 3d rate
Timber. Oak Aspen
and White Pine.
North between Sections 33 & 34
Variation 11° 15 East
33.50 Enter Tamarac Swamp bears
East and West
40.00 Set quarter Section Post
Tamarac 12 S 32¼ E 59 links
Tamarac 8 N 66½ W 25 links",survey_notes,silver_claude
survey_004_p0015,survey_004,"26
Township 32 North Range 13 West 4th Mer
50.00 Leave Tamarac Swamp and
Enter upland bearing East
and West
76.00 Enter Marsh bears East and
West
80.00 Set Post corner to Sections
27 28, 33 & 34 in a
Mound of boggy Mud Pit
8 links South
Surface Hilly and covered
with Oak grubs Except in
Swamp and Marsh.
Soil 3d rate. No timber
but Tamarac in Swamp
East random between Section 27 & 34
Variation 8° East
79.56 Intersect Meridian Section line
131 links North of Post
27
Township 32 North Range 13 West 4th Mer
West corrected between Section 27 & 34
Variation 7° 3' East
39.78 Set quarter Section Post
in Mound of Earth and
Sod Pit 8 links East
75.00 Enter Marsh bearing S. E.
79.56 Section corner
Surface Hilly. Soil 3d rate
No timber. Oak grub and
Aspen Barrens
North between Sections 27 & 28
Variation 9° 25' East
6.00 Leave Marsh and enter upland
bearing East & West
40.00 Set quarter Section Post in
Mound of Soil and Sod
Pit 8 links East
80.00 Set Post corner to Sections",survey_notes,silver_claude
survey_004_p0016,survey_004,"28
Township 32 North Range 13 West 4th Mer
21, 22, 27 & 28.
White Pine 20 N 77 W 258 links
Jack Oak 8 S 11 E 277 links
Surface Hilly, Soil 3d rate
No timber. Oak and Aspen
grubs cover the Surface
East random between Sections 22 & 27
Variation 7° 30' East
79.82 Intersect Meridian Section line
96 links North of Post
West corrected between Sections 22 & 27
Variation 6° 49' East
39.91 Set quarter Section Post
White Birch 11 S 10 E 359 links
White Pine 35 S 25 W 379 links
No tree on the North side
of line
29
Township 32 North Range 13 West 4th Mer
79.82 Section corner
Surface Hilly. Soil 3d rate
No timber of any amount
undergrowth of Oak grubs
Birch and Aspen
North between Sections 21 & 22
Variation 10° East
40.00 Set quarter Section Post in
Mound of Earth and
Sod Pit 8 links East
44.00 Enter Marsh bears East & West
47.00 Creek 4 links wide runs West
57.00 Leave Marsh for upland bearing
West & N.E
66.75 Road bears N. E.
80.00 Set Post corner to Sections
15, 16, 21 & 22
White Pine 12 S 38½ W 187 links",survey_notes,silver_claude
survey_004_p0017,survey_004,"30
Township 32 North Range 13 West 4th Mer
And in Mound of Earth
and sod, Pit 8 links
South.
Surface Hilly Soil 3d rate
Not any timber Some Oak
and Aspen brush. Marsh
valuable for hay
East random between Sections 15 & 22
Variation 7° 30' East
79.26 Intersect Meridian Section line
106 links North of Post
West corrected between Sections 15 & 22
Variation 6° 45' East
39.63 Set quarter Section Post
White Pine 30 S 16 W 240 links
White Oak 20 N 48 W 117 links
65.00 Road bears North
31
Township 32 North Range 13 West 4th Mer
79.26 Section corner
Surface rolling Soil 3d rate
No timber Except a few White
Pines and Oaks on the East
½ Undergrowth of Oak grubs
Briers and Aspen
October 9th 1852
North between Sections 15 & 16
Variation 9° East
12.50 Creek 6 links wide runs west
40.00 Set quarter Section Post
White Pine 16 S 60½ W 197 links
Black Oak 6 N 63¼ W 216 ""
No tree Near on East side of
line
80.00 Set Post corner to Sections
9. 10. 15 & 16",survey_notes,silver_claude
survey_004_p0018,survey_004,"32
Township 32 North Range 13 West 4th Mer
Sugartree 15 N 1½ E 22 links
Black Oak 12 S 58 W 49 links
Surface rolling Soil 2d rate
Timber White Pine, an old
chopping, timber Mostly all
killed by fire. Undergrowth
Hazel and Briers
East random between Sections 10 & 15
Variation 9° East
79.50 Intersect Meridian Section line
120 links North of Post
West corrected between Section 10 & 15
Variation 8° 9' East
39.75 Set quarter Section Post
Sugartree 18 N 35½ W 64 links
Birch 15 S 32½ E 50 links
79.50 Section corner
33
Township 32 North Range 13 West 4th Mer
Surface rolling, Soil 2d rate
Timber Aspen, Sugartree,
White Oak, White Pine, Linn
and Birch, Undergrowth
Briers and Weeds
North between Section 9 & 10
Variation 7° 15' E
37.00 Creek 4 links wide runs West
40.00 Set quarter Section Post
Sugartree 12 N 20 E 18 links
Elm 6 S 53 W 8 links
54.50 Road bears N.E
80.00 Set Post corner to Sections
3. 4. 9 & 10
Maple 12 S 75 E 20 links
Maple 15 N 31 W 56 links
Surface rolling, Soil 2d rate
Timber, White Pine and Maple,",survey_notes,silver_claude
survey_004_p0019,survey_004,"34
Township 32 North Range 13 West 4th Mer
East random between Sections 3 & 10
Variation 8° East
80,00 Intersect Meridian Section line
15 links South of Post
West corrected between Sections 3 & 10
Variation 8° 6' East
40,00 Set quarter Section Post
Sugar 14 S 82 W 32 links
Sugar 5 N 27 E 33 links
79,80 Road bears North
80,00 Section corner
Surface rolling Soil 3d rate
Timber White Oak, Sugar,
Linn, Pine, Aspen and
Birch
Undergrowth, Briers and
Weeds
35
Township 32 North, Range 13 West 4th Mer
North random between Section 3 & 4
Variation 7° 45' East
77,00 Intersect South Boundary of
Township 33 North 150 links
West of Post
South corrected between Section 3 & 4
Variation 6° 38' East
2,00 Enter bottom bears N.W,
37,00 Set quarter Section Post
Elm 10 S 75 E 24 links
Elm 6 N 82 W 61 links
57,50 Creek 20 links wide runs West
58,00 Leave bottom for upland
bearing West
76,90 Road bears N.W.
77,00 Section corner
Surface generally level. Soil 2d rate
Timber White Pine. an Old chopping",survey_notes,silver_claude
survey_004_p0020,survey_004,"36
Township 32 North Range 13 West 4th Mer
North between Sections 32 & 33
Variation 11° 45' East
7.50 Leave bottom bears N.E. dry
12.00 Enter bottom bears S E Wet
16.50 Hay river 75 links wide runs
South East
39.50 Hay river 90 links wide
runs S.W.
40.10 Set Post for Witness corner
75 links East of true corner
in river in a Mound
of Soil and Sod Pit 8 links
East
45.50 Leave bottom bearing S W
65.00 Enter bottom bears N.W.
75.50 Enter Swamp bears East
80.00 Set Post corner to Sections
28, 29, 32 & 33
Elm 9 N 69½ W 53 links
37
Township 32 North Range 13 West 4th Mer
Bur Oak 12 S 33½ W 87 links
Surface Broken Soil 3d rate
Timber. Scattering Bur
Oak. White Pine & Elm
Undergrowth Alders, Willow
and Weeds
East random between Sections 28 & 33
Variation 8° 30' East
80.00 Intersect Meridian Section
line 30 links South of Post
West corrected between Sections 28 & 33
Variation 8° 43' East
10.00 Leave Marsh for dry bottom bears
North West
40.00 Set quarter Section Post
in Mound of Earth & Sod Pit
8 links East",survey_notes,silver_claude
survey_004_p0021,survey_004,"38
Township 32 North Range 13 West 4th Mer
55.00 Road Bears North and South
62.50 Enter Low bottom wet bears
North
72.00 Hay river 100 links wide runs
South
80.00 Section corner
Surface level. Soil 2d rate
Prairie
North between Sections 28 & 29
Variation 9° 40' East
20.00 Right Bank Hay river bears
S. E. Line in river
27.00 Logg cabin on bank west side
31.00 Right Bank river. river comes
from the N. E.
38.00 Leave Bottom for upland bearing
South West & N. E.
40.00 Set quarter Section Post
39
Township 32 North Range 13 West 4th Mer
White Pine 20 S 89½ E 26 links
White Pine 20 N 67½ W 28 ""
80.00 Set Post corner to Sections
20, 21, 28 & 29.
Forked Birch 30 S 73 W 16 links
Birch 16 S 20 E 59 ""
Surface rolling. Soil 2d rate
Timber White Oak. White
Pine Birch and Elm
Undergrowth of Alder Hazel
and Ironwood Briers and
Thorns. A Logg cabin
and a Small improvement
on the N E ¼ of the N W ¼ of
Section 28",survey_notes,silver_claude
survey_004_p0022,survey_004,"40
Township 32 North Range 13 West 4th Mer
East random between Sections 21 & 28
Variation 9° 45' East
79.52 Intersect Meridian Section
line 95 links South of
Post
West corrected between Sections 21 & 28
Variation 10° 25' East
10.00 Enter bottom bears South
11.80 Road bears North
39.76 Set quarter Section Post
in Mound of Earth and Sod
Pit 8 links East
41.55 Enter a field bears North
46.05 Hay river 100 links wide runs
South Leave bottom and field
High bluff bank oposite side
of river
51.50 Enter bottom bears S.E.
41
Township 32 North Range 13 West 4th Mer
59.95 Creek 40 links wide S E
66.50 Leave bottom for upland
bearing N.W.
79.52 Section corner
Surface Broken, Soil 2d rate
Timber None on East ½ on
West ½ Oak Elm and Pine
North between Sections 20 & 21
Variation 9° 25' East
.50 Enter bottom bears N W
24.60 Creek 40 links wide runs S. E
40.00 Set quarter Section Post
Elm 6, West, 16 links
Ironwood 5 S 43 E 13 links
50.00 Leave bottom for upland bears
East
53.50 Road to logging Twenty bearing West
80.00 Set Post corner to Sections",survey_notes,silver_claude
survey_004_p0023,survey_004,"42
Township 32 North Range 13 West 4th Mer
16, 17, 20 & 21.
Iron wood 6 S 32 W 26 links
Black Oak 16 N 84 E 38 links
Surface rolling Soil 3d rate
Timber White Pine, Sugar, Birch
Undergrowth Alders Aspen
and Briers
East random between Sections 16 & 21
Variation 10° East
80.00 Intersect Meridian Section line
10 links North of Post
West corrected between Sections 16 & 21
Variation 9° 55' East
2.00 Enter bottom bears South
7.15 Hay river 100 links wide runs S
33.50 Leave bottom for upland bearing
North
43
Township 32 North Range 13 West 4th Mer
40.00 Set quarter Section Post in
Mound. of Earth and Sod Pit
8 links East
57.85 Road bears North
80.00 Section corner
Surface rolling Soil 3d rate
Timber Scattering White Oak.
Elm, Sugar, Birch Aspen
and Pine Undergrowth Aspen,
Briers, Alders and Weeds
October 11th 1852
Measuring chain compared
with the Standard chain
and adjusted thereto it
being found ¼ inch to
long",survey_notes,silver_claude
survey_004_p0024,survey_004,"44
Township 32 North, Range 13 West 4th Mer
North between Sections 16 & 17
Variation 8° 45' East
37.80 Road bears North, North West.
40.00 Set quarter Section Post
Elm 12 N 66 E 33 links
Linn 10 S 74½ W 30 links
63.00 Enter bttom bears S. E.
68.00 Hay river 80 links wide runs E
80.00 Set Post corner to Sections
8. 9. 16 & 17
Black Oak 13 N 42 W 8 links
Elm 9 S 52 E 21 links
Surface rolling, Soil 2d rate
Timber Linn Sugar Elm
White Oak, Pine, and Birch
Undergrowth Briers Prickley
Ash and Alders
45
Township 32 North Range 13 West 4th Mer
East random between Sections 9 & 16
Variation 9° East
80.60 Intersect Meridian Section line
65 links South of Post
West corrected between Sections 9 & 16
Variation 9° 28' East
6.02 White Pine 48 inches in diameter
10.00 Enter bottom bearing South
29.00 Road bears North
40.30 Set quarter Section Post
Sugar 13 N 21½ W 86 links
White Oak 10 S 12½ E 93 links
80.60 Section corner
Surface generally level
Soil 2d rate Timber White
Pine Sugar Elm Birch
and Aspen. An old chopping
Undergrowth Briers",survey_notes,silver_claude
survey_004_p0025,survey_004,"46
Township 32 North Range 13 West 4th Mer
North between Sections 8 & 9
Variation 7° 30' East
33.50 Hay river runs west 80 links wide
40.00 Set quarter Section Post
Elm 10 S 67 E 40 links
Ash 22 S 45 W 12 links
57.50 Road bears East
80.00 Set Post corner to Sections
4, 5, 8 & 9
Elm 11 N 68 W 14 links
Elm 20 S 80 E 9 links
Surface level Soil 3d rate, Timber
White Pine. Much down, an old chopping
East random between Sections 4 & 9
Variation 8° East
79.75 Intersect Meridian Section line
110 links South of Post
47
Township 32 North Range 13 West 4th Mer
West corrected between Sections 4 & 9
Variation 8° 47' East
19.00 Hay river, 90 links wide, runs South
cross river and Enter bottom
39.87½ Set quarter Section Post
White Oak 13 S 56 W 4 links
White Pine 40 N 24 E 43 links
79.75 Section corner, Surface
level. Soil 3d Rate Timber
White Pine. Elm and White Oak.
an old chopping
North random between Sections 4 & 5
Variation 7° East
77.30 Intersect South boundary of Township 33
48 links West of Post
South corrected between Sections 4 & 5
Variation 6° 39' East
2.50 Bed of creek dry bears N. E",survey_notes,silver_claude
survey_004_p0026,survey_004,"48
Township 32 North Range 13 West 4th Mer
3.00 Leave bottom bearing N.E.
37.40 Set quarter Section Post
Ironwood 6 N 88 E 10 links
Elm 18 N 89½ W 20 ""
43.00 Road bears East
75.50 Enter bottom bears S.W.
77.40 Section corner. Surface rolling
Soil 2d rate Timber White Pine
Elm Sugar and Linn
North between Sections 31 & 32
Variation 11° 50' East
40.00 Set quarter Section Post
Ash 6 S 78 W 51 links
Jack Oak 7 N 46½ E 59 links
80.00 Set Post corner to Sections 29. 30. 31 & 32
Yellow Birch 12 S 63½ W 51 links
Yellow Birch 14 N 68 E 30 ""
Surface Hilly Soil 3d rate Timber
Ash, Aspen, Oak & Birch, Scattering
49
Township 32 North Range 13 West of 4th Mer
East random between Sections 29 & 32
Variation 8° East
79.20 Intersect Meridian Section line
50 links North of Post
West corrected between Sections 29 & 32
Variation 7° 39' East
3.00 Leave bottom & swamp for upland
bearing South
37.60 Set quarter Section Post
White Pine 30 N 47 W 40 links
White Oak 14 S 73½ E 22 links
64.00 Creek 7 links wide runs South
79.20 Section corner
Surface rolling Soil 2d rate
Timber Oak. Pine. Aspen and
Maple
West random between Sections 30 & 31
Variation 7° 50' East",survey_notes,silver_claude
survey_004_p0027,survey_004,"50
Township 32 North, Range 13 West of 4th Mer
79.13 Intersect Range line 71 links
South of Post
East
West corrected between Sections 30 & 31
Variation 7° 20' East
39.13 Set quarter Section Post
Linn 11 S 23 W 41 links
White Oak 14 N 12 E 20 links
79.13 Section corner
Surface rolling, Soil 3d rate
North between Sections 29 & 30
Variation 10° East
40.00 Set quarter Section Post and Enter Marsh
Elm 10 S 56½ W 69 links
Willow 5 N 34½ E 17 links
45.10 Creek 6 links wide runs S.E.
52.50 Leave Marsh bearing S E
80.00 Set Post corner to Sections 19, 20 29 & 30
Linn 16 N 50 W. 53 links
Elm 11 S 50½ E 84 ""
51
Township 32 North Range 13 West of 4th Mer
Surface rolling, Soil 3d rate
Timber, Oak, Linn and Elm
East random between Sections 20 & 29
Variation 7° 30' East
79.25 Intersect Meridian Section line 82
links North of Post,
West corrected between Sections 20 & 29
Variation 6° 55' East
39.62½ Set quarter Section Post
Sugar 10 N 43 E 15 links
Sugar 14 S 49 W 89 links
79.25 Section corner
Surface rolling, Soil 2d rate
West random between Sections 30 & 19
Variation 7° 30' East
79.27 Intersect Range Line 130 links
South of Post",survey_notes,silver_claude
survey_004_p0028,survey_004,"52
Township 32 North Range 13 West 4th Mer
East corrected between Sections 19 & 30
Variation 6° 34' East
39.27 Set quarter Section Post
Sugar 12 S 87½ W 15 links
White Pine 45 N 36½ E 51 links
43.15 Creek 6 links wide runs South
79.27 Section corner
Surface rolling Soil 2d rate
Timber Oak. Hickory. Sugar and Linn
North between Sections 19 & 20
Variation 10° East
40.00 Set quarter Section Post
Sugar 10 N 45 E 25 links
White Oak 14 S 63 W 32 links
80.00 Set Post corner to Sections 17, 18 19 & 20
Elm 13 N 73 E 76 links
Linn 11 S 53½ W 53 links
Surface Hilly Soil 3d rate Timber Oak
Sugar Pine and Aspen
53
Township 32 North Range 13 West 4th Mer
East random between Sections 17 & 20
Variation 7° East
79.15 Intersect Meridian Section line 65
links North of Post
West corrected between Sections 17 & 20
Variation 6° 32' East
32.50 Enter bottom bears South
35.00 Creek 50 links wide runs South
36.50 Leave bottom for upland bearing North
39.57½ Set quarter Section Post
Elm 14 N 31 E 15 links
White Oak 12 S 2 E 20 links
79.15 Section corner
Surface rolling Soil 2d rate Timber
White Pine Sugar and Linn
West random between Sections 18 & 19
Variation 6° 40' East
79.05 Intersect Range Line 20 links South of Post",survey_notes,silver_claude
survey_004_p0029,survey_004,"54
Township 32 North Range 13 West of 4th Mer
East corrected between Sections 18 & 19
Variation 6° 31' East
39.05 Set quarter Section Post
Sugar 11 N 39 W 10 links
Linn 18 S 68½ E 45 links
49.00 Creek 4 links wide runs South
79.05 Section corner
Surface Hilly Soil 3d rate, Timber
Pine, Sugar, Oak and Aspen.
October 12th 1852
North between Sections 17 & 18
Variation 9° 30' East
40.00 Set quarter Section Post
White Pine 30 S 18 W 20 links
White Pine 28 N 80 E 31 links
40.50 Cross creek 6 links wide runs N E & Enter Marsh
54.00 Leave Marsh for upland bearing East
80.00 Set Post corner to Sections 7, 8, 17 & 18
Bur Oak 12 N 64 W 12 links
Bur Oak 12 S 45 E 16 links
55
Township 32 North Range 13 West of 4th Meridian
Surface rolling Soil 3d rate, Timber
Pine, Oak and Aspen.
East random between Sections 8 & 17
Variation 6° 30' East
79.48 Intersect Meridian Section line at Post
West corrected between Sections 8 & 17
Variation 6° 30' East
7.52 Hay river 100 links wide runs South
28.32 Road bears N W
39.74 Set quarter Section Post
Aspen 8 N 64 E 209 links
Aspen 6 S 76 W 161 links
49.74 Enter bottom bearing South
52.00 Creek 50 links wide runs South
61.52 Leave bottom for upland bearing South
79.48 Section corner
Surface rolling Soil 3d rate Timber
Scattering Aspen Pine and Elm",survey_notes,silver_claude
survey_004_p0030,survey_004,"56
Township 32 North Range 13 West of 4th Mer
West random between Sections 7 & 18
Variation 6° 30' East
79.36 Intersect Range Line 57 links North of Post
East corrected between Sections 7 & 18
Variation 6° 54' East
39.36 Set quarter Section Post
Sugar 12 N 17 W 87 links
Sugar 14 S 54½ E 18 links
79.36 Section corner
Surface Hilly Soil 2d rate Timber
Oak, Sugar, Linn. Birch and Hickory
North between Sections 7 & 8
Variation 7° East
32.00 Creek 40 links wide runs East
40.00 Set quarter Section Post
Aspen 13 N 11 W 25 links
White Pine 30 S 38½ E 57 links
80.00 Set Post corner to Sections 5, 6, 7 & 8
57
Township 32 North Range 13 West 4th Mer
Birch 14 N 24 E 21 links
Birch 12 S 24½ W 28 links
Surface rolling, Soil 2d rate Timber
Oak, Pine. Sugar and Linn
East random between Sections 5 & 8
Variation 6° 30' East
79.65 Intersect Meridian Section line 76 links North of Post
West corrected between Sections 5 & 8
Variation 5° 57' East
3.00 Leave bottom bears N. E
39.82½ Set quarter Section Post
Elm 10 S 34 E 44 links
Elm 18 N 36 W 80 links
60.00 Road bears North
79.65 Section corner
Surface Rolling Soil 2d Rate
Timber Pine Oak Elm Linn
and Sugartree",survey_notes,silver_claude
survey_004_p0031,survey_004,"58
Township 32 North Range 13 West 4th Mer
West random between Sections 6 & 7
Variation 6° 30' East
79.43 Intersect Range line 69 links South of Post
East corrected between Sections 6 & 7
Variation 6° East
19.93 Creek 50 links wide comes from S. W. Union creek
33.43 Leave creek running S. E.
39.43 Set quarter Section Post
White Pine 13 N 39½ E 37 links
White Pine 12 S 47 W 36 links
79.43 Section corner
Surface Hilly Soil 3d rate Timber
White Pine and Aspen
North random between Sections 5 & 6
Variation 9° East
77.52 Intersect South boundary of Township 33
13 links East of Post
59
Township 32 North Range 13 West 4th Mer
South corrected between Sections 5 & 6
Variation 9° 5' East
37.52 Set quarter Section Post
White Ash 7 S 44 E 23 links
White Ash 9 N 22 W 34 links
77.52 Section corner
Surface Rolling Soil 3d rate Timber
White Pine, Oak and Ash
General Description
The Surface in this Township
is generally Broken and Hilly. Soil 2d and
3d Rates. Hay river runs through the
Township from North to South the banks
being of good hight current rapid bottom
gravel or Sandy. Timber in the North
and Western Portion of the township contains
some White Pine the best part of which
has been cut by Lumbermen. A small Shanty
and some improvements on the NE ¼ of Section 4",survey_notes,silver_claude
survey_006_p0003,survey_006,"164
T 22 N R 19 E 4th Mer
Ch L T 22 N R 19 E 4th Mer 165
North Between Sec 35 & 36
15.98 W. Oak 10 in
17.00 Small Run W
24.00 Wapaunata Road
39.98 Pine 24 in
40.00 Set Qr. Sec Post
Bearings Pine 24 South 2
Sugar 16 N 38 W 81
50.44 Pine 12 in
54.30 Set post on Rt bank of Fox Riv
Bearings B. Oak 14 S 38 W 60
Pine 14 N 88 E 28
Land rolling - 2nd rate - Oak
Pine Birch &c",survey_notes,silver_claude
survey_006_p0004,survey_006,"Ch. L. T 22 N R 19 E 4th Mer 166
West Between Secs 25 & 36
4.50 W. Side Alder Swamp
22.81 Pine 30 in
30.30 W. Oak 24 in
35.00 Small Run N.W.
40.00 Set Qr. Sec Post in Wapawnata Road
Bearings W. Oak 18 S 6 W 86
Pine 36 N 50 W 8
48.14 Pine 14 in
61.78 Set Post on Rt. Side Fox River
Bearings W. Oak 14 S 56 E 35
W. Oak 12 N 58½ E 40
Land generally flat & wet - 2nd rate
Oak Pine Popple Birch Alder &c
June 19. 1834
Ch. L. T 22 N R 19 E 4th Mer 167
West Between Secs 24 & 25
3.10 Ash 10 in
28.66 Wapawnata Road
33.06 Maple 12 in
40.00 Set Qr. Sec Post
Bearings B. Oak 16 N 86 E 27
W. Oak 18 S 86 W 54
46.15 Hickory 10 in
49.60 Set Post on Rt. bank of Fox River
Bearings B. Oak 14 S 44 E 39
W. Oak 14 N 27½ E 82
Land flat & wet - good 2nd rate
Oak Pine Maple Ash Alder prickly
Ash &c",survey_notes,silver_claude
survey_006_p0005,survey_006,"Ch. L. T 22 N. R 19 E 4th Mer 168
West Between Secs 13 & 24
1.08 Set post on Rt bank Fox Riv
Bearings W. Oak 10 S 15 E 23
B. Oak 12 N 25½ E 72
Bearings Ch. L. T 22 N. R 19 E 4th Mer 169
N. 28 E Traverse of Fox River beginning
at a post on line between Towns
No 21 & 22 Range 19 E _ width
of Riv. at this point 7.50 chs
N 28 E 1.00
N 31½ E 8.64
N 34 E 13.61
N 28 E 5.16
N 52 E 3.54 Mouth of Small River
N 52 E 0.84
N 60 E 10.42
N 40 E 3.84
N 28 E 4.18
N 12 E 8.69
N 24 E 2.75
N 33 E 3.36
N 43½ E 3.38 Line between Secs 35 & 36 _ Riv 7.50 chs
Total 69.31 wide
N 41 E 5.76
N 47 E 5.27
N 54 E 6.34
N 37 E 6.81",survey_notes,silver_claude
survey_006_p0006,survey_006,"170
Bearing Ch L T 22 N. R 19 E 4th Mer
Traverse of Fox River
N 15½ E 7.92 Line between Secs 25 & 36 Riv 5.70
Total 32.12 chs wide
N 7½ E 5.03
N 1 W 7.30
N 8 E 4.68
N 11 E 3.21
N 19 E 7.65
N 26 E 3.50 Mouth of small Run
N 26 E 12.16
N 10 E 6.89
N 18 E 4.20
North 7.20
N 16½ W 5.98 Head of Rapid - Riv 5.40 chs wide
N 2 E 4.69
N 6½ E 4.06 Mouth of Apple Creek on opposite side
N 8 E 5.66 bears from this St. N 73 W
North 3.68 Line between Secs 24 & 25 - Riv 5.40
Total 85.89 chs wide
N 6 W 5.34 Foot of Rapid
N 7½ E 6.64
171
Bearing Ch L T 22 N. R 19 E 4th Mer
N 20½ E 5.26
N 26 E 4.12
N 28 E 4.47
N 26 E 7.84
N 15 E 4.79
N 25 E 10.28
N 30 E 6.41
N 35 E 9.47
N 54 E 1.65
N 66 E 1.88
N 79 E 3.87
N 63 E 5.27
N 64 E 5.00
N 36 E 8.32
N 31 E 8.06 Line between Secs 13 & 24 Riv 6 chs
Total 99.07 wide
N 23 E 2.78 Line between Towns 22, Rs 19 & 20 Riv
Total 2.78 6 chs wide June 20. 1834
Meanders entered on
original Plat.",survey_notes,silver_claude
survey_006_p0007,survey_006,"172 173
I hereby certify that in pursuance of a contract entered into by A. G. Ellis
with M. T. Williams Surveyor General of the United States for the states of Ohio, Indiana
and the Territory of Michigan, leaving late the day of
and in strict conformity to the laws of the United States and the instructions of said
Surveyor Genl I have, for and on behalf of said Ellis, surveyed and subdivided into
sections, Fractional Township No 22 N. Range No 19 E 4th Meridian in the Territory
of Michigan - And I do further certify that the foregoing are the true and
original Field Notes of the said survey and subdivision, executed as aforesaid
Certified this 28th day of June 1834
Byron Kilbourne Dep Sur.
Merwin. E. Tully Chainman
John Bannister do
Joseph M English Axman",survey_notes,human
survey_007_p0003,survey_007,"Names of Assistants
Edwd G. Bais Chainmen
Lymon B. Keys
Saml Seaman Axeman
Andrew Loggy Flagman
Township 33 North of Range
1 West fourth principal
Meridian
Measuring chain
compared with Standard
chain and found correct
To determine the course of the East
Boundary of the Township
I commenced (with my
compass adjusted at a
variation of 7° East at the
corner to Townships 32 and
33 Ranges 1 East and 1 West
and run thence North on
a blank line at 39.94 chains fell
20 links East of quarter Section
Post; at 79.88 chains fell 40 links
East of corner to Sections 25
and 36 Township 33 North
of Range 1 West",survey_notes,silver_claude
survey_007_p0004,survey_007,"From corner to Townships 32 and
33 Ranges 1 East and 1
West with compass adjusted
at a Variation of 7° 20' East
Run West on a blank line
along south boundary of
Section 36 Township 33
North, Range 1 West, at
39,97 chains fell 36 links North
of quarter section Post;
at 79,93 chains fell 72 links
North of corner to Sections
35 and 36.
North between Sections 35 and 36
Chains Variation 7° 30' East
Descend Slope
7,66 White Pine 20 inches Diameter
40,00 Set quarter Section Post
White Pine 20 S 86° E 35 Links
Spruce 8 N 63° W 6 links
50,00 Enter Tamarac Swamp bears N.W.
60,00 Leave the same bears N.W.
67 40 White Pine 24 inches Diameter
70,00 Enter the same Swamp bears S W
and N.E. and S E
74,00 Leave Tamarac Swamp bears N.W.
80,00 Set Post to corner to Sections
25, 26, 35 and 36
Hemlock 20 N 72° E 18 Links
Hemlock 30 S 3° W 51 Links
Hemlock 16 S 33° E 23 Links
Hemlock 12 N 56° W 32 Links
Surface Rolling Soil 2nd rate
Timber Hemlock Birch and Pine",survey_notes,silver_claude
survey_007_p0005,survey_007,"East Random between Sections 25 and 36
Chains Variation 7° 45' East
80,80 Intersect Meridian line
15 links North of Post
West Corrected between Sections 25 & 36
Variation 7° 39' East
4,70 Intersect Right bank of
Yellow River bank high
50 links wide runs N.W.
5,20 Gain Left Bank of same
and Enter Alder bottom
9 00 Leave Alder bottom for
Hemlock Ridge
33,40 Enter Tamarac Swamp Bears North and South
40,40 Set quarter Section Post in Swamp
Tamarac 10 N 8 W 56 Links
Tamarac 12 S 55 E 88 Links
54,70 Leave Tamarac Swamp Bears
North and South
59,85 Birch 14 inches Diameter
80,80 Section corner
Surface Rolling soil 2nd rate Timber Hemlock
Birch Pine and Tamarac
North between Sections 25 and 26
Chains Variation 7 East
8,00 Enter Tamarac Swamp bears
N.W. and S.E.
22,00 Leave the Same bears N W and S E
33,60 White Pine 20 inches Diameter
40,00 Set quarter Section Post
White Pine 30 inch N 7½ E 23 links
Hemlock 12 S 5 W 23 links
58,00 Creek 5 links wide runs N. E.
60,52 Hemlock 20 inches Diameter
80,00 Set Post for corner to Sections
23, 24, 25 and 26
White Pine 30 S 17 W 50 links
Birch 14 N 54 W 64 links
Birch 16 N 34 E 3 links
Hemlock 11 S 47 E 32 Links
Surface Broken Soil 2nd rate
Timber Hemlock Birch and
Pine",survey_notes,silver_claude
survey_007_p0006,survey_007,"East Random between Sections 24 and 25
Chains Variation 7° 45' East
79,88 Intersect Principal Meridian
at Post
West corrected between Sections 24 and 25
Variation 7° 45' East
5,65 Enter Cedar Swamp bears S.E.
9,00 Leave the same
22,00 White Pine 30 inches Diameter
23,85 Intersect Yellow River 60 links
wide banks low runs North
24,45 Gain Left bank of same
24,20 and Enter Alder bottom
26,80 Intersect left bank of same runs West
28,90 Leave the same runs N. W.
39,94 Set quarter section Post in Alders
Birch 10 S 5° W 36 Links
Spruce 12 N 35° W 60 Links
40 45 Leave Alders Bears N.W. and S.E.
47,08 White Pine 16 inches Diameter
62,88 Enter Cedar Swamp bears
North and South
Chains
70,80 Leave the same bears North and South
79,88 Section corner
Surface Rolling Soil 2nd
rate
Timber Hemlock Birch and
Pine.
North between Sections 23 and 24
Chains Variation 7° 30' East
4,00 Creek 5 links wide runs East
6,60 Enter Worthless Cedar Swamp
Bears N.W. and S.E.
32,50 Tamarac 14 inches Diameter
37,50 Leave Worthless Cedar
swamp Bears N.W. and S.E.
40,00 Set quarter Section Post
White Pine 36 S 88° E 22 Links
Hemlock 20 N 9° W 19 Links
52,50 Enter open Tamarac Swamp
over",survey_notes,silver_claude
survey_007_p0007,survey_007,"Chains Bears N.W and S E
57.75 Leave the Same bears N.W & S.E
67.50 Hemlock 14 inch Diameter
64.75 Enter Worthless Tamarac
Swamp bears S.E.
76.50 Leave the Same bears East
80.00 Set Post for corner to Sections
13, 14, 23 and 24
Hemlock 12 S 8½ W 19 Links
Hemlock 11 N 50° W 83 Links
Hemlock 12 N 31° E 24 Links
Hemlock 14 S 60° E 38 Links
Surface Broken Soil 2nd rate
Timber Hemlock Birch Pine and
Tamarac.
24
East Random between Sections 13 and
Chains Variation 7° 45' East
73.80 Intersect Meridian Section line
37 links South of Post in swamp
West Corrected between Sections 13 and 24
Variation 8° 1' East
Corner in Swamp
4.00 Leave Tamarac and Alder Swamp
Bears N E and S.W.
13.50 Enter Tamarac Swamp bears North and South
23.50 Leave the same bears North and South
37.90 Set quarter Section Post
Birch 8 S 35° W 24 Links
Hemlock 12 N 68° E 35 Links
71.00 Intersect Right Bank of
Yellow River 50 links wide
runs N.W. current Moderate
71.50 Left Bank of Same
72.50 Leave Alder bottom
73.80 Section corner March 24, 1853
Surface Broken Soil 2nd rate
Timber Hemlock Birch Pine",survey_notes,silver_claude
survey_007_p0008,survey_007,"10
Measuring chain with Standard
chain and adjusted thereto it
being ¼ inch too long
North between Sections 13 and 14
Chains Variation 8° East
11.00 Enter Alder Bottom
13.00 Left Bank of Yellow River
60 links wide runs N.W.
18.60 Right Bank of Same.
20.50 White Pine 30 inches Diameter
22.50 Enter Alder Swamp bears N.W.
26.00 Intersect Creek 10 links wide runs S.E.
33.00 Leave Creek 10 links wide runs South bears S.E.
35.70 Leave Alder for Cedar Swamp N.E. & S.W.
40.00 Set quarter Section Post in Swamp
White Pine 10 N 56 E 30 links
Cedar 10 N 60 W 20 links
47.00 Leave Worthless Cedar Swamp
bears East and West
60.00 White Pine 40 inches Diameter
80.00 Set Post for corner to Sections
11. 12. 13 and 14
Birch 14 N 73 E 26 Links
Birch 14 S 18 E 36 Links
White Pine 8 S 57 W 34 Links
White Pine 6 N 45 W 30 Links
Surface Broken Soil 2nd rate except
in swamp Worthless
Timber Hemlock Birch Pine,",survey_notes,silver_claude
survey_007_p0009,survey_007,"East Random between Sections 12 and 13
Chains Variation 7° 45' East
80,70 Intersect Meridian line
30 Links south of Post
West corrected between Sections 12 and 13
Variation 7° 59' East
40,31 Set quarter Section Post
White Maple 6 N 2° W 16 Links
Hemlock 12 S 68° W 31 Links
66,10 Hemlock 18 inches Diameter
80,70 Section corner Surface
Broken Soil 2nd rate
Timber Hemlock Birch and Pine
North between Sections 11 and 12
Chains Variation 8° East
20,39 Fir 12 inches Diameter
40,00 Set quarter Section Post
Sugar 14 S 78° W 30 Links
Birch 8 S 8° E 10 Links
65,55 Hemlock 18 inches Diameter
80,00 Set Post for corner to Sections
1. 2. 11 and 12
Birch 10 S 45° W 33 Links
Birch 14 N 48° W 28 Links
Birch 12 N 66° E 24 Links
Hemlock 18 S 76° E 17 Links
Surface Broken, Soil 2nd rate
Timber Hemlock Birch Pine
and Fir
Hemlock and Fir undergrowth",survey_notes,silver_claude
survey_007_p0010,survey_007,"East Random between Sections 1 and 12
Chains Variation 8° East
80.80 Intersect Meridian Line
42 Links South of Post
West corrected between Sections 1 and 12
Variation 8° 18' East
27.30 Creek 3 links wide, runs North
40.40 Set quarter Section Post
Birch 10 S 19 W 8 Links
Hemlock 12 N 7½ W 56 Links
49.65 Hemlock 18 inches Diameter
80.80 Section corner
Surface Level Soil 2nd rate
Timber Hemlock Birch
and Pine
North Random between Section 1 and 2
Chains Variation 8° 15' East
80.32 Intersect South Boundary
of Township 34 North Range
1 West 150 links West of corner
to Sections 35 and 36
South corrected between Sections 1 and 2
Variation 8° 11' East
13.50 Intersect Right bank of Creek
109 links wide runs West
14.50 Gain Left Bank of same.
24.00 Creek 4 links wide runs West
40.32 Set quarter Section Post
Elm 10 N 59 W 25 Links
Birch 8 East 20 Links
65.37 White Pine 16 inches Diameter
80.32 Section corner
Surface Level Soil 2nd rate
Timber Hemlock Birch and Pine
March 25th 1858",survey_notes,silver_claude
survey_007_p0011,survey_007,"Measuring chain compared with
Standard chain and found correct
North between Sections 34 and 35
Variation E 8 and
17.16 Birch 12 inches Diameter
22.00 Creek 3 links wide runs West
27.50 Enter Alder Swamp Bears East an W
37.50 Cross creek 4 links wide runs West
38.50 Recross the same Bears N W and S E
39.00 Leave Alders
40.00 Set quarter Section Post
White Pine 20 N 58° E 11 Links
Elm 12 S 35 W 64 Links
53.82 Birch 14 inches Diameter
80.00 Set Post for corner to Sections
26, 27, 34 and 35
Hemlock 20 S 73° E 55 Link
Birch 44 S 15° W 13 Links
Elm 18 N 72° W 31 Link
Birch 14 N 9° E 37 Links
Surface Level Soil 2nd rate
Timber Hemlock Birch and Pine
(and 35
East Random between Sections 26
Chains Variation 7° E
80.00 Intersect meridian Section
Lined 30 link North of Post
West corrected between Sections 26 and 35
Variation 6° 47' East
5.00 Enter Spruce and Tamarac
Swamp Bears North and South
10.00 Leave the same for Hemlocks
40.00 Set quarter Section Post
Hemlock 18 S 11° E 13 Links
Birch 14 N 22° W 23 Links
52.50 Enter Round Tamarac Swamp
57.00 Leave the Same
58.50 Hemlock 18 inches Diameter
80.00 Section corner
Surface Level soil 2nd rate
Timber Hemlock Birch and Pine",survey_notes,human
survey_007_p0012,survey_007,"North between Sections 26 and 27
Variation 5° 45' East
3.00 Creek 5 links wide bears W of SW
10.50 Hemlock 30 inches Diameter
40.00 Set quarter Section Post
Hemlock 18 N 85° E 10 links
Linn 14 S 60 W 38 Links
80.00 Set Post for corner to Sections
Hemlock 18 S 8° W 20 Links
Hemlock 20 S 10° E 32 Links
Hemlock 18 N 9° E 42 Links
Hemlock 20 N 42° W 58 Links
Surface Moderately Rolling
Soil 2nd rate Timber Hemlock
Birch and Pine
East Random between Sections 23 and 26
Chains Variation 6° 15' East
80.20 Intersect Meridian Section
line 10 links South of Post
West corrected between Sections 23 and 26
Variation 6° 45' East
40.10 Set quarter Section Post
Hemlock 20 N 83° E 40 Links
Hemlock 20 S 85° W 55 Links
43.20 Enter Tamarac Swamp Bears
North and South
62.00 Leave the Same Bear
65.70 Birch 13 inches Diameter
80.20 Section corner
Surface Level Soil 2nd rate
Timber Hemlock Birch and Pine",survey_notes,human
survey_007_p0013,survey_007,"20
North between Sections 22 and 23
Chains Variation 6° 30' East
22.42 Birch 8 inches Diameter
40.00 Set quarter Section Post
Birch 14 N 32 E 35 Links
Sugar 8 S 75 W 40 Links
65.00 Enter Round Spruce and
Tamarack Swamp
73.00 Leave the same
80.00 Set Post for corner to Sections
14. 15. 22 and 23
Sugar 15 N 22 E 20 links
Hemlock 38 N 70 W 24 Links
Birch 24 S 70 W 39 Links
Birch 10 S 35 E 38 Links
Surface Gently Rolling soil
2nd rate
Timber Hemlock and Birch
East Random between Sections 14 and 23
Chains Variation 5° East
80.50 Intersect Meridian Section
Line 66 Links North of Post
West Corrected between Sections 14 and 23
Variation 6° 32' East
3.50 Intersect Round Tamarac Swamp
9.00 Leave the Same
12.00 Enter Worthless Cedar swamp
bears North and South
24.00 Creek 5 links wide runs North West
24.50 Re cross the same, runs W.
25.00 Recross the same runs North
35.00 Leave Worthless Cedar
Swamp bears North and South
40.25 Set quarter Section Post
Birch 10 N 35 E 10 Links
Hemlock 20 S 60 W 17 Links
62.50 Creek 3 links wide runs North
65.50 Hemlock 20 inches Diameter
80.50 Section corner
Surface Broken soil 2nd rate",survey_notes,silver_claude
survey_007_p0014,survey_007,"Timber Hemlock and Birch
N.
North between Sections 14 and 15
Chains Variation 8° East
5.00 Enter 2nd Growth in
old Windfall bears East & W
13.00 Fir 14 inches Diameter
40.00 Set quarter Section Post
White Pine 10 N 68 E 40 Links
Fir 6 N 65 W 15 Links
51.00 Leave old Windfall and
Enter Alders bears East and West
65.50 Creek 5 links wide runs East
67.50 Leave Alders for Cedar
Swamp in swamp
80.00 Set Post corner to Sections 10, 11, 14 and 15
Cedar 12 S 76 W 45 Links
Black Ash 12 N 35 W 55 Links
Elm 10 N 40 E 60 Links
Cedar 12 S 67 E 71 Links
Surface Broken soil 2nd rate
Timber Hemlock and Birch
March 26th 1858
Measuring chain compared
with Standard chain and
adjused thereto it being found
¼ inch to long
East Random between Sections 11 and 14
Chains Variations 7° East
79.90 Intersect Meridian Section Line
at Post
West corrected between Section 11 and 14
Variation 7° East
25.00 Enter Alders on River Bears N W & S W
39.95 Set quarter Section Post in Alders
Black Ash 11 N 65 W 27 Links
Black Ash 10 S 9 W 20 Links
46.40 Intersect Yellow River 60 links
wide Runs N W and deep
48.00 Gain Left Bank of same
55.00 Leave Alders
65.50 Enter Cedar Swamp Bears N W and S E
66.80 Cedar 10 inches Diameter
75.00 Leave Cedar Swamp Bears N W & S E
79.90 Section corner
Surface Levell Soil 3rd rate
Timber Hemlock Birch and Pine",survey_notes,silver_claude
survey_007_p0015,survey_007,"North between Sections 10 and 11
Chains Variation 8° East
15,00 Leave Cedar Swamp bears
East and West
20,09 Hemlock 16 inches Diameter
28,50 Intersect Yellow River 50 links
wide runs N.W.
29,25 Gain Right bank of same
40,00 Set quarter Section Post
Birch 20 S 76 E 44 Links
Hemlock 24 S 52 W 8 Links
63,15 Birch 10 inches Diameter
79,20 Creek 5 links wide runs N.W
80,00 Set Post for corner to Sections
2, 3, 10 and 11
Hemlock 16 S 24 E 16 Links
Hemlock 13 S 5½ W 47 Links
Birch 10 N 35 W 25 Links
Hemlock 10 N 80 E 35 Links
Surface Broken Soil 2nd rate
Timber Hemlock Birch and Maple
East Random between Sections 2 and 11
Chains Variation 7° East
79,20 Intersect Meridian Section
line 20 links South of Post
West corrected between Sections 2 and 11
Variation 7° 9' East
14,96 Hemlock 30 inches Diameter
39,60 Set quarter Section Post
Hemlock 20 N 13 E 6 links
Hemlock 10 S 29 W 26 Link
55,87 Hemlock 10 inches Diameter
79,20 Section corner
Surface Rolling
Soil 3rd rate Timber Hemlock
Birch and Pine",survey_notes,silver_claude
survey_007_p0016,survey_007,"North Random between Sections 2 and 3
Chains Variation 6° 45' East
80.45 Intersect South Boundary
of Township 34 North
Range 1 West 26 Links East
of corner to sections 34 and 35 in Old Windfall
South corrected between Sections 2 and 3
Variation 6° 56' East
15.50 Leave Old Windfall at
Right Bank of River 1.00
links wide runs West
17.00 Join Right bank of same
20.95 Sugar 15 inches Diameter
40.45 Set quarter Section Post
Hemlock 18 N 95° E 28 Link
Hemlock 26 N 78° W 43 Links
59.25 White Pine 30 inches Diameter
80.45 Section corner
Surface Gently Rolling soil
2nd rate Timber Hemlock Birch & Pine
March 27th 1858
Measuring chain compared
with Standard chain and
found correct
North between Sections 33 and 34
Chains Variation 7° 30' East
17.50 Hemlock 16 inches Diameter
40.00 set quarter Section Post
Hemlock 10 S 76 W 48 Links
Elm 14 N 72 E 18 Link
58.20 Creek 10 links wide runs S.W.
61.72 White Pine 24 inches Diameter
80.00 Set Post for corner to Sections
27, 28, 33 and 34
Hemlock 16 S 58 E 42 Links
Hemlock 12 N 35 E 24 Link
White Pine 20 N 57 W 31 Links
Hemlock 20 S 54 W 45 Links
Surface Rolling Soil 2nd rate
Timber Hemlock Pine and Birch",survey_notes,silver_claude
survey_007_p0017,survey_007,"East Random between Sections 27 and 34
Chains Variation 8° East
80.00 Intersect Meridian Section
Line 34 links North of Post
West corrected between Sections 27 & 34
Variation 7° 45' East
1.80 Creek 8 links wide runs S. W.
20.00 Enter Tamarac Swamp Bears
North and South
29.50 Leave the Same Bears North & South
40.00 Set quarter Section Post
Hemlock 16 N 75 W 22 Links
Elm 12 S 24 E 38 Links
50.00 Enter Tamarac Spruce and Alder
Swamp Bears N E and S W.
52.75 White Pine 20 inches Diameter
53.25 Creek 5 links wide runs S W
75.28 Creek 10 links wide runs South
75.50 Leave Swamp bears North and South
80.00 Section corner
Surface Levell Soil 3rd rate
Timber Birch Spruce Fir and Hemlock
North between Sections 27 and 28
Chains Variation 6° 30' East
20.75 White Pine 30 inches Diameter
34.00 Enter Tamarac Swamp Bears S. W.
39.00 Leave the Same
40.00 Set quarter Section Post
Sugar maple 12 N 80 W 30 links
Birch 8 S 86 E 22 Links
51.00 Creek 5 links wide runs S. W.
52.50 Enter Black Ash Swamp bears
N. E. and S. W.
56.00 Leave the Same Bears N. E. and S. W.
58.55 Hemlock 20 inches Diameter
80.00 Set Post corner to Sections
21. 22. 27 and 28
Hemlock 10 N 50 W 19 Links
Hemlock 11 S 58 W 40 Links
Birch 9 S 11 E 33 Links
Hemlock 20 N 15 E 29 Links
Surface Broken Soil 2nd rate
Timber Hemlock Birch & Pine",survey_notes,silver_claude
survey_007_p0018,survey_007,"30
East Random between Sections
22 and 27
Chains Variation 8° East
80.05 Intersect Meridian Section
Line 28 Links North of Post
West corrected between Sects 22 and 27
Variation 7° 48' East
16.73 Hemlock 20 inches Diameter
40.02½ Set quarter Section Post
Hemlock 8 N 15 E 21 Links
Hemlock 20 S 62 E 33 Links
59.11 Tamarac 8 inches Diameter
80.05 Section corner
Surface Broken Soil 2nd rate
Timber Hemlock Birch and
Pine
North between Sections 21 and 22
Chains Variation 7° East
9.27 Creek 10 links wide Runs S W
13.50 Hemlock 18 inches Diameter
40.00 Set quarter Section Post
Hemlock 10 N 21 W 8 Links
Elm 14 S 80 E 33 Links
55.50 Enter Black Ash Swamp bears S E and N W
68.50 White Pine 10 inches Diameter
68.80 Leave Black Ash Swamp bears S E and N W
80.00 Set Post corner of Sections
15, 16, 21 and 22
Black Ash 15 S 21 W 26 Links
Hemlock 12 N 41 W 38 Links
White Pine 10 S 55 E 10 Links
Black Ash 10 N 48 E 50 Links
Surface Broken Soil 2nd rate
Timber on North half 2nd growth
Birch and Maple
South half Hemlock Birch and
Pine",survey_notes,silver_claude
survey_007_p0019,survey_007,"East Random between Sections 15 and 22
Chains Variation 7° 30' East
79,78 Intersect Meridian Section
Line 34 links South of Post
West corrected between Sections 15 and 22
Variation 7° 45' East
11,50 Enter Tamarac Swamp bears S E
21,50 Leave the Same bears S,E,
31,50 Hemlock 14 inches Diameter
39,89 Set quarter Section Post
Birch 18 N 80° E 18 Links
Fir 11 S 20 W 17 Links
59,40 Fir 14 inches Diameter
79,78 Section corner
Surface Rolling Soil 2nd rate
Timber Hemlock Birch maple
Fir Aspen and 2nd growth
March 29th 1858
Measuring chain compared
with Standard chain and
adjusted thereto it being 2 inches long
North between Sections 15 and 16
Chains Variation 7° 45' East
13,50 Enter Alders bears East and West
14,50 Creek 8 links wide runs West
16,50 Leave Alders
22,28 Sugar 8 inches Diameter
40,00 Set quarter Section Post
Hemlock 20 East 22 Links
Birch 10 S 5° W 16 Links
58,50 Hemlock 24 inches Diameter
80,00 Set Post for corner to Sections
9, 10, 15 and 16
Birch 14 N 48° W 83 Links
Birch 16 N 20° E 37 Links
Hemlock 18 S 70° E 44 Links
Birch 15 S 39° W 63 Links
Surface Level Soil 2nd rate.
Timber Hemlock Birch and Pine",survey_notes,silver_claude
survey_007_p0020,survey_007,"East Random between Sections 10 and 15
Chains Variation 7° East
80.00 Intersect Meridian Section
Line 50 links South of Post
West corrected between Sections 10 and 15
Variation 7° 21' East
corner in Swamp
3.50 Leave Worthless Cedar Swamp
bears North and South
32.79 Birch 14 inches Diameter
40.00 Set quarter Section Post
Sugar 10 S 58° W 13 Links
Sugar 8 N 4° W 9 Links
80.00 Section corner
Surface Level Soil 2nd rate
Timber Hemlock Birch and maple
North between Sections 9 and 10
Chains Variation 7° 15' East
16.38 White Pine 18 inches Diameter
30.30 Creek 4 links wide runs N.E.
40.00 Set quarter Section Post
Birch 12 S 60° E 37 Links
Hemlock 18 N 54 W 14 Links
55.10 Hemlock 19 inches Diameter
80.00 Set Post for corner to Sections
3, 4, 9 and 10
Hemlock 12 N 63° E 32 Links
Elm 20 N 48 W 23 Links
Hemlock 14 S 22 E 28 Links
White Pine 30 S 65° W 46 Links
Surface Gently Rolling Soil 2nd
rate
Timber Hemlock Birch
Pine and Elm",survey_notes,silver_claude
survey_007_p0021,survey_007,"East Random between Sections 3 and 10
Chains Variation 7° 15' East
80.38 Intersect Meridian Section
Line 80 links North of Post
West Corrected between Sections 3 and 10
Variation 6° 45' East
2.20 Creek 3 links wide runs North
17.50 Creek 4 links wide runs South
19.20 Hemlock 18 inches Diameter
22.55 Enter Alders bears North and South
27.82 Intersect Line 80 links wide
runs North
28.52 Leave the Same
40.19 Set quarter Section Post
Birch 14 N 50 E 9 Links
Hemlock 10 South 22 Links
63.18 White Pine 30 inches Diameter
80.38 Sec corner
Surface Broken Soil 2nd rate
Timber Hemlock Birch Pine
and Elm
North Random between Sections 3 and 4
Chains Variation 6° 15' East
80.00 Intersect South Boundary
of Township 34 North
Range 1 West 166 Links East
of Corner to Sections 33 and 34
South Corrected between Sections 3 and 4
Variation 7° 26' East
Corner in Old Windfall
5.00 Leave Old Windfall for
Hemlocks bears East and West
35.00 Creek 20 links wide runs N. E.
40.00 Set quarter Section Post
Birch 14 East 18 Links
Birch 12 N 56 W 12 Links
80.00 Section corner
Surface Broken Soil 2nd rate
Timber Hemlock Birch and maple
March 30th 1858",survey_notes,silver_claude
survey_007_p0022,survey_007,"Measuring chain compared
with Standard chain and
adjusted thereto it being found
¼ inch to Short
North between Sections 32 and 33
Chains Variation 7° 15' E
24.20 Hemlock 18 inches Diameter
31.50 Creek 5 links wide runs N of N E
37.50 Intersect Left Bank of Yellow
River 65 links wide Runs
West Banks high
38.15 Join Right Bank of same
40.00 Set quarter Section Post
Elm 10 N 73° E 12 links
White Pine 31 S 70° W 19 links
63.50 White Pine 30 inches Diameter
80.00 Set Post for corner to Sections
28, 29, 32 and 33
Hemlock 18 S 50° E 11 links
Sugar 8 S 60° W 30 Links
Hemlock 12 N 45° W 24 Links
Linn 10 N 45° E 53 Links
Surface Level Soil 2nd rate
Timber Hemlock Pine and Birch
East Random between Sections 28 and 33
Chains Variation 7° East
79.30 Intersect Meridian Section line
at Post
West corrected between Sections 28 and 33
Variation 7° East
19.30 White Pine 30 inches Diameter
39.95 Set quarter Section Post
Hemlock 10 S 5° W 8 Links
Hemlock 10 N 8° E 33 Links
65.05 Hemlock 18 inches Diameter
79.30 Section corner
Surface Level Soil 2nd rate
Timber Hemlock and Birch",survey_notes,silver_claude
survey_007_p0023,survey_007,"North between Sections 28 and 29
Chains Variation 7° 45' E
24.80 Hemlock 18 inches Diameter
40.00 Set quarter Section Post
Hemlock 18 N 40 W 40 Links
Hemlock 18 S 65 E 38 Links
55.25 Creek 5 links wide Runs West South
57.80 Hemlock 18 inches Diameter
80.00 Set Post for corner to Sections
20, 21, 28 and 29
Birch 14 S 43 E 27 Links
Birch 12 S 42 W 37 Links
Birch 18 N 31 W 33 Links
Hemlock 18 N 53 E 85 Links
Surface Level Soil 2nd rate
Timber Hemlock Birch and maple
East Random between Sections 21 and 28
Chains Variation 7° East
80.20 Intersect Meridian Section
line 10 links South of Post
West corrected between Sections 21 and 28
Variation 7° 4' East
5.66 Creek 4 links wide runs South
12.50 Re Cross the same runs N.W.
18.25 Cross the same runs South
40.10 Set quarter Section Post
Hemlock 10 N 64 W 23 links
Hemlock 12 S 65 E 23 Links
41.50 Re Cross creek 5 links wide runs N W
46.50 Cross the same runs S. W.
60.50 Hemlock 10 inches Diameter
80.20 Section corner
Surface Broken Soil 2nd rate
Timber Hemlock and Pine",survey_notes,silver_claude
survey_007_p0024,survey_007,"North between Sections 20 and 21
Chains Variation 7° 45' East
16.20 White Pine 20 inches Diameter
20.00 Creek 10 links wide runs West
40.00 Set quarter Section Post
Sugar 8 S 62° E 12 Links
Linn 10 N 47° W 33 Links
50.00 Enter 2nd Growth Birch
72.00 Birch 10 inches Diameter
80.00 Set Post for corner to Section
16, 17, 20 and 21
Linn 12 S 41° E 11 Links
White Ash 8 N 48° E 66 Links
Elm 12 N 59° W 44 Links
Birch 10 S 25° W 2 Links
Surface Rolling Soil 2nd rate
Timber Hemlock Birch Maple
Elm Linn and Fir
21
East Random between Section 16 and 21
Chains Variation 7° 10' East
80.00 Intersect Meridian 20 links
North of Post
West corrected between Section 16 & 21
Variation 7° 01' East
40.00 Set quarter Section Post
Birch 8 S 31° E 25 Links
Birch 16 N 31° W 2 Links
40.20 Creek 4 links wide, runs South
65.50 Birch 10 inches Diameter
68.50 Creek 4 links wide runs South
80.00 Section corner
Surface Broken Soil 2nd rate
Timber Hemlock Birch Fir Elm
and Linn
Fir undergrowth
March 31st 1858",survey_notes,silver_claude
survey_007_p0025,survey_007,"Measuring Chain compared
with Standard chain and
found correct
North between Sections 16 and 17
Chains Variation 7° 45' Ea
21,00 Leave 2nd Growth Birch
and maple for Hemlocks
21,27 Hemlock 20 inches Diameter
40,00 Set quarter Section Post
Hemlock 8 S 5° E 11 Links
Birch 20 S 59 W 20 Links
80,00 Set Post for corner to Sections
8, 9, 16 and 17
Linn 20 N 80° E 37 Links
Sugar 10 S 65° E 38 Links
Sugar 18 S 45° W 15 Links
Linn 12 S 61° W 54 Links
Surface Level Soil 1st rate
Timber Hemlock Birch maple
and Fir
9 and 16
East Random between Sections
Chains Variation 6° 45' E
80,00 Intersect Meridian Section
Line 30 links North of Post
West Corrected between Sections 9 and 16
Variation 6° 32' East
24,50 Black Ash 12 inches Diameter
40,00 Set quarter Section Post
Hemlock 20 N 20° W 25 Links
Birch 10 S 3° E 21 Links
56,80 Creek 8 links wide runs North
63,57 Birch 14 inches Diameter
80,00 Section corner
Surface Level, Soil 2nd rate
Timber Hemlock Birch and
Maple",survey_notes,silver_claude
survey_007_p0026,survey_007,"North between Sections 8 and 9
Chains Variation 7° 20' East
23.30 Birch 8 inches Diameter
40.00 Set quarter Section Post
Hemlock 10 S 49° E 10 Links
Hemlock 10 N 55° W 22 Links
57.80 Hemlock 18 inches Diameter
74.00 Enter Black Ash Swamp
bears East and West
80.00 Set Post for corner to Sections
4. 5. 8 and 9 in Swamp
Birch 8 N 59 W 16 Links
Birch 6 S 52° W 89 Links
Black Ash 8 S 75° E 12 Links
Black Ash 9 N 11° E 24 Links
Surface Level Soil 1st rate
Timber Hemlock Birch and
Pine
East Random between Sections 4 and 9
Chains Variation 6° 40' East
80.35 Intersect Meridian Section
Line at Post
West Corrected between Sections 4 and 9
Variation 6° 40' East
40.17½ Set quarter Section Post
Birch 12 S 80° E 19 Links
Birch 14 N 62° E 22 Links
45.00 Creek 4 links wide runs North
55.25 Hemlock 20 inches Diameter
65.00 Enter Black Ash Swamp
bears E of N.E and S of S.W.
80.35 Section corner.
Surface Level Soil 2nd
rate
Timber Hemlock Birch Pine
and Elm",survey_notes,silver_claude
survey_007_p0027,survey_007,"North Random between Sections 4 and 5
Chains Variation 7° 30' East
79.80 Intersect South boundary
of Township 34 North Range
1 West 20 links West of Corner
to Sections 32 and 33
South corrected between Sections
4 and 5
Variation 7° 21' East
Cor in Old Windfall
35.80 Set quarter Section Post
in Old Windfall
Fir 6 S 85 W 10 Links
White Pine 6 N 88 E 22 Links
50.20 Linn 18 inches Diameter
65.00 Leave Old Windfall
bears East and West for
Black Ash swamp
79.80 Section corner Surface
Level Soil 2nd rate
Timber Hemlock and Aspen
April 1st 1858
Measuring chain compared
with Standard chain and adjusted
thereto it being found ⅛ inch to
short
North between Sections 31 and 32
Chains Variation 7° 15' East
18.00 Hemlock 18 inches Diameter
40.00 Set quarter Section Post
White Pine 18 N 25 W 17 Links
White Maple 8 N 54 E 30 Links
53.80 White Pine 20 inches Diameter
80.00 Set Post for corner to Sections
29. 30. 31 and 32
Hemlock 20 N 52 E 21 Links
Sugar Maple 14 S 18 E 27 Links
Hemlock 18 N 8 W 36 Links
Sugar 9 S 78 W 35 Links
Surface Broken Soil 3rd rate
Timber Hemlock Birch and
Pine",survey_notes,silver_claude
survey_007_p0028,survey_007,"East Random between Sections 29 & 32
Chains Variation 7° 15' East
80.04 Intersect Meridian Section
line 40 Links North of Post
West corrected between Sections 29 & 32
Variation 6° 56' East
12.35 White Pine 18 inches Diameter
14.10 Intersect Right Bank of
Yellow River 120 links
wide runs N.W.
15.30 Left Bank of Same
40.02 Set quarter Section Post
Hemlock 20 South 67 Links
White Pine 20 N 5° E 72 Links
60.90 Hemlock 20 inches Diameter
80.04 Section corner
Surface Broken Soil 2nd rate
Timber Hemlock Birch and Pine
West Random between Sections 30 and 31
Chains Variation 7° East
83.50 Intersect Range line 65 links
South of Post
East corrected between Sections 30 and 31
Variation 6° 35' East
43.50 Set quarter Section Post
Hemlock 12 S 5° W 10 Links
Hemlock 10 N 11° E 30 Links
60.00 Hemlock 14 inches Diameter
83.50 Section corner
Surface Level Soil 2nd rate
Timber Hemlock and Pine",survey_notes,silver_claude
survey_007_p0029,survey_007,"North between Sections 29 and 30
Chains Variation 7° East
21.80 White Pine 20 inches Diameter
40.00 Set quarter Section Post
Hemlock 18 S 65 W 23 Links
Hemlock 10 N 32 E 4 Links
61.00 Left Bank of Yellow River
65 links wide runs West
61.65 Right bank of same
64.30 Hemlock 18 inches Diameter
80.00 Set Post for corner to Sections
18, 19, 29 and 30
Birch 18 N 64 E 19 Links
Birch 18 N 17 W 19 Links
Birch 16 S 5 W 28 Links
Birch 18 S 60 E 55 Links
Surface Broken Soil 2nd rate
Timber Hemlock and Pine
20 and 29
East Random between Sections
Chains Variation 6° 45' East
80.50 Intersect Meridian Section
line 15 Links North of Post
West Corrected between Sections 20 and 29
Variation 6° 39' East
11.50 Enter Alders bears N E and S W
14.75 Creek 5 links wide runs S W
15.50 Leave Alders
17.00 Hemlock 20 inches Diameter
40.25 Set quarter Section Post
Birch 8 S 67 E 14 Links
Birch 18 N 21 W 24 Links
44.90 Creek 3 links wide runs South
51.50 Creek 5 links wide runs South
55.60 White Pine 30 inches Diameter
80.50 Section corner
Surface Level Soil 2nd rate
Timber Hemlock Birch and Pine
April 2nd 1858",survey_notes,silver_claude
survey_007_p0030,survey_007,"Measuring chain compared with
Standard chain and found correct
West Random between Section 19 and 30
Chains Variation 6° East
83.96 Intersect Range line 108
Links North of Post
East Corrected between Section 19 and 30
Variation 6° 42' East
16.00 Enter Worthless Tamarac & Spruce
Swamp bears North and South
32.00 Leave the Same,
43.96 Set quarter Section Post
White Pine 18 S 20° W 8 Links
White Pine 8 North 19 Links
56.00 Enter Alders bears North and South
58.30 Creek 5 links wide, runs South
59.10 Leave Alders.
66.50 Hemlock 10 inches Diameter
83.96 Creek 5 links wide, runs South
Section corner Surface level
Soil 2nd rate Timb Hemlock
Birch and Pine
North between Sections 19 and 20
Chains Variation 7° East
4.10 Creek 3 links wide runs S.W.
16.15 Birch 14 inches Diameter
40.00 Set quarter Section Post
Birch 8 S 74 E 41 Links
Sugar 10 West 33 Links
59.30 Elm 10 inches Diameter
60.00 Enter Windfall bears East and West
70.00 Leave the Same bears East and West
73.00 Creek 5 links wide, runs S.W.
80.00 Set Post for corner to Sections
17. 18. 19 and 20
Birch 14 N 73 E 3 Links
Birch 14 N 63 W 20 Links
Birch 12 S 33 E 22 Links
Birch 18 S 85 W 60 Links
Surface level Soil 2nd rate
Timber Hemlock Birch and
Pine",survey_notes,silver_claude
survey_007_p0031,survey_007,"East Random between Sections 17 and 20
Chains Variation 6° 45' East
80,10 Intersect Meridian Section
Line 50 links South of Post
West Corrected between Sections 17 & 20
Variation 7° 6' East
13,80 Creek 5 links wide runs South
35,00 Leave 2nd Growth Birch and
Maple for Hemlock and Fir
40,05 Set quarter Section Post
Hemlock 18 N 75° E 4 Links
Hemlock 20 S 22° W 42 Links
54,80 Hemlock 18 inches Diameter
72,30 Creek 5 links wide runs South
80,10 Section corner
Surface Broken Soil 2nd rate
Timber Hemlock, Birch, Maple
and Fir
19
West Random between Section 18 and 19
Chns Variation 6° 45' East
83,62 Intersect Range line 31 links
North of Post
East Corrected between Sections 18 and 19
Variation 6° 58' East
25,00 Creek 5 links wide runs S.W
28,15 Enter Windfall Bears North and South
43,62 Set quarter Section Post in Windfall
Hemlock 8 S 85° W 7 Links
Birch 14 N 87° W 42 Links
55,00 Leave Windfall Bears North and South
73,00 Hemlock 10 inches Diameter
83,62 Section corner
Surface Level soil 2nd rate
Timber Hemlock and Birch",survey_notes,silver_claude
survey_007_p0032,survey_007,"North between Sections 17 and 18
Chains Variation 7° 55' East
19,00 Hemlock 18 inches Diameter
40,00 Set quarter Section Post
Sugar 8 N 58° W 4 Links
Birch 10 S 38° E 19 Links
61,00 Hemlock 30 inches Diameter
80,00 Set Post for Corner to Sections
7, 8, 17 and 18
Hemlock 14 N 63° W 45 Links
Hemlock 20 S 80° W 27 Links
Hemlock 18 S 38° E 40 Links
Hemlock 20 N 41° E 48 Links
Surface Level soil 2nd rate
Timber Hemlock, Birch and
Pine
East Random between Section 8 and 17
Chns Variation 7° East
80,20 Intersect Meridian Section
Line 36 links North of Post
West corrected between Section 8 and 17
Variation 6° 45' East
15,95 Hemlock 14 inches Diameter
20,00 Enter Black Ash and Tamarac
Swamp, bears North and South
35,00 Leave the Same bears N.E. and S.W.
40.10 Set quarter Section Post
Birch 8 N 78° E 46 Links
Hemlock 18 N 63° W 19 Links
60,00 Hemlock 18 inches Diameter
80,20 Section corner Surface Level
Soil 2nd rate
Timber Hemlock and Birch",survey_notes,silver_claude
survey_007_p0033,survey_007,"60
West Random between Sections 7 and 18
Chains Variation 7° 15'
82.37 Intersect Range line 40 links
South of Post
East Corrected between Sections 7 and 18
Variation 6° 58' East
42.37 Set quarter Section Post
Hemlock 20 S 56° E 27 Links
Birch 8 N 38° W 11 Links
65.30 Black Ash 14 inches Diameter
82.37 Section corner
Surface Level Soil 1st rate
Timber Hemlock Birch
Maple and Pine.
April 3rd 1858
Measuring chain compared with
standard chain and adjusted
thereto it being found ½ inch to short
North between Sections 7 and 8
Variation 7° 15' East
16.05 Hemlock 14 inches Diameter
40.00 Set quarter Section Post
Hemlock 8 S 88° E 20 links
Birch 10 S 27° W 10 links
55.00 Enter Old Windfall bears
East and West
72.50 Creek 5 links wide runs S. W.
80.00 Set Post for corner to Sections
5. 6. 7. and 8
Spruce 8 N 33° E 30 Links
Fir 18 N 50° W 55 Links
Birch 10 S 57° W 45 Links
Fir 8 S 33° E 13 Links
Surface Level Soil 2nd rate
Timber Hemlock Birch and
Maple.",survey_notes,silver_claude
survey_007_p0034,survey_007,"East Random between Sections 5 and 8
Chains Variation 6° 50'
80,50 Intersect Meridian Section
Line 25 links South of Post in swamp
West Corrected between Sections 5 and 8
Variation 7° 1' East
12,00 Leave Black Ash Swamp
bears North and South
23,00 Hemlock 18 inches Diameter
40,25 Set quarter Section Post
in eddge of Old Windfall
Fir 10 S 33° E 56 Links
Hemlock 12 N 33° W 38 Links
40,50 Enter Old Windfall
bears N E and S W
80,50 Section corner
Surface Level Soil 2nd rate
Timber Hemlock Birch and Fir
Poplar and Fir undergrowth
in Old Windfall
67
West Random between Sections 6 and 7
Chains Variation 7° 10' East
81,52 Intersect Range line at Post in swamp
East Corrected between Sections 6 and 7
Variation 7° 10' E
26,50 Creek 5 links wide runs S W
41,52 Set quarter Section Post in Marsh
Fir 6 N 62° E 6 Links
Fir 6 S 74° W 76 Links
57,80 Birch 10 inches Diameter
66,50 Creek 4 links wide runs N W
81,52 Section corner
Surface Level Soil 2nd rate
Timber Hemlock Birch and Fir
undergrowth Fir and Poplar",survey_notes,silver_claude
survey_007_p0035,survey_007,"North Random between Sections 5 and 6
Chains Variation 7° 20' East
79,10 Intersect South boundary
of Township 34 North
Range 1 West at corner
to Sections 32 and 33
South Corrected between Sections
5 and 6
Variation 7° 20' East
Corner in Old Windfall
39,10 Set quarter Section Post in
Old Windfall
Sugar 6 S 33 E 22 Links
White Ash 6 S 38 W 28 Links
79,10 Section corner
Surface Level soil 2nd rate
Timber is Scattering Hemlock
and Birch
Poppler and Fir 2nd growth
April 5th 1858
Swamp Lands
Description
SW¼ of SW¼ Section 4 Acres 40 00
SW¼ of SW¼ "" 11 "" 40 00
E½ of SW¼ "" 13 "" 80 00
SE¼ of "" 14 "" 160 00
NW¼ of NE¼ "" 14 "" 40 00
W½ of NW¼ "" 14 "" 80 00
SE¼ of NE¼ "" 15 "" 40 00
NE¼ of "" 23 "" 160 00
E½ of SE¼ "" 23 "" 80 00
W½ of SW¼ "" 24 "" 80 00
NW¼ of NW¼ "" 24 "" 40 00
SE¼ of SW¼ "" 25 "" 40 00
S½ of SW¼ "" 27 "" 80 00
N½ of NW¼ "" 34 "" 80 00
NE¼ of NE¼ "" 35 "" 40 00",survey_notes,silver_claude
survey_007_p0036,survey_007,"General Description
This Township contains
a few Tamarac and Cedar
Swamps of Small extent, Most
of them unfit for cultivation
The Surface is Rolling
Soil first and Second rate
Timber Chiefly Hemlock
Birch, Maple, Pine, Tamarac
and Cedar
There is a large Windfall
runs across the North West corner
bears in South West and North
East Direction Timber Decayed
and grown to Second Growth
Popler &
There is several creeks
in this Township among which
is the Yellow River runs in a
North Westerly course across the
South West corner of the Township
It is a deep and narrow
Stream, flows in a gentle
current, not good for
forming Motive power for
Mills
There is another Stream
of considerable extent enters
the Township, near the
South East corner and runs in
a gentle current North westerly
It is a deep narrow Stream
banks low and principally
lined with Alders,",survey_notes,silver_claude
survey_009_p0004,survey_009,"Assistants
James E. Sevens Chn.
Chas T. Doty. Carriers
David Usher Axeman
John U. Lilley Flagman
3
Measuring Chain
Compared with
the Standard Chain
and found Correct.
To determine the
course of the East
Boundary of the
Township I Commence
(with my Compass ad-
justed at a Variation
of 6° 38' East.) at the
Corner to Townships
23 & 24. Ranges 14 & 15.
and run thence on a
blank Line
North. and at.
40.05 fell 10 lks to right of
of quarter Section post
and at.",survey_notes,silver_claude
survey_009_p0005,survey_009,"4
80.10 Fell 17 Links East
of the Corner to Sections
25. & 36. Township
24. North Range 14
East.
From Corner to
Townships 23 & 24
Ranges 14 & 15. With
compass adjusted
at a Variation of 6° 30'.
I run
West On a blank line
along South Boun
dary of Section 36.
and at
39.87 quarter Section Corner
79.60 To Corner to Sections
35 & 36. Township 24
North. Range No 14
East.
5
North Between Sections
35 & 36. Var. 6° 38' East.
30.00 Enter Tamc Swamp
bears East & West. unfit
for cultivation.
40.00 Set a post for the
¼ Section Corner
Tamc 10. S 16° W 44.
Birch 10. N 25° E 40.
48.75 Brook 8 lks wide runs
S.E.
52.00 Leave Tamc Swamp
bears S.E. & N.W.
65.69 Enter Black Ash
Swamp bears East &
West.
76.00 Leave Same East & West.
80.00 Set post. for the
Corner to Sections
25. 26. 35 & 36.",survey_notes,silver_claude
survey_009_p0006,survey_009,"6
Beech 20. N 80° W. 17.
Birch 12 S 60° E. 16.
Surface level Soil
2d rate. Timber Tam
Black Ash. Birch
Linn. Beech. Sugar &
W. Pine undergrowth
alder & iron wd.
East Random between
Sections 25 & 36.
Var. 6° 30' East
79.30 Intersected East
Range Line 20 lks
North of Section Cor.
West Corrected between
Sections 25 & 36.
Var. 6° 21' East
7
39.65 Set ¼ Section post.
Blk Ash 14 N 41° W. 5.
Blk Ash 18. S 85° E. 5.
44.30 Leave Ash Swamp bears
N.E. & S.W.
79.30 Section Corner.
Surface level & Swampy
Soil 2nd rate. Timber
Blk Ash. Sugar. Elm.
& Beech undergrowth
alder & prickly ash.
North Between Sections
23 & 26. Var. 7° East.
40.00 Set ¼ Section post.
Beech 12 N 55° W. 17.
Beech 14. S 23° E 19.
80.00 Set post for Corner
to Secs 23. 24. 25 & 26",survey_notes,silver_claude
survey_009_p0007,survey_009,"8
Ash 12. N 45° E. 28.
Beech 17. S 68° W. 19.
Surface level Soil 1st rate
Timber Beech. Sugar.
Linn. Ash. White & Red
Oak. underth beech &
ironwd.
East Random between
Sections 24 & 25
Var. 6° 21' East
79.70 Intersected East
Range Line 70 lks
North of Section Cor
ner.
West Corrected between
Sections 24 & 25.
Var. 5° 31' East.
9
1.70 Lake Shawano Road
N.W & South.
20.70 Enter Tamc Swamp
bears North & South
unfit for Cultiv
ation.
37.50 Leave Same North &
South
39.85 Set ¼ Section Corner
Beech 14. N 44° E. 22.
Beech 10. S 55° W. 13.
79.70 Section Corner.
Surface level Soil
1st rate. Timber
Sugar. Beech Linn
Tamc. & Elm. under
growth ironwd
alder & beech",survey_notes,silver_claude
survey_009_p0008,survey_009,"10
North Between Sections
23 & 24. Var. 6° 45' East
33.00 Enter Marsh runs
N.E & S.W
40.00 Set ¼ Section post.
Blk Ash 10. N 68° W. 150.
Birch 10 N 5° E 375.
43.30 Leave Marsh N.E & S.W.
60.20 Sugar 12 ins diameter
79.38 Bear Creek 20 lks wide
runs S.E. high banks
rock bottom. swift
current.
80.00 Set post for the cor
ner to Sections 13
14. 23 & 24.
Linn 18. N 68° E. 48.
Elm 10. S 57° W 37.
Surface Rolling Soil 2d
rate. Timber Sugar
11
Linn. Beech. Ash
Hemlock Birch. W.
& Red Oak. undergrowth
ironwd & beech.
East Random between
Sections 13 & 24
Var. 5° 51' East.
80.10 Intersected East
Range Line. 70 lks
North of Section Cor
ner.
West Corrected between
Sections 13 & 24
Var. 5° 21' East.
19.00 Enter Blk Ash Swamp
runs North & South",survey_notes,silver_claude
survey_009_p0009,survey_009,"12
40.05 Set ¼ Section corner
W. Walnut 10 S 25° W. 46.
Elm 14. N 53° E 35.
30.90 Bear Creek 30 lks wide
runs S.E.
47.70 Same creek running N.E.
70.20 Lake Shawano Road
runs N.W. & S.E.
80.10 Section corner.
Surface level Soil
2nd Rate. Timber
Black Ash. Sugar
Linn. Elm. Butternut
& W. Oak. undergrowth
alder & ironwood
November 29th 1852
13
Measuring Chain
Compared with
Standard Chain
and found Correct.
North Between Sections
13 & 14. Var. 6° 40' East
22.80 Hemlock 12 ins dia.
23.62 Lake Shawano Road
N.W & S.E.
40.00 Set ¼ Section post.
Hemlock 14. N 21° E 36° W 22.
Elm 12. N 21° E 24.
80.00 Set post for corner
to Sections 11. 12. 13
& 14.
Linn 14. N 61° E 25.
Sugar. 12. S 12° W. 17.
Surface level Soil 2
nd Rate. Timber Sugar
Hemlock Linn Beech & Oak.",survey_notes,silver_claude
survey_009_p0010,survey_009,"14.
East Random between
Sections 12 & 13.
Var. 5° 21' East.
79.20 Intersected East
Range Line 30 lks
North of Section Cor.
West Corrected between
Sections 13 & 12
Var. 5° 08' East.
39.60 Set ¼ Section post.
Cedar 14. S 30° W. 7.
Cedar 14 N 21° E. 16.
43.20 Leave Cedar Swamp
North & South
79.20 Section Corner
Surface level. Soil
2d rate. Timber
Sugar. Elm Hemlock
15
& Cedar. Undergrowth
evergreens.
North Between Sections
11 & 12. Var. 7° East.
40.00 Set ¼ Section post
Beech 10. N 37° W. 18 lks
Sugar 12. N 7° E. 20.
80.00 Set a post Corner
to Sections 1. 2. 11 & 12.
Sugar. 10. N 60° W. 19.
Elm 12 S 80° E 28.
Surface Rolling Soil
2d rate. Timber Sugar
Elm. Beech. Linn
Ash Red & W. Oak.
Undergrowth beech
& iron wd",survey_notes,silver_claude
survey_009_p0011,survey_009,"16
East Random between Secs
1 & 12. Var. 5° 8' East.
79.80 Intersected East Range
line, 30 lks North of
Section Corner.
West Corrected between
Sections 1 & 12
Var. 4° 35' East
8.00 Enter Cedar Swamp
bears N.W & S.E. unfit
for cultivation
39.90 Set ¼ Section post.
Cedar. 18. N 55° E 7.
Cedar 18. S 15° E 7.
69.00 Leave Cedar. bears NW
& S.E.
79.80 Section corner.
Surface level soil 3d rate
17
Timber Sugar. Elm
Beech Linn & Oak
undergrowth beech
and ironwd.
North Random between
Sections 1 & 2
Var. 7° 12' East.
86.30 Intersected North
Township Line. 60
links East of Section
Corner.
South Corrected between
Sections 1 & 2.
7° 36'
Var. 7° 36' East
11.00 Enter Cedar East
& West.",survey_notes,human
survey_009_p0012,survey_009,"18
46.30
40.00 Set ¼ Section post.
Cedar 12. N 85° W. 18.
Cedar 10 S 78° E 9
52.30 Leave Cedar. N.E & S.W.
86.30 Section corner.
Surface level & Swampy
Soil 3d rate. Timber
Cedar. Beech Linn
& Oak. undergrowth
alder & cedar.
November 30th 1852
19
Measuring Chain
Compared with the
Standard chain &
found Correct.
North Between Sections
34 & 35. Var. 6° 45' East
9.00 Enter Cedar Swamp
bears East & West
unfit for cultivation
38.00 Leave Same. East &
West.
40.00 Set a ¼ Section post.
Hemlock 12 N 15° W 9.
Sugar 14. S 30° E. 7.
42.00 Enter Cedar Swamp
bears East & West
unfit for cultivation
61.00 Leave Same E & W
80.00 Set post Corner
to Sections 26. 27.",survey_notes,human
survey_009_p0013,survey_009,"20
34 & 35.
Birch 16. N 40 W. 23.
Elm. 14. S 73° E 25.
Surface level Soil
2nd rate. Timber
Cedar Birch. Hemlock
& Elm. undergrowth
evergreen & beech.
East Random between
Sections 26 & 35.
Var. 6° 30' East
80.40 Intersected Meridian
Section Line 60 links
North of Corner.
West Corrected between
Sections 26 & 35.
21
Var. 6° 05' East
40.20 Set ¼ Section post.
Irond 10. S 25° W. 32.
Sugar 12. N 67° E. 36.
80.40 Section Corner.
Surface level. Soil
2nd rate. Timber
Sugar. Irond. Beech
Ash Linn W. & Red Oak.
North Between Sections
26 & 27. Var. 7° East
40.00 Set ¼ Section post.
Hemlock 10. N 82° W 38
Hemlock 10 S 58° E 29.
80.00 Set post Corner
to Sections 22. 23. 26 &
27. Hemlock 12. N 24° W. 37.
Hemlock 14 N 82° E. 35.",survey_notes,silver_claude
survey_009_p0014,survey_009,"22
Surface Level & Swampy
Soil 2d Rate. Timber
Hemlock. Elm
Birch & Beech.
East Random between
Sections 23 & 26. Var. 6° E.
80.20 Intersected Meridian
Section line 30 lks South
of post.
West Corrected between
Sections 23 & 26
Var. 6° 15' East
40.10 Set ¼ Section post
Sugar 14 N 80° W 20
Sugar 12 S 67° E 13
51.00 Enter Cedar Swamp
23
N W & S E. unfit for
Cultivation.
68.20 Leave Same N & S.
80.20 Section Corner
Surface Level Soil
2d Rate. Timber
Sugar. Cedar Linn
Elm Beech Hemlock
Birch W. & Red Oak
Undergrowth beech
& alder.
North Between Sections
22 & 23. Var. 6° 45' East
40.00 Set ¼ Section post
Ash 10 N 23° W. 33
Elm 16 S 63° E. 8.
41.30 Brook 8 lks wide runs
N. E.",survey_notes,silver_claude
survey_009_p0015,survey_009,"24
67.42 Bear Creek 12 lks wide
running East.
80.00 Set post Corner to
Sections 14. 15. 22 & 23
Elm 10 S 50° W. 27
Linn 14. N 28° E 19.
Surface level Soil
2d rate. Timber
Hemlock Elm. Linn
& Ash. undergrowth
evergreens. -
East Random between
Sections 14 & 23.
Var. 6° 13' East.
80.08 Intersected Meridian
Section line 60 lks
North of post.
25
West Corrected between
Sections 14 & 23.
Var. 5° 47' East.
14.80 Bear Creek 30 links
wide runs S. E.
33.70 Same Creek running N E
40.04½ Set ¼ Section post.
Elm 15. N 38° W. 24
Elm 14. S 55° E 12.
42.90 Bear Creek S. E.
45.90 Same N. E.
51.00 Same S. E
52.90 Same N. E.
80.09 Section corner
Surface level Soil
2d rate. Timber
Sugar Elm Hemlock
Beech & Ash.
undergrowth prickly
Ash December 1st 1853",survey_notes,silver_claude
survey_009_p0016,survey_009,"26.
Measuring Chain
Compared with
Standard Chain
and found correct.
North Between Sections 14
& 15. Var. 6° 40' East
27.36 Maple 16 ins diameter
40.00 Set ¼ Section post
Birch 14. N 8° W. 35.
Hemlock 12 S 67° E 20.
80.00 Set post Corner to
Sections 10. 11. 14 & 15
Elm 14 N 77° W. 15.
Elm 12 S 34° E 5.
Surface level Soil
2d rate. Timber
Hemlock Ash Elm
& Birch.
Undergrowth
evergreens.
27
East Random between
Sections 11 & 14
Var. 5° 51' East
80.20 Intersected Meridian
Section line 20 lks
South of post.
West Corrected between
Sections 11 & 14
Var. 5° 59' East
3.70 Lake Shawano Road
North & South
40.10 Set ¼ Section post.
Sugar 14 S 20° W. 22.
Sugar 12 N 42° E. 11.
59.30 Enter Cedar Swamp
bears N.E & S.W.
unfit for cultivation
73.10 Brook 10 wide S. E.",survey_notes,silver_claude
survey_009_p0017,survey_009,"28
74.30 Leave Cedar N.E & S.W.
80.20 Section Corner.
Surface level Soil
2nd rate. Timber
Sugar. Linn Elm
Cedar. Tamc. & Blk Ash.
undergrowth alder
& evergreens.
North Between Sections
10 & 11. Var. 7° East.
21.00 Brook 10 wide S.E.
25.00 Enter Cedar & Tamc
Swamp bears. S.E & N.W.
27.70 Tamc 14 in. diamet.
40.00 Set ¼ Section post.
Cedar 10 N 10° E. 13
Cedar 12. S 63° W. 4.
78.00 Leave Cedar S.E & N.W.
29
80.00 Set post Corner
to Sections 2. 3. 10 &
11.
Birch 14. N 45° W. 4.
Birch 12 S 48° E 35.
Surface level Soil
2nd rate. Timber
Cedar Tamc Hemlock
& Sugar. Undergrowth
Evergreens.
East Random between
Sections 2 & 11
Var. 5° 39' East
79.78 Intersected Mer-
idian Section line
40 links South of
post.",survey_notes,silver_claude
survey_009_p0018,survey_009,"30
West Corrected between
Sections 2 & 11.
Var 6° 16' East.
12.00 Shawano Road
N.W. & S.E.
39.84 Set ¼ Section post.
Beech 14 N 28° W 20
Beech 10. S 10° E 14.
79.78 Section Corner.
Surface level. Soil
2d rate. Timber Sugar
Beech. Linn Elm &
W. Oak. Undergth
beech & ironwd.
North Random between
Sections 2 & 3. Var 7° 37'
85.40 Intersected North
Township line 100 lks
East of post.
31
South Corrected
between Sections
2 & 3. Var. 8° 17' East
45.40 Set ¼ Section post
Beech 14. S 2° W. 52
Beech 12 N 62° E. 26.
85.40 Section Corner.
Surface level. Soil
2d rate. Timber Hemlock
Beech Linn. Sugar
& Oak. Undergrowth
prickly ash & beech.
December 2d 1852.",survey_notes,silver_claude
survey_009_p0019,survey_009,"32
Measuring Chain
Compared with
the Standard Chain
and adjusted thereto
it having been
found ¼ inch too
long.
North Between Sections
33 & 34. Var. 6° 45' East.
7.00 Enter Cedar Swamp.
bears N.E & West.
15.00 Leave same. and enter
Spruce. bears East &
West. unfit for cul
tivation.
40.00 Set ¼ Section post.
Spruce 7. S 34° W 5
Spruce 6. N 19° E 9
80.00 Set post for the
33
corner to Sections
27. 28. 33 & 34.
Spruce 7. N 57° W 8.
Spruce 6. S 6° E 15.
a Spruce and Cedar
Swamp. unfit for
Cultivation.
East Random between
Sections 27 & 34.
Var. 6° East.
80.10 Intersected Meridian
Section Line 40 lks
North of post.
West Corrected between
Sections 27 & 34
Var. 5° 45' East.",survey_notes,silver_claude
survey_009_p0020,survey_009,"34.
40.05 Set ¼ Section post.
Hemlock 10. N 55° W. 32.
Beech 20 S 40° E. 25.
55.00 Enter Cedar Swamp
bears North & South
unfit for cultivation
70.00 Enter Spruce
80.10 Section Corner.
Surface level Soil
2d rate. Timber Hem
lock Cedar Spruce
& Beech. Undergrowth
evergreens. & beech.
North Between Sections
27 & 28. Var. 7° East.
20.00 Leave Spruce & enter
Cedar Swamp East
and West.
35
40.00 Set ¼ Section post
Cedar. 10. N 35° W. 30.
Cedar. 8. S 42° E. 36.
77.50 Brook 10 wide East.
80.00 Set post Corner
to Sections 21. 22
27 & 28.
Cedar 10. N 32½° W. 23.
Cedar 10. S 33° E. 10
a Spruce & Cedar Swamp
unfit for cultivation
East Random between
Sections 22 & 28.
Var. 5° 45' East.
80.00 Intersected Meridian
Section line 10 lks
north of post.",survey_notes,silver_claude
survey_009_p0021,survey_009,"36.
West Corrected between
Sections 22 & 27
Var. 8° 39' East.
7.50 Enter Cedar Swamp
bears N.W & S.E.
11.50 Leave Same N.W & S
17.00 Enter Same N.E & S.W.
40.00 Leave same and
enter Blk Ash Swamp
North & South.
40.00 Set ¼ Section post.
Blk Ash 20. N 39° W. 17.
Blk Ash 10 S 25° E 20.
42.00 Leave Ash Swamp
North & South.
45.00 Brook 15 wide N.E.
49.00 Brook 10 S.E. Same Brook 10 S.E.
57.00 Same S.E.
52.00 Same N.E
77.50 Enter Cedar Swamp
37
bears North & South
unfit for cultivation
80.00 Section Corner.
Surface level and
swampy unfit
for cultivation.
Timber Cedar & Blk
Ash undergrowth
evergreens.
North Between Sections
21 & 22. Var. 6° 45' East.
40.00 Set ¼ Section post.
Cedar 12. S 18° W. 27
Cedar 12 N 30° E 25.
63.00 Leave Cedar E & W
80.00 Set post for Cor-
ner to Sections
15. 16. 21 & 22.",survey_notes,silver_claude
survey_009_p0022,survey_009,"38.
W. Pine 22. N 56° W. 25.
Hemlock 12. S 23° E 36.
Surface level Soil 2d
rate. Timber Cedar
Hemlock & Pine
undergrowth
evergreens.
East Random between
Sections 15 & 22.
Var. 6° East.
80.00 Intersected Meridian
Section line 20 lks
North of post
West Corrected between
Sections 15 & 22.
Var. 5° 52' East.
10.80 Bear Creek 12 links
running South.
30.70 Brook 8 lks wide S.E.
36.00 Enter Cedar Swamp
bears North & S.E.
40.00 Set ¼ Section post.
Cedar 6. N 18½° W. 22.
Cedar 10 S 15° E 27.
55.00 Leave Cedar Swamp
North & South unfit
for cultivation.
80.00 Section Corner.
Surface level Soil
2d rate. Timber
W. Pine. Hemlock
Linn. Beech Oak &
Cedar. Undergrowth
cedar & alder.
December 3d 1852",survey_notes,silver_claude
survey_009_p0023,survey_009,"40
Measuring Chain
compared with the
Standard Chain
and found Correct.
North Between Sections
15 & 16. Var. 6° 45' East.
21.80 Linn 30 ins diameter
31.25 Brook 6 wide S.E.
32.00 Same S.W.
33.50 Same S.E.
40.00 Set ¼ Section post.
Beech 12. N 10° W. 35.
Beech 20. S 5° E. 29.
80.00 Set post for Corner
to Sections 9. 10. 15
& 16.
Birch 10. N 30° W. 15.
Elm 14. S. 8° E. 13.
Surface level Soil
41
2d rate. Timber.
Hemlock. Beech. W.
Pine. Elm & Linn.
undergrowth birch
evergreens. -
East Random between
Sections 10 & 15.
Var. 5° 51' East.
80.15 Intersected Meridian
Section line 30 lks
South of post
West Corrected between
Sections 10 & 15,
Var. 6° 03' East
40.07½ Set ¼ Section post
Sugar 14. N 45° W. 28 lks
Hemlock 10 S 38° E 7.",survey_notes,silver_claude
survey_009_p0024,survey_009,"42
60.00 Enter Blk Ash Swamp
bears North & South.
66.15 Brook 6 wide S.E.
78.15 Leave Swamp bears
N.W. & S.E.
80.15 Section corner.
Surface level &
Swampy Soil 2d rate.
Timber. Blk Ash.
Sugar. Hemlock Birch
Elm & W. Pine.
Undergrowth alder
& evergreens.
North Between Sections
9 & 10. Var. 6° 45' East
17.00 Enter Blk Ash &
Cedar Swamp bears
N.W. & S.E. Unfit
for cultivation
43
40.00 Set ¼ Section post.
Cedar 10. S 20° W. 17.
Cedar 12 N 68° E. 9.
74.00 Brook 10 wide N.E.
80.00 Set a post corner
to Sections 3. 4. 9 & 10.
Tamc 18. S 87° E. 32.
Cedar 12 N 75° W. 20.
Surface level, Soil 2d
rate. Timber. Cedar
Tamc. & Hemlock
Undergrowth. alder
& evergreens.
East Random between
Sections 3 & 10
Var. 6° 05' East.
79.69 Intersected Meridian
Section line 30 lks South",survey_notes,silver_claude
survey_009_p0025,survey_009,"44
of post.
West Corrected between
Sections 3 & 10.
Var. 6° 16' East.
1.30 Enter Cedar Swamp
bears N.W & S.E.
unfit for Cultivation
35.50 Leave same North
& South.
39.84 Set ¼ Section post.
Birch 14. N 48° E 10.
Hemlock 14 S 32° W. 12.
61.00 Enter Cedar Swamp
bears North & South
unfit for cultivation
79.69 Section Corner
Surface level & Swampy
Soil 2d Rate Timber
45
Hemlock. Cedar.
Tamc. Birch & W. Pine
undergrowth evergreen
North Random between
Sections 3 & 4.
Var. 8° 19' East.
84.45 Intersected North
Township Line 20
lks West. of post.
South Corrected between
Sections 3 & 4.
Var. 8° 20' 8° 11' East.
44.45 Set ¼ Section post.
Hemlock 18. N 47° W. 27.
Hemlock 18 S 54° E. 54.
45.00 Enter Cedar Swamp
East & West.",survey_notes,silver_claude
survey_009_p0026,survey_009,"46.
84.45 Section corner.
Surface level. Soil
2d rate. Timber
Hemlock. Sugar
Birch. Tam. Cedar
Elm. & W. Pine.
undergrowth beech
& evergreens.
December 4th 1852
47
Measuring chain
Compared with
Standard Chain
and found Correct.
North Between Sections
32 & 33. Var. 6° 45' East.
12.00 Leave Cedar Swamp
bears NW & S.E.
40.00 Set ¼ Section post
Sugar 20 N 59° W. 32.
Sugar 6 S 44° E. 24.
80.00 Set post Corner to
Sections 28. 29. 32 & 33.
Ash. 12 N 25½° W. 30.
Elm 20. S 25° E. 45.
Surface level. Soil 2d
rate. Timber. Sugar
Elm Ash W. Pine
Cedar. & Oak. undergrowth
ironwood and briers.",survey_notes,silver_claude
survey_009_p0027,survey_009,"48
East Random between
Sections 28 & 33.
Var. 6° 30' East
80.00 Intersected Meridian
Section Line. 30 lks
North of post.
West Corrected between
Sections 28 & 33.
Var. 6° 22' East
12.00 Leave Spruce & enter
Cedar Swamp bears
North & South.
40.00 Set ¼ Section post.
Linn 8. S 43° E. 15.
Elm 6. N 37½° W. 12.
66.75 Brook 8 wide S.E.
80.00 Section Corner
Surface level Soil 2nd rate
49
Timber. Beech Sugar
Linn. W. Pine Cedar
Spruce Hemlock &
Elm. Undergrowth
evergreens. & spruce.
North Between Sections
28 & 29. Var. 7° East
17.40 Linn 22 ins diameter
40.00 Set ¼ Section post
Birch 12 S 10° W. 37 lks.
Birch 16. N 3° E. 21.
68.00 Linn 24 ins diameter
80.00 Set post Corner to
Sections 20. 21. 28 & 29.
Elm. 20. N 13½° W. 11.
Linn 36. S 10° E 13.
Surface level Soil 1st
rate Timber Sugar Beech
Ash. Oak Elm & Linn.",survey_notes,silver_claude
survey_009_p0028,survey_009,"50.
East Random between
Sections 21 & 28
Var. 6° 22' East
80.00 Intersected Meridian
Section Line 30 Links
South of post.
West Corrected between
Sections 21 & 28
Var. 6° 43' East
1.70 Brook 10 Wide S.E.
20.00 Leave Cedar Swamp
N.W & S.E.
40.00 Set ¼ Section post
Birch 12. N 82° W. 26.
Birch 10. S. 75½° E. 29.
80.00 Section Corner.
Surface level Soil
1st Rate.
57
Timber. Cedar
Sugar. Linn. Red
Oak & Beech. under
growth. prickly ash
& evergreens.
North Between Sections
20 & 21. Var. 6° 45' East
13.66 Linn. 30 in diam.
22.00 Enter Tamc Swamp
bears East & West
unfit for Cultivation
28.50 Leave Same East & West.
40.00 Set ¼ Section post
W. Pine 24. S 30° W. 44.
W. Pine 24. N 36½ E. 19.
80.00 Set post Corner
to Sections 16. 17.
20 & 21.",survey_notes,silver_claude
survey_009_p0029,survey_009,"52.
Hemlock 14. S 21° W. 7.
Hemlock 8. N 5° E 4.
Surface level Soil
2d rate. Timber
Hemlock. Sugar
W. Pine Elm. Beech
& Linn. undergrowth
alder & evergreens.
East Random between
Sections 16 & 21.
Var. 6° 45' East
80.25 Intersected Meridian
Section line 40 lks
South of post.
West Corrected between
Sections 16 & 21. Var. 7° E.
53
40.12½ Set ¼ Section post
Hemlock 10. S 47° W. 31.
Hemlock 12 N 12° W. 8.
80.25 Section Corner.
Surface level Soil
2d rate Timber
Hemlock & W. Pine
undergrowth alder
& evergreens.
December 5th 1852",survey_notes,silver_claude
survey_009_p0030,survey_009,"54
Measuring Chain
Compared with
Standard Chain
and found correct.
North Between Sections
16 & 17. Var. 6° 30' East.
40.00 Set ¼ Section post.
Hemlock 12. N 12° W. 12.
Hemlock 10. S 80° E. 9.
80.00 Set post Corner
to Sections 8. 9. 16 &
17.
Hemlock 14. N 65° W. 24.
Hemlock 10. S 18° E. 11.
Surface Level Soil
2d rate. Timber
Hemlock W. Pine &
Birch undergrowth
evergreens.
55
East Random between
Sections 9 & 16.
Var. 7° East.
79.60 Intersected Meridian
Section line 74 lks
North of post.
West Corrected between
Sections 9 & 16.
Var. 6° 28' East.
39.80 Set ¼ Section post.
Elm 10. N 38° W. 12.
Maple 12. S 80° E. 15.
79.60 Section Corner
Surface Level Soil
2d rate Timber
W. Pine. Hemlock
Elm. Sugar & Birch
under evergreens.",survey_notes,silver_claude
survey_009_p0031,survey_009,"56.
North Between Sections
8 & 9. Var. 7° 12' East.
40.00 Set ¼ Section post.
Beech 12. S 85° W. 39.
Sugar. 14. N 42° E. 48.
55.00 Enter Cedar Swamp
bears N.E & S.W.
unfit for cultivation
80.00 Set post. Corner
to Sections 4. 5. 8 & 9.
Birch 13. N 70° E. 21
Elm 12. S 20° W. 20.
Surface level Soil
2d rate. Timber
Sugar Hemlock
W. Pine Elm & Linn
undergrowth birch
and evergreens.
57
East Random between
Sections 4 & 9.
Var. 6° 42' East.
80.20 Intersected Meridian
Section line 20 lks
South of post.
West Corrected between
Sections 4 & 9.
Var. 6° 50' East
15.00 Enter pond bears
N.W & S.E.
27.50 Leave Same N.W & S.E.
40.10 Set ¼ Section post
Cedar 14 N 55° W. 12
Cedar 10. S 43° E. 12.
80.20 Section Corner
In Cedar Swamp
unfit for cultivation",survey_notes,silver_claude
survey_009_p0032,survey_009,"58
North Random between
Sections 4 & 5.
Var. 7° 12' East.
83.80 Intersected North
Township Line 60 lks
East of Corner.
South Corrected between
Sections 4 & 5.
Var. 7° 37' East.
13.00 Enter Cedar Swamp
bears East. & West.
unfit for cultivation
31.00 Leave Same E & W.
43.80 Set ¼ Section post
Beech 12. N 42° E. 22
Beech 14 S 45° W. 8.
81.30 Enter Cedar E & W.
83.80 Section Corner.
59
Surface level Soil 2nd
rate. Timber Sugar
Linn. Elm Beech
W. Pine. Hemlock &
Birch & Cedar.
undergrowth beech
and evergreens.
December 6th 1852
Measuring Chain
Compared with
Standard Chain &
found Correct.",survey_notes,silver_claude
survey_009_p0033,survey_009,"60
North Between Sections
31 & 32. Var. 6° 45' East
25.00 Leave Tamc & Cedar
Swamp. bears East & West
40.00 Set ¼ Section post.
Sugar. 6. N 41° W. 24.
Sugar. 10. S 36½° E 3.
45.00 Enter Tamc Swamp
bears East & West.
unfit for cultivation
65.00 Leave Same East & West.
80.00 Set post for Corner to
Sections 29. 30. 31 & 32.
Ironwd. 10 S 68½ W. 24.
Elm 8. S 33° E 7.
Surface level. Soil
2d rate. Timber
Sugar Linn. Elm Tamc
Cedar. & Ironwd. underth
b. ash. alder & evergreens
61
East Random between
Sections 29 & 32.
Var. 6° 30' East.
80.00 Intersected Meridian
Section Line 20 lks South
of post.
West Corrected between
Sections 29 & 32.
Var. 6° 38' East.
22.50 Enter Alder Swamp
bears N. E & S.W.
32.50 Leave Same. N. E & S.W.
40.00 Set ¼ Section post
Sugar. 30. N 24° W. 32.
Linn 12 S 24° E 35.
60.00 Enter Tamc Swamp
bears North & South
unfit for cultivation",survey_notes,silver_claude
survey_009_p0034,survey_009,"62
64.30 Leave Same N & S.
80.00 Section corner.
Surface level Soil
1st rate Timber Elm
Ash. Tamc. Sugar Linn
Burr. & Red Oak. undergth
Sugar & alder.
West Random between
Sections 30 & 31.
Var. 6° 30' East
82.30 Intersected West
Range Line 40 lks
north of Corner.
East Corrected between
Sections 30 & 31.
Var. 6° 47' East
63
23.00 Leave Tamc Swamp
North & South.
42.30 Set ¼ Section post.
Sugar. 8. N 34° W. 18.
Sugar 6. S 33½° E. 29.
50.00 Enter Cedar Swamp
bears N.E & S.W. unfit
for cultivation
72.00 Leave Same N & S
82.30 Section corner.
Surface level Soil 1st
Rate. Timber Tamc
Sugar. Linn. Elm. Ash
& Cedar. undergrowth
Sugar. alder & evergreens.
North Between Sections
29 & 30. Var. 6° 45' E.
11.75 Elm 12 in diameter",survey_notes,silver_claude
survey_009_p0035,survey_009,"64.
40.00 Set ¼ Section post.
Sugar. 20 N 16½° W 36.
Blk Ash 14. S 16½° E 7.
80.00 Set post for Corner
to Sections 19. 20. 29 &
30.
Linn 22. N 32° W. 20.
Red Oak 10. S 35° E. 5.
Surface rolling Soil
1st rate. Timber Sugar
Linn. Elm Ash Beech
& Red Oak. undergrowth
prickly ash sugar &
ironwd.
East Random between
Sections 20 & 29
Var. 6° 38' East.
79.53 Intersected Meridian
65
Section line. 100 lks
north of post.
West Corrected between
Sections 20 & 29
Var. 5° 55' 6° 40' East.
39.76½ Set ¼ Section post.
Ironwd 6. S 37° W. 9.
Linn 16. N 37° E. 13.
79.53 Section Corner.
Surface Rolling
Soil 2d rate. Timber
Sugar. Beech Elm
Ash Linn & Ironwd.
underth Ironwd & beech.",survey_notes,silver_claude
survey_009_p0036,survey_009,"66.
West Random between
Sections 19 & 30.
Var 6° 47' East
82.05 Intersected West
Range Line 70
links North of post.
East Corrected between
Sections 19 & 30.
Var 7° 16' East
42.05 Set ¼ Section post.
Ash 8. S 48° W. 20.
Hemlock 10 N 40° E 57.
82.05 Section Corner
Surface Rolling Soil
2d rate. Timber Hem
lock. Ash Sugar
Beech. Elm & Linn
under beech & sugar
67
North Between Sections
19 & 20. Var. 7° East.
40.00 Set ¼ Section post.
Birch 14. N 32° W. 36.
Birch 12. S 63° E. 23.
57.25 Brook 8 lks wide West.
57.50 Blk Ash 14 ins diameter.
80.00 Set post for Corner
to Sections 17. 18. 19
& 20.
Birch 14. N 48½° W. 28.
Hemlock 10. S 58° E. 31.
Surface Rolling Soil
1st rate. Timber Sugar
Elm. Linn. Ash.
Birch. Beech & Hem-
-lock. Underth
iron wd beech & ever-
greens",survey_notes,silver_claude
survey_009_p0037,survey_009,"58
East Random between
Sections 17 & 20.
Var. 5° 54' East
79.75 Intersected Meridian
Section line. 80 links
South of post.
West Corrected between
Sections 17 & 20.
Var. 6° 28' East.
39.87½ Set ¼ Section post.
Hemlock 12. N 15° W. 16.
Red Oak 14. S 42° W. 50.
79.75 Section Corner.
Surface Rolling Soil
2d rate. Timber
Hemlock Oak & Pine
undergrowth ever
greens. December 1st 1852
59
Measuring Chain
Compared with
Standard Chain
and found cor
rect.
West Random between
Sections 18 & 19.
Var. 7° 19' East
82.80 Intersected West
Range Line 100 lks
South of post.
East Corrected between
Sections 18 & 19
Var. 6° 38' 6° 44' East
13.75 Enter Cedar Swamp
North & South unfit for
cultivation.",survey_notes,silver_claude
survey_009_p0038,survey_009,"70.
42.80 Set ¼ Section post.
Cedar 14. S 42° W. 5.
Blk Ash 14. N 32° E 22.
72.00 Leave Cedar bears
North & South.
82.80 Section Corner.
North Between Sections
17 & 18. Var. 6° 30' East.
17.71 W. Pine 36 in diameter
40.00 Set ¼ Section post.
Hemlock 30. S 52° W. 10
Beech 12. S 55° E 15.
80.00 Set post for Corner
to Sections 7. 8. 17 & 18.
Hemlock 18. S 68° W. 31
Birch 14. N 62° E. 21.
Surface level Soil 2d
rate. Timber W. Pine
71
Birch Linn & Beech
undergrowth beech
& evergreens.
East Random between
Sections 8 & 17.
Var. 6° 24' East.
79.62 Intersected Meridian
Section Line. 30 Links
South of post.
West Corrected between
Sections 8 & 17.
Var. 6° 37' East.
39.81 Set ¼ Section post.
Hemlock 14. N 45° W. 14.
Hemlock 10. S 40° E 11.
79.62 Section Corner",survey_notes,silver_claude
survey_009_p0039,survey_009,"72.
Surface level Soil 2d
rate. Timber Hemlock
W. Pine. Linn & Sugar
undergrowth evergreens
West Random between
Sections 7 & 18. Var. 6° 41' E
83.78 Intersected West
Range Line 10 lks
South of post.
East Corrected between
Sections 7 & 18.
Var. 6° 37' East.
29.00 Enter Tamc Swamp
bears N.E. & S.W. unfit
for cultivation
43.78 Set ¼ Section post
73
Cedar 10. N 57° W. 25.
Cedar. 12. S 52° E. 20.
54.00 Leave Tamc & Cedar
bears N.E. & S.W.
83.78 Section Corner.
Surface level. Soil
2d rate. Timber
Sugar. Ash. Cedar
Tamc. W. Pine & Beech
undergrowth beech
& evergreens.
North Between Sections
7 & 8. Var. 7° East.
10.00 Enter Cedar Swamp
bears East & West
unfit for cultivation
40.00 Set ¼ Section post
Cedar 8. S 85° W. 19.",survey_notes,silver_claude
survey_009_p0040,survey_009,"74.
Cedar. 12. N 38° E. 20.
47.30 Leave Cedar East & West.
62.30 Ash 18 ins diameter
80.00 Set post for Corner
to Sections 5. 6. 7 &
8.
Sugar 14. N 25° W 54.
Linn 20. S 55° E. 39.
Surface level Soil
2d rate. Timber
Hemlock. Sugar
Linn Cedar. Ash
& W. Pine.
undergrowth evergreens
East Random between
Sections 5 & 8.
Var. 6° 36' East
80.30 Intersected Meridian
75
Section line 70 links
South of post.
West Corrected between
Sections 5 & 8.
Var. 7° 06' East.
5.30 Leave Cedar Swamp
N.E & S.W.
40.15 Set ¼ Section post.
Elm 16. N 60° W. 25.
Linn 20. S 62° E 40.
80.30 Section Corner
Surface Rolling
Soil 1st rate. Timber
Sugar. Elm Linn
Beech. W. Pine Ash
& Red Oak.
Undergth Beech.",survey_notes,silver_claude
survey_009_p0041,survey_009,"76.
West Random between
Sections 6 & 7.
Var. 6° 41' East.
84.38 Intersected West
Range Line. 10 lks
South of post
East Corrected between
Sections 6 & 7.
Var. 6° 37' 45' East
4.38 Enter Cedar Swamp
bears North & South
unfit for Cultivation
12.00 Brook 15. wide S.W.
27.30 Leave Cedar Swamp
N.E & S.W.
44.38 Set ¼ Section post
Sugar 12 N 50° W 39
Linn 10. S 22° E 32.
77
84.38 Section Corner.
Surface level Soil
2d rate. Timber
Sugar Linn - Cedar.
Tamc, W. Pine & Hem
lock undergrowth
beech and evergreens.
North Random between
Sections. 5 & 6.
Var. 7° 30' East
83.85 Intersected North
Township Line 12
links East of post.
South Corrected between
Sections 5 & 6.
Var. 7° 35' East.",survey_notes,silver_claude
survey_009_p0042,survey_009,"78
27.00 Leave Tamc & Cedar
Swamp S.E & N.W.
43.95 Set ¼ Section post
Sugar 12. N 85° W. 9
Linn 28 N 15° E 24.
83.95 Section corner.
Surface rolling
Soil 2d rate. Timber
Sugar. Linn. Beech
Elm. Cedar Tamc &
Hemlock. under
growth beech &
evergreens.
December 8th 1852
Township 24 North
Range 14 East. is
Mostly level & Swampy
and not very well
adapted for cultivation
There are no improve
-ments. & few
streams. Bear Creek
the longest. a small
stream heading in the
North & Middle part
runs Easterly & South
Easterly direction
and goes out in
Section 24. probably
affords water enough
for a Saw mill most
of the year.",survey_notes,silver_claude
survey_009_p0043,survey_009,"I Samuel Perin
Deputy Surveyor. do
Solemnly Swear. that
in pursuance of a
Contract with
George B. Sargent
Surveyor General
of the United States
for Wisconsin and
Iowa bearing date
the 25th day of August
1852. and in Strict
Conformity to the
Laws of the United
States and instructions
of said Surveyor Gen
eral. I have regularly
Surveyed and Subdivided
into Sections. Township
24. North Range 14 East",survey_notes,silver_claude
survey_010_p0003,survey_010,"Names of Assitants
Wm E Daugherty
J A Woodruff
E. G. Corkery Chainman
J. Ward Axemen
3
Measuring chain compared with
Standard chain & found correct
To determen the course of the
East boundery of the Township
we commence with compass adjusted
at a variation of 8° 15' East at
the corner of Township 28 & 29
North on the 4th principal
Meridian Wisconsin and run
thence North on a blank line at
39 97 fell 11 links west of quarter
Section post at 79 90 fell 29
links west of corner to Section
25 & 36 Township 29 North on
the 4th principal Meridian
Wisconsin.
From corner of Township 28 &
29 North on the 4th principal
Meridian Wisconsin. with compass",survey_notes,silver_claude
survey_010_p0004,survey_010,"4
Township 29 North Range 1 W
Adjusted at a variation of
8° 15' East. Run west on
a blank line along the South
boundary of Section 36
Township 29 North Range
1 West at 40 37 fell
7 links South of quarter
Section post 80 72 fell
20 links South of corner to
Sections 35 & 36
5
est of 4th principal Meridian Wis.
Chains North between Section 35 & 36
Variation 8° 10' East
19 96 White Oak 36 inches in diameter
37 50 Enter Alder Swamp bears N 60 W & S 60 E
40 00 Leave Alder Swamp bears N 60 W
and S 60 E unfit for cultivation and quarter post
White Pine 10 S 84 E 47 links
Maple 10 N 52 W 16 links
61 23 Creek 6 links wide runs N E
67 89 Creek 6 links wide runs N E
80 00 Set post for corner
to Sections 25. 26. 35 & 36
Birch 12 N 61 E 21 links
Birch 10 S 16 W 19 links
Surface level Soil 2d rate
Timber Sugar Birch
White Pine White Oak &
Hemlock
Undergrowth
Beech",survey_notes,silver_claude
survey_010_p0005,survey_010,"6
Township 29 North Range 1 West
Chains East random between Section 25 & 36
Variation 8° 10 East
80 46 Intersect 4th principal Meridian
Wisconsin 24 links South of post
West corrected between Section 25 & 36
Variation 8 20' East
30 96 Creek 10 links wide runs North
40 23 Set quarter Section post
Black Ash 14 S 12 W 16 links
Hemlock 10 N 13 E 9 links
80 46 Section corner
Surface level Soil 3d rate
Timber Hemlock,
Birch, White Pine, Sugar &
black Ash
Undergrowth
Balsom, Beech & Hemlock
7
of 4th Principal Meridian Wis.
Chains North between Sections 25 & 26
Variation 8° 15 East
40 00 Set quarter Section post
Birch 28 S 17 W 8 links
Sugar 10 N 9 E 11 links
68 27 Birch 14 inches in diameter
80 00 Set post for corner to
Sections 23. 24. 25 & 26
Birch 14 S 30 W 37 links
Birch 12 N 36 E 32 links
Surface level Soil 3d rate
Timber on South ½
Hemlock, Birch & Sugar
on North ½ Sugar Birch
Linden & White Pine
Undergrowth
Beech & Balsom",survey_notes,silver_claude
survey_010_p0006,survey_010,"8
Township 29 North Range 1 West
Chains East random between Sections 24 &
25 Variation 8° 40' East
79 92 Intersect 4th principal Meridian
Wisconsin at post
West corrected between Sections
24 & 25
Variation 8° 40' East
39 96 Set quarter Section post
Birch 20 S 78 W 23 links
Black Ash 25 N 70 E 36 links
42 92 Creek 4 links wide runs N 30 W
51 74 Creek 10 links wide runs North
79 92 Section corner
Surface level Soil 3d rate
Timber Hemlock Birch
Sugar Black Ash & White Pine
Undergrowth
Hemlock and Balsam
9
of 4th Principal Meridian Wisconsin
Chains North between Section 23 & 24
Variation 8° 30' East
18 16 Creek 5 links wide runs N 75 W
31 62 White Pine 30 inches in diameter
40 00 Set quarter Section post
Sugar 10 S 41 W 16 links
Sugar 9 N 21 E 34 links
43 37 White Pine 36 inches in diameter
60 10 Creek 10 links wide runs N W
80 00 Set post for corner to Sections
13, 14, 23 & 24
Birch 20 S 65 E 17 links
White Ash 11 N 46 W 40 links
Surface level Soil 3d rate
Timber White Pine Birch
Sugar Hemlock & Linden
Undergrowth
Hemlock and Beech
Oct 11th 1853",survey_notes,silver_claude
survey_010_p0007,survey_010,"10
Township 29 North Range 1 West
Chains Measuring chain compared with
Standard chain & found correct
East random between Section
13 & 24
variation 8° 40 East
80 39 Intersect 4th principal Meridian
Wisconsin 73 links North of post
West corrected between
Sections 13 & 24
variation 8° 9' East
40 19½ Set quarter Section post
Balsam 10 S 24 E 10 links
Elm 10 N 30 W 31 links
40 50 Creek 5 links wide runs South
80 39 Section corner
Surface level Soil 3d rate
Timber Hemlock, Sugar
& Birch
Undergrowth
Hemlock & Beech
11
of 4th Principal Meridian Wisconsin
Chains North between Section 13 & 14
variation 8° 25' East
40 00 Set quarter Section post
Hemlock 16 S 45 E 10 links
Hemlock 12 N 38 W 39 links
47 07 Creek 3 links wide runs West
55 74 Sugar 14 inches in diameter
62 54 Creek 5 links wide runs S.W.
80 00 Set post for Corners to Sections
11. 12. 13 & 14
Hemlock 18 N 25 E 13 links
Black Ash 12 S 71 W 36 links
Surface Slightly rolling
Soil 3d rate Timber Birch
Hemlock, Sugar, White Pine
and Linden
Undergrowth
Hemlock & Balsam",survey_notes,human
survey_010_p0008,survey_010,"12
Township 29 North Range 1 West
Chains East random between Sections 12
variation 8° 9' East
79 87 Intersect the 4th principal
Meridian Wisconsin 90 links
North of post.
West corrected between
Sections 12 & 13 7° 30'
Variation 8° 48 East
30 06 Creek 3 links wide runs N 25 W
39 93½ Set quarter Section post
Birch 12 N 35 E 16 links
Sugar 11 S 54 W 45 links
79 87 Section corner
Surface level gently rolling
Soil 2d rate Timber, Sugar
Birch & Hemlock
Undergrowth. Balsam
13
of 4th Principal Meridian Wisconsin
Chains North between Section 11 & 12
Variation 8° 40' East
34 36 Creek 40 links wide runs NW
37 80 enter creek bottom dry Creek 40 links wide runs North
40 00 Leave creek bears N 5 E & Set
quarter Section post
Hemlock 20 S 65 W 105 link
Elm 18 N 63 E 89 links
41 90 creek 35 links wide runs North
45 00 Leave creek 40 links wide runs N30 W
47 50 Creek 15 link wide runs West
48 50 Elm 20 inches in diameter
51 00 Leave creek bottom bears East & West
80 00 Set post for corner to Sections
1. 2. 11 & 12
Birch 14 N 72 W 52 links
Sugar 12 S 45 E 20 links
Surface gently rolling Soil 2nd rate
Timber Hemlock, Birch, Sugar &
Balsam, Undergrowth, Ironwood & Balsam.
creek bottoms dry
and good soil",survey_notes,human
survey_010_p0009,survey_010,"14
Township 29 North Range 1 West of
Chains East random between Section 1 & 12
Variation 8° 40' East
80 26 Intersect the 4th principal Meridian
46 links North of post
West corrected between Section 1 & 12
Variation 8° 20 East
40 13 Set quarter Section post
Birch 12 S 55 E 12 links
Forked Birch 20 N 81 W 23 links
43 92 Creek 20 links wide runs South
68 32 Creek 7 links wide runs South
80 26 Section Corner
Surface gently rolling
Soil 2d rate
Timber Hemlock Birch and
Sugar
Undergrowth
Ironwood & Balsam
15
4th Principal Meridian Wisconsin
Chains North random between Sections 1 & 2
Variation 8° 30' East
79 76 Intersect South boundary of
Township 30 North Range 1 West
of the 4th principal Meridian
89 links East of corner to
Sections 35 & 36
South corrected between Sections 1 & 2
Variation 7° 52' East
39 76 Set quarter Section post
Birch 30 East 32 links
Sugar 12 S 53 W 23 links
79 76 Section corner
Surface level Soil 2d rate
Timber Hemlock, Sugar &
Birch. Undergrowth
Hemlock & Balsam",survey_notes,silver_claude
survey_010_p0010,survey_010,"16
Township 29 North Range 1 West
Chains North between Sections 34 & 35
Variation 8° 10' East
40 00 Set quarter post
Birch 12 S 78 W 49 links
Sugar 10 N 60 E 33 links
77 99 Creek 4 links wide runs N W
80 00 Set post for corner to Sections
26. 27. 34 & 35
Birch 12 S 7 E 42 links
Birch 12 N 71 W 18 links
Surface level Soil 2d rate
Timber Sugar, Birch
Linden & White Pine
Undergrowth
Beech & Ironwood
Oct 12th 1853
17
of 4th principal Meridian Wisconsin
Chains Measuring chain compared with
Standard chain & found correct.
80 06 East random between
Sections 26 & 35
Variation 8° 40' East
80 06 Intersect Meridian Section line
40 links North of post
West corrected between
Section 26 & 35
Variation 8° 23' 40' East
7 40 Creek 5 links wide runs N W
40 03 Set quarter Section post
Ironwood 8 S 51 W 11 links
Linden 10 N 2 E 27 links
80 06 Section corner
Surface level Soil 2d rate
Timber Hemlock, Birch
Sugar and White Pine
Undergrowth Balsam
Beech & Hemlock",survey_notes,silver_claude
survey_010_p0011,survey_010,"18
Township 29 North Range 1 West of
Chains North between Sections 26 & 27
Variation 8° 20' East
6 22 Creek 3 links wide runs west
14 37 Elm 14 inches in diameter
40 00 Set quarter Section post
Sugar 10 S 39 E 22 links
Sugar 12 N 53 W 48 links
80 00 Set post for corner to Sections
22. 23. 26 & 27
Sugar 12 S 55 E 16 links
Sugar 12 N 46 W 6 links
Surface level Soil 2d rate
Timber Hemlock. White Pine
Sugar Birch Linden & Elm
Undergrowth
Balsam
19
4th Principal Meridian Wisconsin
Chains East random between Sections 23 & 26
Variation 8° 15' East
80 20 Intersect meridian Section
line 47 links North of post
West corrected between Sections
23 & 26.
Variation 7° 55' East
34 86 Creek 10 links wide runs North
40 10 Set quarter Section post
Hemlock 20 S 10 E 20 links
Sugar 10 N 36 W 23 links
80 20 Section corner
Surface level Soil 2d rate
Timber Hemlock Birch
Sugar & White Pine
Undergrowth
Beech. Ironwood & Hemlock",survey_notes,silver_claude
survey_010_p0012,survey_010,"20
Township 29 North Range 1 West
Chains North between Sections 22 & 23
Variation 8° 30' East
26 17 Sugar 15 inches in diameter
40 00 Set quarter Section post
Hemlock 18 N 45 E 44 links
Hemlock 18 S 28 W 7 links
41 00 White Pine 50 inches in diameter
55 74 Left bank of river runs West
56 57 gain right bank of river
banks 6 feet high water 1
foot deep current Slow
bottom gravel
80 00 Set post for corner to Sections
14. 15. 22 & 23
Birch 10 N 29 E 10 links
Black Ash 12 S 5 W 20 links
Surface level Soil 2d rate
Timber White, Hemlock
Birch, Sugar & Linden
Undergrowth Balsam & Beech
21
of 4th Principal Meridian Wisconsin
Chains East random between Sections
14 & 23.
Variation 8 East
80 53 Intersect Meridian Section line
7 links North of post
West corrected between Sections 14 & 23
Variation 7° 57' East
21 90 River 50 links wide runs South
banks of river 5½ feet high
current Slow water 1 foot
deep bottom gravel
40.26½ Set quarter Section post
White Pine 12 S 29 W 4 links
Sugar 11 N 50 E 17 links
80 53 Section Corner
Surface level Soil 3d rate
Timber Hemlock. Birch
Sugar & White Pine
Undergrowth
Hemlock & Balsam
October 13th 1853",survey_notes,silver_claude
survey_010_p0013,survey_010,"22
Township 29 North Range 1 West
Chains Measuring chain compared with
Standard chain and found correct
North between Section 14 & 15
Variation 8° 20 East
11 38 Balsam 15 inches in diameter
40 00 Set quarter Section post
Hemlock 10 S 50 E 9 links
Birch 30 S 74 W 23 links
64 32 White Pine 28 inches in diameter
80 00 Set post for corner to Sections
10. 11. 14 & 15
Maple 15 N 31 W 15 links
Birch 12 S 33 E 55 links
Surface level Soil 3d rate
Timber. Birch. Hemlock
Balsam & Jack Pine
Undergrowth
Balsam
23
of 4th Principal Meridian Wisconsin
Chains East random between Sections 11 & 14
Variations 8° East
80 59 Intersect Meridian Section
line 59 links South of post
West corrected between Section 11 & 14
Variation 8° 25 East
36 41 River 75 links wide runs South
banks high water 1 foot deep
bottom gravel
40 29½ Set quarter Section post
Sugar 8 S 16 E 6 links
Sugar 10 N 40 W 22 links
80 59 Section corner
Surface level Soil 3d rate
Timber Hemlock, Birch
Sugar & Balsam
Undergrowth
Balsam",survey_notes,silver_claude
survey_010_p0014,survey_010,"24
Township 29 North Range 1 West
Chains North between Sections 10 & 11
Variation 8° 20' East
15 85 Balsam 14 inches in diameter
40 00 Set quarter Setion post
Black Ash 9 S 60 W 21 links
Black Ash 8 N 53 E 22 links
80 00 Set post for corner to Sections
2. 3. 10 & 11
White Pine 12 S 61 W 9 links
Black Ash 8 N 61 E 17 link
Surface level Soil 3d rate
Timber Balsam Hemlock
and Black Ash.
Undergrowth
Balsam & Hemlock
25
of the 4th Principal Meridian Wis.
Chains East random between Sections 2 & 11
Variation 8° 25' East
80 18 Intersect Meridian Section line
78 links North of post
West corrected between Sections 2 & 11
Variation 7° 52' East
20 52 Creek 5 links wide runs South
40 09 Set quarter Section post
Sugar 12 N 20 W 44 links
Birch 25 S 52 E 10 links
80 18 Section corner
Surface gently rolling Soil 2d rate
Timber Hemlock, Sugar & Birch
Undergrowth
Hemlock and Balsam",survey_notes,silver_claude
survey_010_p0015,survey_010,"26
Township 29 North Range 1 West of
Chains North random between Sections 2 & 3
Variation 8° East
79 26 Intersect South boundary of Township
30 North Range 1 West of 4th principal
Meridian Wisconsin 6 link East
of post corner to Sections 34 & 35
South corrected between Sections 2 & 3
Variation 8° 3' East
39 26 Set quarter Section post
Hemlock 18 S 21 E 3 links
Birch 10 N 52 W 20 links
79 26 Section corner
Surface level Soil 3d rate
Timber Hemlock & Birch
undergrowth
Hemlock & Balsam
October 14th 1853
27
4th principal Meridian Wisconsin
Chains Measuring chain compared with
Standard chain and found correct
North between Section 33 & 34
Variation 8° 10' East
40 00 Set quarter Section post
Sugar 12 S 64 E 57 links
Birch 14 N 43 W 18 links
61 77 Creek 14 links wide runs West
80 00 Set post for corner to Sections
27, 28, 33 & 34
Birch 12 S 33 E 59 links
Hemlock 18 N 66 W 16 links
Surface level Soil 2d rate
Timber Sugar, Birch, Hemlock
Balsam & White Pine
Undergrowth
Ironwood & Balsam",survey_notes,silver_claude
survey_010_p0016,survey_010,"28
Township 29 North Range 1 West
Chains East random between Sections 27 & 34
Variation 8° 20' East
80 12 Intersect Meridian Section line
55 links South of post
West corrected between
Sections 27 & 34
Variation 8° 43' East
40 06 Set quarter Section post
Birch 16 S 48 E 20 links
Elm 12 N 26 W 14 links
62 94 Creek 12 links wide runs South
80 12 Section Corner
Surface level Soil 2d rate
Timber Hemlock White Pine
Sugar Birch & Elm
Undergrowth
Balsam & Hemlock
29
4th principal Meridian Wisconsin
Chains North between Sections 27 & 28
Variation 8° 20' East
40 00 Set quarter Section post
Birch 14 S 35 E 34 links
Birch 10 N 63 W 24 links
49 63 Creek 8 links wide runs West
60 65 Birch 10 inches in diameter
80 00 Set post for corner to Sections
21. 22. 27 & 28
Birch 15 S 84 E 34 links
Birch 8 N 63 W 20 links
Surface gently rolling Soil 2d
rate Timber Hemlock,
Sugar, Birch, White Pine &
Balsam
Undergrowth
Hemlock & Balsam",survey_notes,silver_claude
survey_010_p0017,survey_010,"30
Township 29 North Range 1 West
Chains East random between Sections 22 & 27
Variation 8° 40' East
80 13 Intersect Meridian Section line
45 links North of post
West corrected between Sections 22 & 27
Variation 8° 21' East
40 06½ Set quarter Section post
Sugar 12 N 5 E 7 links
Birch 11 S 1 W 28 links
43 86 Sugar 10 inches in diameter
80 13 Section Corner
Surface gently rolling
Soil 2d Rate Timber
Sugar and Birch
Undergrowth
Balsam and Hemlock
31
4th principal Meridian Wisconsin
Chains North between Sections 21 & 22
Variation 8° 30' East
19 34 White Pine 32 inches in diameter
40 00 Set quarter Section post
Hemlock 1 N 80 E 15 links
Birch 12 S 85 W 43 links
56 00 Left bank of river runs West
56 86 Gain right bank of river banks
high water 1 foot deep bottom gravel
80 00 Set post for corner to Sections
15. 16. 21 & 22
Birch 12 S 86 W 50 links
Birch 13 N 80 E 45 links
Surface gently rolling Soil
2d rate Timber on South ½
Hemlock Sugar & Birch on
North ½ White Pine.
Hemlock & Birch
Undergrowth
Balsam & Hemlock
October 15th 1853",survey_notes,silver_claude
survey_010_p0018,survey_010,"32
Township 29 North Range 1 West
Chains Measuring chain compared with
Standard chain & found 1/3 inch
to long and adjusted Same
East random between Sections 15 & 22
Variation 8° 21' East
80 10 Intersect Meridian Section line
26 links North of post
West corrected between Sections 15 & 22
Variation 8° 9' East
13 50 Creek 20 links wide runs South
banks low current Slow & Sluggish
water 1 foot deep bottom gravel
40 05 Set quarter Section post
Ironwood 10 S 20 E 24 links
Birch 20 N 22 W 37 links
76 00 Creek 10 links wide runs South
80 10 Section corner
Surface level Soil 3d rate
Timber White Pine Hemlock
Balsam, Sugar & Beech
33
4th principal Meridian Wisconsin
Chains North between Sections 15 & 16
Variation 8° 20' East
15 28 Creek 4 links wide runs S 15 E
17 00 Creek 4 links wide runs S 25 E
23 25 Creek 3 links wide runs S E
34 56 White Pine 32 inches in diameter
40 00 Set quarter Section post
Sugar 10 S 66 W 27 links
Sugar 12 N 17 E 8 links
66 50 Enter Alder Swamp bear N W & S E
79 25 Leave Alder Swamp bears N W & S E
unfit for cultivation
80 00 Set post for corner to Sections
9. 10. 15. & 16
Elm 8 S 57 W 40 links
Maple 9 N 59 E 27 links
Surface level Soil 2d rate
Timber Sugar, Birch, Elm
White Pine
Undergrowth
Alder & Ironwood",survey_notes,silver_claude
survey_010_p0019,survey_010,"34
Township 29 North Range 1 West
Chains East random between Sections 10 & 15
Variation 8° 10' East
79 67 Intersect Meridian Section line
12 links South of post
West corrected between Sections 10 & 15
Variation 8° 15' East
24 40 Creek 15 links wide runs South
low banks current Slow
water 1 foot deep bottom gravel
39.83½ Set quarter Section post
Birch 10 N 30 E 18 links
Sugar 9 S 11 W 12 links
79 67 Section Corner
Surface level Soil on East
½ 3d rate on West ½ 2d rate
Timber Hemlock Sugar. Birch
& Balsam
Undergrowth
Balsam & Hemlock
35
4th Principal Meridian Wisconsin
Chains North between Sections 9 & 10
Variation 8° 15' East
7 25 Black Ash 16 inches in diameter
40 00 Set quarter Section post
Birch 12 S 26 E 54 links
Sugar 12 N 14 W 11 links
53 54 Birch 20 inches in diameter
80 00 Set post for corner to Sections
3. 4. 9 & 10
Birch 12 S 5 E 19 links
Hemlock 10 N 73 E 7 links
Surface level Soil 2d rate
Timber Sugar Birch Linden
Hemlock & Elm
Undergrowth
Balsam & Beech",survey_notes,silver_claude
survey_010_p0020,survey_010,"36
Township 29 North Range 1 West
Chains East random between Sections 3 & 10
Variation 8° 15' East
79 54 Intersect Meridian Section line
9 links South of post
West corrected between Sections 3 & 10
Variation 8° 19' East
39 77 Set quarter Section post
Birch 12 South 28 links
White Pine 24 N 46 E 28 links
49 28 Creek 10 links wide runs South
79 54 Section Corner
Surface level Soil 3d rate
Timber Hemlock Birch & Balsam
Undergrowth
Balsam & Hemlock
37
4th principal Meridian Wisconsin
Chains North random between Sections 3 & 4
Variation 8° 5' East
79 57 Intersect South boundary of
Township 30 North Range 1
West of 4th principal Meridian
Wisconsin 16 links west of
corner to Sections 33 & 34
South corrected between
Sections 3 & 4
Variation 7° 58' East
39 57 Set quarter Section post
Birch 12 N 70 E 7 links
Birch 11 S 35 W 13 links
42 01 Maple 14 inches in diameter
79 57 Surface Section corner
Surface level Soil 3d rate
Timber Hemlock Birch
Maple & Black Ash
Undergrowth
Balsam & Hemlock Oct 17th 53",survey_notes,silver_claude
survey_010_p0021,survey_010,"38
Township 29 North Range 1 West
Chains Measuring chain compared with Standard
chain & found ¼ in too long adjusted same
North between Sections 32 & 33
Variation 8° 10' East
40 00 Set quarter Section post
Hemlock 12 S 71 E 61 links
Birch 10 N 83 W 7 links
43 86 Left bank of river runs S W
44 65 Right bank river & Enter Alder
Swamp bears N E & S W South bank
of river high North bank low
Swamp Subject to inundation
to the dept of 2 feet and
unfit for cultivation current
of river gently bottom gravel
53 00 Leave Alder Swamp bears East & West
80 00 Set post for corner to Sections
28. 29. 32 & 33
White Pine 25 S 45 E 30 links
Birch 12 N 46 W 14 links
39
4th principal Meridian Wisconsin
Surface level Soil 3d rate
Timber White Pine
Hemlock & Birch
Undergrowth
Hemlock and Balsam",survey_notes,silver_claude
survey_010_p0022,survey_010,"40
Township 29 North Range 1 West
East random between Sections 28 & 33
Variation 8° 40' East
80 34 Intersect Meridian Section line
38 links South of post
West corrected between Sections 28 & 33
Variation 8° 56' East
28 71 Hemlock 18 inches in diameter
35 25 Enter river bottom bears
North and South
40 17 Set quarter Section post
Elm 12 N 68 E 98 links
Cherry 10 S 43 E 18 links
40 34 Left bank of river runs S 15 W
41 27 Right bank of river, bank 5 feet
high water 1 foot deep
bottom gravel dry and good soil
46 00 Leave river bottom bears North & South
80 34 Section corner
Surface level Soil 2d rate Timber
White Pine, Hemlock Birch & Sugar, undergrowth
Hemlock & Balsam
41
4th principal Meridian Wisconsin
Chains North between Sections 28 & 29
Variation 8° 20' East
27 35 White Pine 36 inches in diameter
40 00 Set quarter Section post
White Pine 16 N 24 W 10 links
Birch 15 S 28 E 51 links
58 00 Linden 24 inches in diameter
80 00 Set post for corner to Section
20. 21 28 & 29
Birch 20 S 17 E 23 links
Sugar 12 N 50 W 7 links
Surface level Soil 2d rate
Timber White Pine, Sugar
Birch Hemlock & Linden
undergrowth
Balsam, Beech & Hemlock",survey_notes,silver_claude
survey_010_p0023,survey_010,"42
Township 29 North Range 1 West
Chains East random between Sections 21 & 28
Variation 8° 50' East
80 09 Intersect Meridian Section line 90
links North of post
West corrected between Sections 21 & 28
Variation 8° 11' East
31 42 Left bank of river South
32 31 Right bank of river bank 6 feet
high current gently water 1 foot deep
bottom gravel
40 04½ Set quarter Section post
Birch 15 S 27 E 21 links
Hemlock 14 N 28 W 23 links
48 72 creek 3 links wide runs South
80 09 Section corner
Surface gently rolling Soil 2d
rate Timber White Pine
Hemlock, Birch & Balsam
Undergrowth
Balsam & Hemlock
43
4th principal Meridian Wisconsin
Chains North between Sections 20 & 21
Variation 8° 30' East
25 86 Hemlock 14 inches in diameter
40 00 Set quarter Section post
Birch 15 S 34 W 16 links
White Pine 14 N 11 E 28 links
74 00 Enter Alder Swamp bears
N 20 W & S 20 W E
unfit for cultivation
80 00 Set post for corner to Sections
16. 17, 20 & 21
Elm 15 N 27 E 178 links
Elm 10 S 73 W 64 links
Surface level Soil 2d rate
Timber White Pine, Sugar
Birch Linden & Hemlock
Undergrowth
Balsam & Beech",survey_notes,silver_claude
survey_010_p0024,survey_010,"44
Township 29 North Range 1 West
Chains East random between Section 16 & 21
Variation 8° 15' East
79 87 Intersect Meridian Section line
46 links North of Post
West corrected between Sections 16 & 21
Variation 7° 55 East
39 93½ Set quarter Section Post
Elm 12 N 52 E 20 links
Elm 12 S 37 W 52 links
78 87 Enter Alder Swamp bears North & South
unfit for cultivation
79 87 Section corner
Surface level Soil 2d rate
Timber White Pine, Sugar
and Birch
Undergrowth
Beech and Balsam
October 18th 1853
45
4th principal Meridian Wisconsin
Measuring chain compared with standard & found correct
Chains North between Sections 16 & 17
Variation 8° 20 East
3 00 Leave Swamp bears East & West
unfit for cultivation
40 00 Set quarter Section post
Birch 12 S 35 E 29 links
White Pine 14 N 32 W 18 links
80 00 Set post for corner to Sections
8. 9. 16 & 17
Elm 10 N 24 E 12 links
Maple 12 S 46 W 47 links
Surface level Soil 2d rate
Timber White Pine, Birch
Maple & Elm
Undergrowth
Balsam & Ironwood",survey_notes,silver_claude
survey_010_p0025,survey_010,"46
Township 29 North Range 1 West of
Chains East random between Sections 9 & 16
Variation 7° 55' East
79 96 Intersect Meridian Section line
92 links North of post
West corrected between Sections 9 & 16
Variation 7° 16' East
1. 00 Enter Alder Swamp bears N.W & S.E
9 50 Leave Alder Swamp bears N.W & S.E
39 98 Set quarter Section post
Hemlock 11 N 60 E 15 links
Hemlock 10 S 42 W 5 links
79 96 Section corner
Surface level Soil 2d rate
Timber White Pine, Birch
Hemlock, Sugar & Ash
undergrowth
Beech Alder & Ironwood
47
4th principal Meridian Wisconsin
Chains North between Section 8 & 9
Variation 8° 10' East
10 34 Creek 3 links wide runs S W
15 00 White Pine 48 inches in diameter
40 00 Set quarter Section post
Birch 20 S 83 E 31 links
Birch 12 N 65 W 22 links
80 00 Set Post for corner to Sections
4. 5. 8 & 9
Elm 16 N 77 E 29 links
Birch 12 S 51 W 30 links
Surface level Soil 2d rate
Timber Sugar Birch Linden
Hemlock Red Oak,
Elm & White Pine
undergrowth
Balsam Hemlock & Ironwood",survey_notes,silver_claude
survey_010_p0026,survey_010,"48
Township 29 North Range 1 West
Chains East random between Section 4 & 9
Variation 7° 20' East
80 43 Intersect Meridian Section line
11 links South of post
West corrected between Section 4 & 9
Variation 7° 25' East
40 22½ Set quarter Section post
Birch 10 N 5 W 11 links
Black Ash 12 S 25 E 46 links
68 23 Creek 4 link wide runs S W
71 49 Creek 4 links wide runs N 70 W
80 43 Section Corner
Surface level Soil 2d rate
Timber Hemlock Black Ash
Birch & White Pine
Undergrowth
Hemlock
49
4th principal Meridian Wisconsin
Chains North random between Sections 4 & 5
Variation 7° 50' East
79 49 Intersect South boundary of
Township 30 North Range 1 West
of the 4th principal Meridian Wis.
3 links West of post corner
to Sections 32 & 33
South corrected between Sections 4 & 5
Variation 7° 49' East
1 62 Birch 11 inches in diameter
39 49 Set quarter Section post
Birch 17 S 73 E 33 links
Birch 20 N 47 W 40 links
75 84 Creek 5 link wide runs west
79 49 Section Corner
Surface level Soil 3d rate
Timber Hemlock, Birch
Black Ash & White Pine
Undergrowth Hemlock Oct 19th 1853",survey_notes,silver_claude
survey_010_p0027,survey_010,"50
Township 29 North Range 1 West
Chans Measuring chain compared with Standard
chain and found correct.
North between Section 31 & 32
Variation 8° 30' East
40 00 Set quarter Section post
Sugar 12 S 20 W 10 links
Maple 15 N 57 E 28 links
71 13 White Pine 36 inches in diameter
80 00 Set post for corner to Sections
29. 30 31 & 32
Sugar 12 N 62 W 15 links
Sugar 11 S 8 W 13 links
Surface level Soil 3d rate
Timber White Pine. Birch &
Sugar
Undergrowth
Balsam & Ironwood
51
4th principal Meridian Wisconsin
Chains East random between Section 29 & 32
Variation 8° 30' East
80 30 Intersect Meridian Section line
13 links South of post
West corrected between Sections 29 & 32
Variation 8° 35' East
13 80 Enter Alder Swamp bears N 20 W & S 20 E
16 50 Creek 4 links wide runs South
16 80 Leave Alder Swamp unfit for cultivation bears North & South
40 15 Set quarter Section post
Birch 10 N 67 E 28 links
Sugar 11 S 9 W 47 links
66 75 White Pine 30 inches in diameter
80 30 Section corner
Surface level Soil 3d rate
Timber White Pine & Birch
undergrowth
Balsam",survey_notes,silver_claude
survey_010_p0028,survey_010,"54
Township 29 North Range 1 West
Chains West random between Sections 30 & 31
Variation 8° 30' East
80 07 Intersect Range line 10 links
North of post
East corrected between Section 30 & 31
Variation 8° 34' East
40 07 Set quarter Section post
Maple 13 S 53 W 47 links
Birch 11 N 49 E 69 links
40 51 Elm 18 inches in diameter
59 57 Enter Alder Swamp bears North & South
64 75 Leave Alder Swamp bears North & South
alder Swamp unfit for cultivation
and Enter Tamarac Swamp N. & S
71 00 Leave Tamarac Swamp bears North &
South unfit for cultivation
80 07 Section corner
Surface flat Soil 3d rate Timber
Timber White Pine, Birch & Tamarac
Undergrowth Balsam & Alder
55
4th principal Meridian Wisconsin
Chains North between Sections 29 & 30
Variation 8° 20' East
40 00 Set quarter Section post
Birch 9 S 23 E 27 links
Birch 12 N 42 W 43 links
64 31 White Pine 25 inches in diameter
80 00 Set post for corner to Sections
19. 20. 29 & 30
White Ash 15 S 62 W 2 links
Birch 10 N 50 E 49 links
Surface level Soil 2d rate
Timber Birch Sugar &
White Pine
Undergrowth
Balsam & Beech",survey_notes,silver_claude
survey_010_p0029,survey_010,"56
Township 29 North Range 1 West of
Chains East random between Sections 20 & 29
Variation 8° 25' East
80 00 Intersect Meridian Section line
55 links North of post
West corrected between Sections 20 & 29
Variation 8° 2' East
40 00 Set quarter Section post
Birch 8 N 5 E 13 links
Birch 12 S 6 W 64 links
46 00 Enter Tamarac Swamp bears N W & S E
57 50 Leave Tamarac Swamp bears N W & S E
unfit for cultivation
80 00 Section Corner
Surface level Soil 2d rate
Timber White Pine Sugar
Birch
Undergrowth
Balsam & Beech
57
4th principal Meridian Wisconsin
Chains West random corrected between Sections 19 & 30
Variation 8° 30' East
80 12 Intersect Range line 70 links
North of post
East corrected between Section 19 & 30
Variation 9° East
40 12 Set quarter Section post
Birch 11 S 57 E 45 links
Birch 9 N 43 W 29 links
80 12 Section Corner
Surface level Soil 3d rate
Timber White Pine Birch
Sugar
Undergrowth
Balsam
Oct 20th 1853",survey_notes,silver_claude
survey_010_p0030,survey_010,"58
Township 29 North Range 1 West
Chains Measuring chain compared with
Standard chain & found correct
North between Sections 19 & 20
Variation 8° 30' East
20 00 Enter Alder Swamp & Tamarac
Swamp bears East & West
40 00 Set quarter Section post
Tamarac 24 S 86 E 242 links
Tamarac 12 N 74 W 43 links
67 00 Leave Tamarac & Alder Swamp
bears East & West unfit for cultivation
80 00 Set post for corner to Sections
17. 18 19 & 20
Birch 10 S 14 E 57 links
White Pine 20 N 65 W 20 links
Surface level Soil 3d rate
Timber White Pine, Birch &
Tamarac.
Undergrowth.
Balsam & Alder
59
4th principal Meridian Wisconsin
Chains East random between Sections 17 & 20
Variation 8° East
80 15 Intersect Meridian Section line
18 links South of post
West corrected between Sections 17 & 20
Variation 8° 8' East
2 75 Leave Alder Swamp bears North & South unfit for cultivation
40 07½ Set quarter Section post
Birch 20 S 47 W 34 links
Sugar 9 N 36 E 5 links
45 17 White Pine 25 inches in diameter
80 15 Set post for Section corner
Surface level Soil 2d rate
Timber White Pine & Birch
Undergrowth
Sugar",survey_notes,silver_claude
survey_010_p0031,survey_010,"60
Township 29 North Range 1 West
Chains West random between Section 18 & 19
Variation 8° 15' East
80 26 Intersect Range line 10 links
North of post
East corrected between Sections 18 & 19
Variation 8° 14' East
8 75 Enter Alder Swamp bears North & South
13 63 Creek 10 links wide runs South
15 65 leave Alder Swamp bears N 20 E & S 20 W
unfit for cultivation
37 50 Enter Black Ash & Tamarac Swamp
bears North & South
40 26 Set quarter Section post
Black Ash 16 S 61 W 42 links
Black Ash 15 N 20 E 38 links
50 00 Leave Swamps bears North & South
unfit for cultivation
80 26 Section corner
Surface level Soil 2d rate
Timber White Pine, Birch &
Black Ash.
61
4th principal Meridian Wisconsin
Chains North between Sections 17 & 18
Variation 8° 20' East
5 56 White Pine 48 inches in diameter
40 00 Set quarter Section post
White Pine 30 N 61 W 23 links
Elm 12 S 39 E 35 links
45 40 Creek 10 links wide runs S W
80 00 Set post for Sections 7. 8. 17 & 18
Birch 14 N 15 W 7 links
Birch 12 S 11 W 36 links
Surface level Soil 2d rate
Timber White Pine Birch
Elm
Undergrowth
Balsam and Ironwood",survey_notes,silver_claude
survey_010_p0032,survey_010,"62
Township 29 North Range 1 West
Chains East random between Sections 8 & 17
variation 8° 5' East
79 98 Intersect Meridian Section line
39 links North of post
West corrected between Sections 8 & 17
variation 7° 48' East
11 26 Creek 3 links wide runs S W
20 50 Creek 3 links wide runs N W
27 08 Creek 5 links wide runs S 30 W
28 18 Creek 5 links wide runs N 10 W
39 99 Set quater Section post
Birch 20 North 34 links
Birch 10 S 24 E 50 links
44 00 Enter Alder Swamp bears North & South
45 35 Creek 10 links wide runs South
48 00 Leave Alder Swamp bears North & South
unfit for cultivation
79 98 Section corner
Surface level Soil 2d rate Timber
White Pine & Birch, undergrowth Balsam
Beech & Alder
63
4th Principal Meridian Wisconsin
Chains West random between Sections 7 & 18
Variation 8° 15' East
80 53 Intersect Range line 43 links
South of post
East corrected between Sections 7 & 18
variation 7° 57' East
28 00 Enter Tamarac Swamp bears North & South
40 53 Set quarter Section post
Tamarac 16 S 86 E. 8 links
Tamarac 14 N 59 W 15 links
43 08 Creek 3 links wide runs North
45 00 Leave Tamarac Swamp bears North &
South, unfit for Cultivation
80 53 Section Corner
Surface level Soil 2d rate Timber
White Pine, Birch & Tamarac
Undergrowth
Balsam",survey_notes,silver_claude
survey_010_p0033,survey_010,"64
Township 29 North Range 1 West
Chains North between Sections 7 & 8
Variation 8° 5' East
8 00 Enter Alder & Willow Swamp bears E & W
15 25 Creek 4 links wide runs west
17 50 Leave Swamp bears East & West
unfit for cultivation
40 00 Set quarter Section post
Elm 11 N 89 E 36 links
Black Ash 12 S 88 W 45 links
80 00 Set post for corner to Sections
5. 6. 7 & 8
Birch 14 N 49 W 33 links
Birch 10 S 48 E 42 links
Surface level Soil 2d rate
Timber White Pine, Birch
Sugar, Elm & Linden
Undergrowth
Balsam & Ironwood
October 21th 1853
65
4th principal Meridian Wisconsin
Measuring chain compared with standard found correct
Chains East random between Sections 5 & 8
Variation 8° 10' East
79 30 Intersect Meridian Section line
38 links North of post
West corrected between Sections 5 & 8
Variation 7° 52' East
9 80 Enter Alder Swamp bears N E & S W
12 36 Creek 4 links wide runs South
17 50 Leave Alder Swamp bears North & South
unfit for cultivation
34 00 Enter Tamarac Swamp bears N E & S W
39 65 Set quarter Section post
Tamarac 10 N 58 E 13 links
Tamarac 10 S 45 W 20 links
42 25 Leave Tamarac Swamp bears North & South
unfit for cultivation
52 50 White Pine 20 inches in diameter
79 30 Section corner
Surface level Soil 3d rate
Timber White Pine, Birch &
Tamarac Undergrowth
Balsam & Alder",survey_notes,silver_claude
survey_010_p0034,survey_010,"66
Township 29 North Range 1 West
Chains West random between Sections 6 & 7
variation 8° 15' East
80 52 Intersect Range line 33 links
South of post
East corrected between Sections 6 & 7
variation 8° 1' East
16 52 Open Marsh bears North & South
19 52 Leave Marsh bears North & South
good for hay
40 52 Set quarter Section post
Birch 12 S 75 E 15 links
Birch 8 N 26 W 36 links
80 52 Section Corner
Surface Level Soil 2d rate
Timber White Pine, Birch
Sugar & Elm
Undergrowth
Balsam & Ironwood
67
4th principal Meridian Wisconsin
Chains North random between Sections 5 & 6
Variation 8° 5' East
79 20 Intersect South boundary of
Township 30 North Range 1 West
of the 4th principal Meridian
Wisconsin 53 links West of corner
to Sections 31 & 32
South corrected between Sections 5 & 6
Variation 7° 42
39 20 Set quarter Section post
White Ash 9 N 69 W 23 links
Sugar 8 S 88 W 58 links
43 60 Creek 5 links wide runs N 75 W
74 93 White Pine 36 inches in diameter
79 20 Section Corner
Surface level Soil gently rolling
Soil 3d rate Timber Hemlock
Birch Sugar Aspen & Elm White Pine
Undergrowth Balsam & Hemlock
October 22d 1853",survey_notes,silver_claude
survey_010_p0035,survey_010,"68
69
General Description
This Township is generally level and
flat, Soil 2d & 3d rates, but
principally 3d rate. The Timber on
the North & East part of the
Township is mostly Hemlock Birch &
Balsam on the South west part of
the Township the Timber is principally
White Pine wich is of good quality
and valuable for lumber.
A branch of Black river enter
the Township in Section 12 and
flows in a South westerly direction
until it leaves the Township in
Section 32 also well watered by
numerous Small Streams wich
flow in various directions through
the Township.
There are Some Swamp a few of
which are large and most of
them are unfit for cultivation",survey_notes,silver_claude
survey_010_p0036,survey_010,"70
There are no Settlers in the
Township and no marks of
Civilized men.
Except those made by the
Surveyors traveling through
during the progress of there
Work
71",survey_notes,silver_claude
survey_010_p0037,survey_010,"72
73
Affidavit
We Chs G. & H. K. Rodolf Deputy
Surveyors do Solemnly swear that, in
pursuance of a Contract with Warner Lewis
Surveyor General of the United States
for Wisconsin & Iowa bearing date the 27th
day of August 1853 and in strict conform
ity to the Laws of the United States and
the instructions of the Said Surveyors
General we have regularly surveyed and
Subdivided into Sections Township 29
North of Range 1 West of 4th principal
Meridian Wisconsin.
And we do farther Solemnly swear that
the foregoing are the true and original field
notes of the Said Survey executed as
aforesaid
Chs G Rodolf
Wm E Daugherty
H. K. Rodolf
H K Rodolf
Deputy Surveyors
J Corkery Chainmen
Franklin Ward Axmen",survey_notes,silver_claude
survey_011_p0003,survey_011,"I do hereby certify that in pursuance of a
contract with and instructions from
M. T. Williams Surveyor General U. States
for the States of Ohio and Indiana & the Ter=
=ritory of Michigan bearing date 13th day of Feb.
1832. and in strict conformity to the Laws of
the U. States & instructions from the said Sur.
General. I have surveyed & subdivided into
Sections Township No 7 North of Range No
5 East of the 4th principal Meridian
in the N.W. Ter. and I do further certify that
the following are the true and original
Field Notes of the said Survey & Sub=
=division executed as afore said
Certified this 1st day of May 1833
Sylvester Sibley D.S.
James Vieleto
A H Cotton
Chainmen
William his mark Spud
Axe man",survey_notes,silver_claude
survey_011_p0004,survey_011,"note - The bearing trees that are
marked with a cross in the
following notes are those
that are marked in the
field are mark ""1/4 S"" -
T 7 N. R 5 E
North Between Secs 35 & 36
40.00 Set H. m. post -
W. Oak 20 S 27 W 17
W. Oak 20 N 32 E 84
80.00 Set post corner Secs. 25. 26 35 & 36
B. Oak 24 S 8 E 40
W. Oak 20 N 39 W 92
Land uneven & 2d rate - Timber
Oak. -
Corner Trees
25 W. Oak 14
26 Do 24
35 Do 26
36 B. Oak 30",survey_notes,silver_claude
survey_011_p0005,survey_011,"T 7 N. R 5 E.
East On random between 25 & 36
40.00 Set Tem. ¼ Section post
47.00 brook 4 lks. crs. North
80.00 East Bdy 1.02 N. of post
Land & Same
West Corrected between 25 & 36
40.00 Set ¼ Section post on true line
W. Oak 18 N 60 E. 1.43
Do. 15 S 42 E 77
80.00 Section Corner
T 7 N. R 5 E
North Between Secs 25 & 26
40.00 Set H. m. post
W. Oak 14 S 53 W 1.78
By. Oak 15 N 22 E 1.27
66.50 brook 4 lks. crs. N. E.
80.00 Set post corner Secs. 23. 24
25 & 26
Burr Oak 9 S 84 E 27
Do. 9 S 89 W 50
Land & Same
Corner Trees
23 Burr Oak 7
24 Do. 6
25 Do. 6
26 Do. 8",survey_notes,silver_claude
survey_011_p0006,survey_011,"T 7 N. R 5 E.
East On random between 24 & 25
13.00 brook 4 lks. crs. North
79.12 East Bdy 1.42 North of Post
Land & Same
West Corrected between 24 & 25
39.56 Set ¼ Section post on true line
Y. Oak 15 N 74 E 1.14
W. Oak 6 S 26 W 1.36
79.12 Section Corner
T 7 N. R 5 E
North Between Secs. 23 & 24
16.74 W. Oak 12 .
40.00 Set H. m. post
W. Oak 14 N. 15 E 41
Do. 14 S 2 E 47
80.00 Set post corner Secs 13. 14. 23 & 24
W. Oak 10 N 19 E 31
Do. 9 S 58 E 34
Land & Same
Corner Trees
13 W. Oak 8
14 Do 8
23 Do 6
24 Do 7",survey_notes,silver_claude
survey_011_p0007,survey_011,"T 7 N. R 5 E
East On random between 13 & 24
15.00 brook 6 lks. crs. North
40.00 Set Tem. ¼ Section post
79.06 East Bdy 1.74 lks. N. of post
Land &c Same
West Corrected between 13 & 24
39.53 Set ¼ Section post on true line
Bj. Oak 12 S 88 E. 18
Do. 10 S 46 W. 68
79.06 Section Corner
T 7 N. R 5 E,
North Between Secs. 13 & 14
26.00 spring crs. East.
31.00 Stream 10 lks. crs. N-W
40.00 Set H. m. post
Burr Oak 6 N ½ W 11.66
no other near
80.00 Set post cor Secs. 11, 12, 13 & 14
W. Oak 12 N 58 W 35
Do 26 N 28 E 38
Land rather uneven & 2d rate -
thinly Timberd with Oak
Corner Trees
11 W. Oak 12
12 Do. 25
13 Do. 11
14 Do. 8",survey_notes,human
survey_011_p0008,survey_011,"T 7 N. R 5 E
East on random between 12 & 13
40.00 Set Tem. ¼ Section post
79.08 East Bdy 1.90 lks. South of p-
Land rolling & 1st rate
Timber Oak
West Corrected between 12 & 13
39.54 Set ¼ Section post on true line
Burr Oak 7 N 41 E 10
Do 6 S 31 W 43
79.08 Section Corner
T 7 N. R 5 E.
North Between Secs. 11 & 12
16.97 Bj. Oak 10
40.00 Set H. m. post -
Burr Oak 6 S 2 E 1.21
Do 8 N ½ W 5.50
80.00 Set post corner Secs. 1. 2. 11 & 12
Burr Oak 4 N. 74 E 2.24
W. Oak 7 N. 23 W. 2.00
Land rather uneven 2d rate -
Timber Oak
Corner Trees
1 Burr Oak 7
2 W. Oak 9
11 Aspin 9
12 Burr Oak 10",survey_notes,human
survey_011_p0009,survey_011,"T 7 N. R 5 E
East On random between 1 & 12
40.00 Set Tem. ¼ Section post
80.00 East Bdy 2.04 lks. S. of post
Land & Same
West Corrected between 1 & 12
40. 00 Set ¼ Section post on true line
Y. Oak 10 N 1 W 23
Burr Oak 8 S 85 W 73
80.00 Section Corner
T 7 N. R 5 E.
North Between Secs. 1 & 2
40.00 Set H. m. post
Burr Oak 6 S 50 E 6.68
no Other near
67.00 Stream 15 lks. cs. N. E
82.25 North Bdy at post _
Land generally level & 1st rate
mostly Bottom land bordering
on Stream - very little Timber
of Oak.",survey_notes,silver_claude
survey_011_p0010,survey_011,"T 7 N. R 5 E
North Between Secs. 34 & 35
12.00 Stream 4 lks. crs N-E
40.00 Set H. m. post
W. Oak 10 N 87 E 24 *
Do 16 S 76 W 72
80.00 Set post corner Secs. 26. 27.
34 & 35 W. Oak 10 S 7 E 57
Do 12 N 51 W 61
Land Brown & 2 rate
Timber Oak
Corner Trees
26 W. Oak 12
27 Do 18
34 Do 20
35 Do 12
T 7 N. R 5 E
East On random between 26 & 35
32.50 Brook 5 lks. crs. N. E
40.00 Set Tem. ¼ Section post
80.25 East Bdy 6 lks. S. of post -
Land &c Same
West Corrected between 26 & 35
40.12 Set ¼ Section post on true line
W. Oak 8 S 60½ E 64
Do 7 N 57½ W 44
80.25 Section Corner",survey_notes,silver_claude
survey_011_p0011,survey_011,"T 7 N. R 5 E
North Between Sec. 26 & 27
40.00 Set H. m. post
W. Oak 10 N 67 E 2.46
B. Oak 6 N 47 W 84
54.72 W. Oak 14
80.00 Set post corner Sec. 22. 23. 26 & 27
W. Oak 14 S 2 E 1.25
Do 14 N 50 W ""
Land & Same
Cor. Trees
26 "" W. Oak 14
27. "" Do. 12
23. "" Do. 10
22 "" Do. 12
T 7 N. R 5. E,
East On random between 23 & 26
40.00 Tem. ¼ Section post
80.40 East Bdy 8 lks. N. of post
Land & Same
West Corrected between 23 & 26
40.20 Set ¼ Section post on true line
W. Oak 12 S 70 W 65
Do 18 S 86 E 77
80.40 Section Corner",survey_notes,silver_claude
survey_011_p0012,survey_011,"T 7 N R 5 E.
North Between Secs. 22 & 23
31.10 W. Oak 14
40.00 Set H. m. post
W. Oak 12 S 70 W 19
Do 16 S 47 E 23
66.00 brook 3 lks. crs N. E
80.00 Set post corner Secs. 14. 15. 22 & 23
W. Oak 12 N 81 W 4.15
B. Oak 10 East 7.70
Land &c Same
Corner Trees 14 W. Oak 14
15 Do. 12
22 Do. 8
23 B. Oak 12
T 7 N. R 5 E.
East On random between 14 & 23
2.00 brook 3 lks. crs North
40.00 Set Tem. ¼ Section post
80.48 East Bdy 31 lks. N. of post
Land &c Same
West Corrected between 14 & 23
40.24 Set ¼ Section post on true line
B. Oak 18 N 68 W 41
W. Oak 8 S ½ W 32
80.48 Section Corner -",survey_notes,silver_claude
survey_011_p0013,survey_011,"T 7 N. R 5 E.
North Between Secs. 14 & 15
12.00 Brook 4 lks cs. N. W
34.50 Stream 6 lks. cs. N E
40.00 Set H. m. post
Burr Oak 6 East 1.14
Y. Oak 10 N 1 W 2.18
53. 89 W. Oak 10
80.00 Set post corner Secs. 10. 11. 14
& 15 Burr 6 S 52 W 4.25
W. Oak 12 S ½ W 6.77
Land rather uneven - Soil good
Timber Oak.
Corner Trees
10 Burr Oak 6
11 Do. 7
14 W. Oak 10
15 Burr Oak 9
T 7 N. R 5 E.
East On random between 11 & 14
29.00 Stream 5 lks cs N. E
40.00 Set Tem. ¼ Section post -
40.50 Stream 12 lks. cs. North
79.53 East Bdy 32 N. of post
Land rolling & 1st rate -
Thinly Timbered with Oak
West Corrected Between 11 & 14
39.76 Set ¼ Section post on
true line
Burr Oak 7 S 30 W 6.41
no other near
79.53 Section Corner",survey_notes,silver_claude
survey_011_p0014,survey_011,"T 7 N. R 5 E.
North Between Secs. 10 & 11
40.00 Set H. m. post
W. Oak 14 N 15 E 42
W. Oak 12 S 25 W 77
55.57 Burr Oak 11
80.00 Set post corner Secs. 2. 3. 10 & 11
W. Oak 10 N 29 E 34
B. Oak 12 S 15 W 61
Corner Trees
Land &c Same
2 W. Oak 10
3 Do 11
10 Do 10
11 B. Oak 12
T 7 N. R 5 E.
East On random between 2 & 11
40.00 Tem. ¼ Section post -
74.50 Stream 15 lks crs. North
79.67 East Bdy 3 lks. South of post
Land &c Same
West Corrected between 2 & 11
39.83 Set ¼ Section post on true line
W. Oak 14 S 6½ W 6.84
no Other near
79.67 Section Corner -",survey_notes,silver_claude
survey_011_p0015,survey_011,"T 7 N. R 5 E
North Between Secs. 2 & 3
19.73 Y. Oak 14
40.00 Set H. m. post
Burr Oak 10 S 57 W 49
Y. Oak 20 N 12 E 65
65.13 W. Oak 10
81.27 North Bdy 49 lks East
of post-
Set post corner Secs.
2 & 3 Burr Oak 10 S 6 E 58
Do do 6 S 79 W 43
Land & Same
Cor. Trees
2 Burr Oak 10
3 Do do 8
T 7 N. R 5 E
North Between Secs. 33 & 34
25.60 W. Oak 10
40.00 Set H. m. post-
W. Oak 12 S 36 W 58
Do 12 N 40 W 1.03
52.50 brook 3 lks. crs. West
80.00 Set post corner to Secs.
27. 28. 33 & 34
W. Oak 20 S 20 W 61
Do 20 N 67 W 62
Land uneven & 1st rate
Timber Oak
Corner Trees
27 W. Oak 20
28 Do do 20.
33 Do do 24
34 Do 16",survey_notes,silver_claude
survey_011_p0016,survey_011,"T 7 N. R 5 E.
East On random between 27 & 34
40.00 Tem. ¼ Section post
80.25 East Bdy 8 lks. South of p.
Land & Same
West Corrected between 27 & 34
40.12 Set ¼ Section post on true line
W. Oak 12 S 66 W 72
Do 20 N 35 E 80
80.25 Section Corner
T 7 N. R 5 E.
North Between Sec. 27 & 28
24.83 W. Oak 18
40.00 Set H. m. post
W. Oak 18 S 34½ W 69
Do. 15 N 21 E 63
61.89 W. Oak 10
80.00 Set post corner Secs.
21.22.27 & 28
W. Oak 15 N 79 E 22
Do 10 S 40 W 50
Land &c Same
corner Trees
21 W. Oak 10
22 Dodo 15
27 Dodo 15
28 Dodo 18",survey_notes,silver_claude
survey_011_p0017,survey_011,"T 7 N. R 5 E.
East On random between 22 & 27
40.00 Set Tm. ¼ Section post
59.00 brook 3 lks. cos. N E.
80.45 East Bdy 6 North of p-
Land &c same
West Corrected between 22 & 27
40.22 Set ¼ Section post on true line
Burr Oak 6 S 89 W 126
Do. 8 N 68 W 1.11
80.45 Section Corner
T 7 N. R 5 E.
North Between Secs. 21 & 22
40.00 Set H. m. post
W. Oak 15 N 62 E 48
B. Oak 6 N 39 W 38
56.80 B. Oak 15
80.00 Set post corner Secs.
15. 16. 21 & 22
Burr Oak 12 S 78 E. 9
Do. 10 N 43 W 79
Land &c same
corner trees
15 W. Oak 10
16 Burr Oak 10
21 W. Oak 12
22 Burr Oak 12",survey_notes,silver_claude
survey_011_p0018,survey_011,"T 7 N. R 5 E
East On random between 15 & 22
40.00 Set Tem. ¼ Section post
47.00 Stream 7 lks. cos. N-E
80.28 East Bdy at post -
Land uneven & 2d rate -
Timber Oak -
West Corrected between 15 & 22
40.14 Set ¼ Section post on true line
Y. Oak 16 N 68 W 96
Do. 10 S 81 W 91
80.28 Section Corner
T 7 N. R 5 E.
North Between Secs. 15 & 16
40.00 Set H. m. post -
Y. Oak 6 S 87 E 21
Do 6 S 77 W 23
80.00 Set post corner Secs. 9, 10
15 & 16 -
Y. Oak 18 N 58 E 90
Do 10 N 10 W 1.41
Land uneven & 1st rate
Timber Oak
corner trees
9 Y. Oak 12
10 W. Oak 14
15 Y. Oak 14
16 W. Oak 14",survey_notes,silver_claude
survey_011_p0019,survey_011,"T 7 N. R 5 E
East On random between 10 & 15
79.87 East Bdy 23 lks. S. of P.
Land rolling 1st rate
Timber Oak
West Corrected between 10 & 15
39.93 Set ¼ Section post on true line
Y. Oak 12 S 40 E 36
W. Oak 7 N 58 W 20
79.87 Section Corner
T 7 N. R 5 E
North Between Sec. 9 & 10
28.19 Y. Oak 20
40.00 Set H. m. post -
Y. Oak 8 North. 28
Do 6 S. 11 E. 14
60.79 W. Oak 20
80.00 Set post corner Sec.
3. 4. 9 & 10 -
W. Oak 6 S 33 E 34
Do 6 N 39 W 54
Land &c Same
Corner Trees
3 Y. Oak 16
4 Do 6
9 W. Oak 14
10 Do 8",survey_notes,silver_claude
survey_011_p0020,survey_011,"T 7 N. R 5 E.
East On random between 3 & 10
80.07 East Bd.y 27 lks. S. of p-
Land very broken & 2d rate -
Timber Oak -
West Corrected between 3 & 10
40.03 Set ¼ Section p. on true line
Y. Oak 7 N. 36 E. 54
W. Oak 7 S 15 E. 34
80.07 Section Corner
T 7 N. R 5 E
North Between Sec. 3 & 4
25.93 W. Oak 8
40.00 Set H. m. post
Y. Oak 12 S 24 E 32
Do 20 N 6 W 1.01
60.27 W. Oak 10
81.60 N. Bdy 1.20 lks East
of post -
Set post corner
Sec. 3 & 4
W. Oak 20 S 11 W 1.20
Do do 18 S 13 E 86
Land &c Same
Cor. Trees
3 W. Oak 20
4 Do do 18",survey_notes,silver_claude
survey_011_p0021,survey_011,"T 7 N R 5 E
North Between Secs 32 & 33
27.30 Brook 8 lks. crs West
40.00 Set H. m. p -
Burr Oak 7 N 75 W 28
Do 6 S 52 E 98
57.39 Hickory 7
75.20 Stream 3 lks. crs West
80.00 Set post corner Secs. 27 28
29. 32 & 33
Y. Oak 5 S 40 W 25
Do 6 N 28 W 41
Land uneven & 2d rate
Timber Oak
28 Y. Oak 8
29 W. Oak 10
32 Y. Oak 5
33 Do 7
T 7 N. R 5 E
East On random between 28 & 33
40.00 Set Tem. ¼ Section post
80.35 East Bdy 30 lks South
of post
Land & Same
West Corrected between 28 & 33
40.17 Set ¼ Section post on
true line
W. Oak 10 S 50 W 66
Do do 7 S 62 E 35
80. 35 Section Corner",survey_notes,silver_claude
survey_011_p0022,survey_011,"T 7 N. R 5 E
North Between Sec. 28 & 29
11.00 Run 2 lks. cor. West
24.27 B. Oak 10
40.00 Set H. m. post
Burr Oak 5 S 20 W 30
Do do 4 North 16
80.00 Set post corner Secs. 20. 21.
28 & 29
W. Oak 18 S 87 W 44
Do 12 S 86 E 118
Land &c Same
corner Trees
20 W. Oak 14
21 Do do 9
28 Do 12
29 Do 15
T 7 N. R 5 E
East On random between 21 & 28
11.00 Run 2 lks. cor. N. W.
40.00 Tem. ¼ Section post
80.42 East Bdy 40 lks South of p.
Land & Same.
West Corrected between 21 & 28
40.21 Set ¼ Section post on true line
W. Oak 4 S 29 W 77
Do do 4 N 41 E 4
80.42 Section Corner",survey_notes,silver_claude
survey_011_p0023,survey_011,"T 7 N. R 5 E
North Between Secs. 20 & 21.
29.00 brook under ground
40.00 Set H. m. post
Burr Oak 7 S 1 W 37
Do. 9 N 63 W 32
80.00 Set post corner Secs. 16. 17
20 & 21 -
Burr Oak 14 S 9 E 56
W. Oak 26 N 39½ E 1.38
Land rolling & 1st rate -
Timbered thinly with oak -
corner trees
16 W. Oak 26
17 Burr Oak 8
20 W. Oak 22
21 Burr Oak 14
T 7 N. R 5 E.
East On random between 16 & 21
40.00 Tm. ¼ section post -
80.26 East Bdy 30 North of post.
Land & same -
West Corrected between 16 & 21
40.13 Set ¼ Section post on true line
W. Oak 18 S 23 W 1.43
B. Oak 8 N 57 E 1.97
80.26 Section Corner",survey_notes,silver_claude
survey_011_p0024,survey_011,"T 7 N R 5 E
North Between Secs. 16 & 17
40.00 Set H. m. post -
Burr Oak 7 N 81 W 96
W. Oak 20 S 81 E 95
80.00 Set post corner Secs. 8. 9.
16 & 17 -
Burr Oak 7 S 43 E 53
Do. 7 S 81 W 9
Land &c Same
corner trees
8 Burr Oak 7
9 Do. 9
16 Do. 8
17 Do. 6
T. 7 N. R 5 E.
East On random between 9 & 16
40.00 Set Tem. ¼ Section post
80.34 East Bdy 18 lks. N. of p -
Land rather uneven & 1st
rate - Timber Oak
West Corrected between 9 & 16
40.17 Set ¼ Section post on true line
W. Oak 16 S 12 E 46
Burr Oak 6 N 28 E 67
80.34 Section Corner",survey_notes,silver_claude
survey_011_p0025,survey_011,"T 7 N. R 5 E
North Between Sec. 8 & 9
40.00 Set H. m. post
W. Oak 6 S 23 W 10
Do 6 N 31 W 58
58.43 Y. Oak 14
80.00 Set post corner Sections
4. 5. 8 & 9.
Y. Oak 12 S 68 E 105
W. Oak 12 S 62 W 25
Land uneven Soil good
Timber Oak.
Corner trees
4 W. Oak 10
5 Do 16
8 Do 14
9 Do 18
East On random between 4 & 9
40.00 Set Tem. ¼ Section post -
80.48 East Bdy. 21 lks. N of post -
Land &c Same
West Corrected between 4 & 9
40.24 Set ¼ Section post on true line -
Y. Oak 6 N 2 E 39
Do 4 S 43 W 22
80.48 Section Corner",survey_notes,silver_claude
survey_011_p0026,survey_011,"T 7 N. R 5 E
North Between Sec. 4 & 5
28.67 W. Oak 10
38.50 brook 4 lks crs. N W.
40.00 Set H. m. post -
Burr Oak 6 S 3 W 2.47
Y. Oak 4 N 2 E 7.10
81.31 North Bdy 1.25 East of post
Set post corner Sec. 4 & 5
W. Oak 14 S 74 E 91
Do. . 11 S 15½ W 1.16
Land &c Same
Cor trees
4 W. Oak 14
5 Do. . 11
T 7 N. R 5 E
North Between Sec. 31 & 32
16.00 Stream 6 lks. crs. N W
40.00 Set H. m. post
W. Oak 26 S 88½ E 95
Do. . 9 N 51 W 1.34
67.05 W. Oak 8
78.00 Stream 5 lks. crs. West
80.00 Set post corner Sec. 29. 30.
31 & 32 Burr Oak 5 S 46 E 2.23
Do. . 6 S 21 W 1.83
Land uneven & 2d rate - .
Thinly Timbered with Oak
no undergrowth
29 Burr Oak 6
30 Do 6
31 Do 6
32 Do 7",survey_notes,silver_claude
survey_011_p0027,survey_011,"East On random between 29 & 32
5.00 Stream 5 lks. crs. S - N
42.00 "" Same N W
55.00 "" Same S W
62 00 "" Same N W
80.14 E. Bdy 40 lks. S. of post
Land &
West Corrected between 29 & 32
40.07 Set ¼ Section post on true line
Burr Oak 7 S 80 E 2,01
W. Oak 14 S 56½ W 191
80.14 Section Corner
North Between Secs. 29 & 30
40.00 Set H. m. post
W. Oak 28 S 67 E 17
Y. Oak 16 N 10 W 53
80.00 Set post corner Secs.
19. 20. 29 & 30
Burr Oak 4 N 59 W 131
Do 4 S 54 E 76
Land &c Same
19 Burr Oak 7
20 Do 14
29 Do 16
30 Do 8",survey_notes,silver_claude
survey_011_p0028,survey_011,"T 7 N R 5 E
East On random between 20 & 29
80.25 East Bdy 15 lks. N of p.
Land &c Same
West Corrected between 20 & 29
40.12 Set ¼ Section post on true line
W. Oak 10 N 40 E 17
do 9 S 1 W 69
80.25 Section Corner
T 7 N R 5 E
North Between Secs 19 & 20
16.00 Stream 4 lks crs. West
40.00 Set H. m. post
Y. Oak 6 S 39 E 47
Do 18 N 59 W 23
56.83 W. Oak 11
80.00 Set post corner Secs.
17. 18. 19 & 20
W. Oak 18 S 78 E 10
Do 12 N 26 W 40
Land &c Same
17 W. Oak 12
18 Do 14
19 do 9
20 Do 16",survey_notes,silver_claude
survey_011_p0029,survey_011,"T 7 N R 5 E
East On random between 17 & 20
40.00 Set Tem. ¼ Section Post
79.95 East Bdry 45 lks. S. of P.
Land rolling & 1st rate
Timber W. Oak & Burr Oak
West Corrected between 17 & 20
39.97 Set ¼ Section p. on true line
W Oak 12 N 80 W 24
Do. 12 S 20 E 21
79.95 Section Corner
T 7 N. R 5 E.
North Between Sec. 17 & 18.
13.50 W. Oak 12
40.00 Set H. m. post
W. Oak 25 S 2 E 65
Do 12 N 26 E 30
61.05 Bj. Oak 9
80.00 Set post corner Sec. 7. 8.
17 & 18.
Bj. Oak 18 S 65½ W 2.47
Do. 16 N 21 E 88
Land rolling & 1st rate
Timber Oak.
Some Stony
Corner trees
7 Burr Oak 8
8 Bl Oak 18
17 Do 9
18 Do 16",survey_notes,silver_claude
survey_011_p0030,survey_011,"T 7 N. R 5 E.
East On random between 8 & 17
40.00 Tem post -
80.32 East Bdy 7 lks S. of post
Land rather uneven & 2d
rate - Thinly Timbered with
Oak -
West Corrected between 8 & 17
40.16 Set ¼ Section post on true line
Hickory 8 N 76 E 29
W. Oak 10 S 47 W 20
80.32 Section Corner
T 7 N. R 5 E
North Between Sec. 7 & 8
40.00 Set H. m. post
Bj. Oak 5 S 15 W 83
Do 14 N 1 E 89
69 53 W. Oak 8
80.00 Set post corner Sec. 5. 6. 7 & 8
Bj. Oak 10 S 61 E 33
Do. 10 N 9½ W 39
Land & Same
5 W. Oak 12
6 Do. 7
7 Do. 12
8 Bj. Oak 12",survey_notes,silver_claude
survey_011_p0031,survey_011,"East On random between 5 & 8
34.00 Stream 4 lks crs. N. W.
40.00 Set Tem ¼ Section post
80.06 East Bdy 8. lks N. of Post
Land & Same
West Corrected between 5 & 8
40.03 Set ¼ Section post on true line
Burr Oak 4 N 21½ E 4.38
Do. 3 S 74 W 10.21
80.06 Section Corner
North Between Secs. 5 & 6
40.00 Set H. m. post
Burr Oak 6 N 66½ E 1.06
W. Oak 5 N. 70 W 1.03
64.00 Stream 5 lks. crs. N. W
81.27 North Bdy 98 East of post
Set post corner Secs. 5 & 6
Burr Oak 8 S 38½ E 1.55
No Other
Land very uneven & 2d
rate Thinly Timbered
with Oak
corner trees
5 Burr Oak 8
6 No Other",survey_notes,silver_claude
survey_011_p0032,survey_011,"T 7 N. R 5 E
West Between Sec. 30 & 31
17.00 Stream 6 lks. N W
34.00 Stream 5 lks. North
40.00 Set H. m. post
W. Oak 9 S 38 E 38
W. Oak 20 N 10 W 74
77.46 West Bdy at post
Land uneven & 2d rate _
Thinly Timbered with
Oak.
Cor trees
30 W. Oak 11
31 Do. 9
T 7 N. R 5 E.
West Between Sec. 19 & 30
40.00 Set H. m. post
Burr Oak 7 S 47 E 6.23
Do 4 N 31½ E 1.96
55.00 Stream 12 lks. crs. N. W
78.38 West Bdy 28 lks. S. of post
Land &c Same
Set post corner Sec. 19 & 30
W. Oak 10 N 33 E 30
Do 10 S 24 E 110
Cor trees
19 W. Oak 10
30 Do.",survey_notes,silver_claude
survey_011_p0033,survey_011,"T 7 N. R 5 E
West Between Sec. 18 & 19
12.08 W. Oak 10
40.00 Set H. m. post -
W. Oak 7 S 89½ E 25
Do 20 S 49 W 22
65.10 Burr Oak 8
78.19 West Bdy 19 lks. S. of post -
Set post corner Secs. 18 & 19
W. Oak 10 S 57 E 44
Do 12 N 65 E 113
Land &c Same
Cor. trees
18 W. Oak 12
19 Do. 10
T 7 N. R 5 E
West Between Sec. 7 & 18
13.55 Burr Oak 7
40.00 Set H. m. post
W. Oak 14 S 28 E 48
Do. 15 N 43½ W 26
54.56 Bj. Oak 26
79.16 West Bdy 64 S. of post
Set post corner Secs. 7 & 18
W. Oak 14 S 11 E 10
Do. "" 12 N 15 E 36
Land &c Same
Cor trees
7 W. Oak 12
18 Do. 14",survey_notes,silver_claude
survey_011_p0034,survey_011,"T 7 N. R 5 E.
West Between Secs. 6 & 7
26.91 W. Oak 14
40.00 Set H. m. post
W. Oak 10 S 15 E 66
By. Oak 13 N 37 W 49
58.83 By. Oak 8
78.58 West Bdy. 32 lk. S. of post
Set post corner Secs. 6 & 7
Burr Oak 9 N 41 E 1.17
Do. 4 S 68 E. 48
Land rolling & 1st rate
thinly Timbered with W.
By & Burr Oak.
6 Burr Oak 6
7 Do. 4",survey_notes,silver_claude
survey_011_p0036,survey_011,"Pursuant to contract with and
instructions from Micajah T. Williams
Surveyor General of the U.S. bearing date
Feb. 1832. I have surveyed and
subdivided into Sections, and made the
requisite marks required by law, Town-
ship 7 North of Range 5 East north-
west Territory, and I do hereby certify
that the following is a true copy of the
original, and are correct field notes
as taken at the time of said survey.
Certified Jan. 8th 1833
in T. 7 N. of R 1 E. (N. W T.)
Sylvester Sibley D.S.
James Videto
A. L. Cotton
Chainmen
William his X mark Speed
Axeman",survey_notes,silver_claude
survey_011_p0037,survey_011,"T 7 N. R 5 E.
North Between Secs. 35 & 36
40.00 Set H. m. post -
W. Oak 20 S 27 W 17
W. Oak 20 N 32 E 84
80.00 Set post corner Secs. 25. 26. 35 & 36
B. Oak 24 S 8 E 40
W. Oak 20 N 39 W 92
Land uneven & 2d rate - Timber
Oak -
Corner Trees
25 W. Oak 14
26 Do 24
35 Do 26
36 B. Oak 30
Note - The bearing trees that are
marked with a cross in the
above and following notes are
those that in the field are
marked ""¼ S.""",survey_notes,silver_claude
survey_011_p0038,survey_011,"T 7 N. R 5 E.
East On random between 25 & 36
40.00 Set Tem. ¼ Section post
47.00 brook 4 lks. crs. North
80.00 East Bdy 1.02 lks. N. of post
Land &c Same
West Corrected between 25 & 36
40.00 Set ¼ Section post on true line
W. Oak 18 N. 60 E 1.43
Do. 15 S. 42 E. 77
80. 00 Section Corner
T 7 N. R 5 E.
North Between Secs. 25 & 26
40.00 Set H. m. post
W. Oak 14 S 53 W 78
Y. Oak 15 N 22 E 1.27
66.50 brook 4 lks. crs. N. E.
80.00 Set post corner Secs. 23. 24.
25 & 26
Burr Oak 9 S 84 E. 27
Do. 9 S 89 W. 50
Land &c Same
Corner trees
23 Burr Oak 7
24 Do. 6
25 Do. 6
26 Do. 8",survey_notes,silver_claude
survey_011_p0039,survey_011,"T 7 N. R 5 E.
East On random between 24 & 25
13.00 brook 4 lks. cor. North
79.12 East Bdry 1.42 lks. S. of post.
Land & Same
West Corrected between 24 & 25
39.56 Set ¼ Section post on true line
Bj. Oak 15 N 74 E 114
W. Oak 6 S 26 W 1.36
79.12 Section Corner
T 7 N. R 5 E.
North Between Sec. 23 & 24
16.74 W. Oak 12
40.00 Set H. m. post
W. Oak 14 N 15 E 41
Do 14 S 2 E 47
80.00 Set post corner Sec. 13. 14. 23 & 24
W. Oak 10 N 19 E 31
Do. 9 S 58 E 34
Land &c Same
Corner trees
13 W. Oak 8
14 Do. 8
23 Do. 6
24 Do. 7",survey_notes,silver_claude
survey_011_p0040,survey_011,"T 7 N. R 5 E.
East On random between 13 & 24
15.00 brook 6 lks. crs. North
40.00 Tem. ¼ Section post -
79.06 East Bdy 1.74 lks. S. of post.
Land & Same
West Corrected between 13 & 24
39.53 Set ¼ Section post on true line
Bj. Oak 12 S 88 E 18
Do 10 S 46 W 68
79.06 Section Corner
T 7 N. R 5 E.
North Between Sections 13 & 14
26.00 Spring crs. East -
31.00 Stream 10 lks. crs. N W.
40.00 Set H. m. post -
Burr Oak 6 N ½ W 11.66
no Other near
80.00 Set post corner Sec. 11. 12. 13 & 14
W. Oak 12 N. 58 W. 35
Do 26 N. 28 E. 38
Land rather uneven & 2d rate -
Thinly Timbered with Oaks -
Corner trees
11 W. Oak 12
12 Do 25
13 Do 11
14 Do 8",survey_notes,silver_claude
survey_011_p0041,survey_011,"T 7 N. R 5 E.
East On random between 12 & 13
40.00 Set Tem. ¼ Section post
79.08 East Bdy 1.90 lks. S. of post
Land rolling & 1st rate
Timber Oak
West Corrected between 12 & 13
39.54 Set ¼ Section post on true line
Burr Oak 4 N. 41 E. 10
Do. 6 S. 31 W. 43
79.08 Section Corner
T 7 N R 5 E.
North Between Secs. 11 & 12
16.97 Y. Oak 10
40.00 Set H. m. post
Burr Oak 6 S. 2 E. 1.21
Do. 8 N½ W. 5.50
80.00 Set post corner Secs. 1. 2. 11. & 12
Burr Oak 4 N 74 E. 2.24
W. Oak 7 N. 23 W. 2.00
Land rather uneven & 2d rate
Timber Oak
corner trees
1 Burr Oak 7
2 W. Oak 9
11 Aspin 9
12 Burr Oak 10",survey_notes,silver_claude
survey_011_p0042,survey_011,"T 7 N R 5 E
East On random between 1 & 12
40.00 Set Tem ¼ Section post.
80.00 East Bdy 2.04 Chs. S. of post.
Land &c Same
West Corrected between 1 & 12
40.00 Set ¼ Section post on true line
Y. Oak 10 N 1 W 23
Burr Oak 8 S 85 W 73
80.00 Section Corner
T 7 N. R 5 E.
North Between Sections 1 & 2
40.00 Set H. m. post _
Burr Oak 6 S 50 E 6.68
no Other near
67.00 Stream 15 lks. crs. N. E.
82.25 North Bdy at post _
Land generally level & 1st
rate mostly Bottom land bordering on Stream
Timbered very thinly with Oak _",survey_notes,silver_claude
survey_011_p0043,survey_011,"T 7 N. R 5 E.
North Between Secs. 34 & 35
12.00 Stream 4 lks. crs. N. E.
40.00 Set H. m. post -
W. Oak 10 N 87 E 24
Do. 16 S 76 W 72
80.00 Set post corner Secs. 26. 27.
34 & 35 -
W. Oak 10 S 7 E 57
Do. 12 N 51 W 1.61
Land uneven & 2d rate -
Timber Oak -
Corner trees
26 W. Oak 12
27 Do. 18
34 Do. 20
35 Do. 12
T 7 N. R 5 E.
East On random between 26 & 35
32.50 brook 5 lks. crs. N. E.
40.00 Tem. ¼ Section post -
80.25 East Bdy. 6 lks. S. of post -
Land &c Same
West Corrected between 26 & 35
40.12 Set ¼ Section post on true line
W. Oak 8 S 60½ E. 64
Do. 7 N 57½ W. 44
80.25 Section Corner",survey_notes,silver_claude
survey_011_p0044,survey_011,"T 7 N. R 5 E.
North Between Secs. 26 & 27
40.00 Set H. m. post
W. Oak 10 N 67 E 2.46
B. Oak 6 N 47 W .84
54.72 W. Oak 14
80.00 Set post corner Secs. 22. 23.
26 & 27.
W. Oak 14 S 2 E 1.25
Do. 14 N 50 W ""
Land & Same
Corner Trees
22 W. Oak 12
23 Do. 10
26 Do. 14
27 Do. 12
T 7 N. R 5 E.
East On random between 23 & 26
40.00 Set Tem. ¼ Section post
80.40 East Bdy. 8 lks. N. of post
Land & Same
West Corrected between 23 & 26
40.20 Set ¼ Section post on true line
W. Oak 12 S 70 W. 65
Do. 18 S 86 E. 77
80.40 Section Corner",survey_notes,silver_claude
survey_011_p0045,survey_011,"T 7 N. R 5 E.
North Between Secs. 22 & 23
31.10 W. Oak 14
40.00 Set H. m. post
W. Oak 12 S. 70 W. 19
Do. 16 S. 47 E. 23
66.00 brook 3 lks. crs. N. E.
80.00 Set post corner Secs. 14. 15.
22 & 23
W. Oak 12 N 81 W 4.15
B. Oak 10 East 7.70
Land & Same
Corner Trees
14 W. Oak 14
15 Do. 12
22 Do. 8
23 B. Oak 12
T 7 N. R 5 E.
East On random between 14 & 23
2.00 brook 3 lks. crs. North
40.00 Set Tm. ¼ Section post
80.48 East Bdy. 31 lks. N. of post
Land & Same
West Corrected between 14 & 23
40.24 Set ¼ Section post on true line
B. Oak 18 N 68 W 41
W. Oak 8 S ½ W 32
80.48 Section Corner",survey_notes,silver_claude
survey_011_p0046,survey_011,"T 7 N R 5 E.
North Between Sec. 14 & 15
12.00 brook 4 lks. crs. N. W
34.50 Stream 6 lks. crs. N. E
40.00 Set H. m. post.
Y. Oak 10 N 1 W 2.18
Burr Oak 6 East 1.14
53.89 W. Oak 10
80.00 Set post corner Sec. 10, 11, 14 & 15.
Burr Oak 6 S 52 W 4.25
W. Oak 12 S ½ W 6.77
Land rather uneven. Soil good.
Timber Oak.
Corner trees
10 Burr Oak 6
11 Do. 7
14 W. Oak 10
15 Burr oak 9
T 7 N R 5 E.
East On random between 11 & 14
29.00 Stream 5 lks. crs. N. E.
40.00 Set Tem. ¼ Section post.
40.50 Stream 12 lks. crs. North
79.53 East Bdy 32 lks. N. of post.
Land rolling & 1st rate.
Thinly Timbered with Oak.
West Corrected between 11 & 14
39.76 Set ¼ Section post on true line
Burr Oak 7 S 30 W 6.41
no other near
79.53 Section Corner",survey_notes,silver_claude
survey_011_p0047,survey_011,"T 7 N. R 5 E.
North Between Sections 10 & 11
40.00 Set H. m. post -
W. Oak 14 N 15 E 42
W. Oak 12 S 25 W 77
55.57 Burr Oak 11
80.00 Set post corner Secs. 2. 3. 10 & 11
W. Oak 10 N. 29 E. 34
B. Oak 12 S. 15 W. 61
Land &c Same.
Corner Trees
2 W. Oak 10
3 Do 11
10 Do 10
11 B. Oak 12
T 7 N. R 5 E.
East On random between 2 & 11
40.00 Set Tem. ¼ Section post -
74.50 Stream 15 lks. crs. North -
79.67 East Bdy 3 lks. S. of post
Land & Same
West Corrected between 2 & 11
39.83 Set ¼ Section post on true line
W. Oak 14 S 6½ W 6.84
no Other near
79.67 Section Corner",survey_notes,silver_claude
survey_011_p0048,survey_011,"T 7 N. R 5 E.
North Between Secs. 2 & 3
19.73 Y. Oak 14
40.00 Set H. m. post
Burr Oak 10 S 57 W 49
Y. Oak 20 N 12 E 65
65.13 W. Oak 10
81.27 North Bdy 49 lks East of p.
Set post corner Sections 2 & 3
Burr Oak 10 S. 6 E. 58
Do. 6 S. 79 W. 43
Land &c Same
Cor. trees
2 Burr Oak 10
3 Do. 8
T 7 N. R 5 E.
North Between Secs. 33 & 34
25.60 W. Oak 10
40.00 Set H. m. post
W. Oak 12 S 36 W. 58
Do. 12 N. 40 W 1.03
52.50 brook 3 lks. crs. West
80.00 Set post corner Secs. 27. 28.
33 & 34
W. Oak 20 S 20 W 61
Do. 20 N 67 W 62
Land uneven & 1st rate
Timber Oak
Corner trees
27 W. Oak 20
28 Do. 20
33 Do. 24
34 Do. 16",survey_notes,silver_claude
survey_011_p0049,survey_011,"T 7 N R 5 E.
East On random between 27 & 34
40.00 Set Tem. ¼ Section post
80.25 East Bdry 8 lks. S. of post
Land & Same
West Corrected between 27 & 34
40.12 Set ¼ Section post on true line
W. Oak 12 S. 66 W. 72
Do. 20 N. 35 E. 80
80.25 Section Corner
T 7 N. R 5 E
North Between Secs. 27 & 28
24.83 W. Oak 18
40.00 Set H. m. post
W. Oak 18 S 34½ W 69
Do. 15 N 21 E 63
61.89 W. Oak 10
80.00 Set post corner Secs. 21. 22.
27 & 28
W. Oak 15 N 79 E 22
Do. 10 S 40 W 50
Land & Same
Corner trees
21 W. Oak 10
22 Do. 15
27 Do. 15
28 Do. 18",survey_notes,silver_claude
survey_011_p0050,survey_011,"T 7 N. R 5 E.
East on random between 22 & 27
40.00 Set Tem. ¼ Section post -
59.00 brook 3 lks. crs. N. E
80.45 East Bdy. 6 lks N. of post.
Land & Same -
West Corrected between 22 & 27
40.22 Set ¼ Section post on true line
Burr Oak 6 S 89 W 1.26
Do 8 N 68 W 1.11
80.45 Section Corner
T 7 N. R 5 E
North Between Sections 21 & 22
40.00 Set H. m. post -
W. Oak 15 N. 62 E. 48
Bj. Oak 6 N. 39 W. 38
56.80 Bj. Oak 15 -
80.00 Set post corner Sec. 15. 16.
21 & 22 -
Burr Oak 12 S. 78 E. 9
Do 10 N 43 W 79
Land & Same -
Corner trees
15 W. Oak 10
16 Burr Oak 10
21 W. Oak 12
22 Burr Oak 12",survey_notes,silver_claude
